$REPO_ROOT/.venv/lib/python3.11/site-packages/outdated/__init__.py:36: UserWarning: pkg_resources is deprecated as an API. See https://setuptools.pypa.io/en/latest/pkg_resources.html. The pkg_resources package is slated for removal as early as 2025-11-30. Refrain from using this package or pin to Setuptools<81.
  from pkg_resources import parse_version
2026-09-19 09:06:43,531 INFO:   Connectivity check: running command: ping -c 1 -W 3 10.125.8.2
2026-09-19 09:06:43,536 INFO:   Connectivity check succeeded.
2026-09-19 09:06:43,557 INFO:   Appliance client semantic version: 1.14.0, cluster server semantic version: 1.20.2, job operator semantic version: 1.20.2
2026-09-19 09:06:43,559 INFO:   Successfully initialized workflow with id: wflow-yf4cwblp7ughji4iaanwyk
2026-09-19 09:06:43,564 WARNING:   The trainer configuration for train_and_eval does not configure checkpointing. In the event of a failure, the run will be restarted from the beginning. If this is not intentional, please specifiy a checkpoint callback with a checkpointing frequency to enable auto-restarting from previously saved checkpoints.
2026-09-19 09:06:43,564 INFO:   Spawning child process for the fit run ...
2026-09-19 09:06:43,569 INFO:   Child process started with pid: 2959457
$REPO_ROOT/.venv/lib/python3.11/site-packages/outdated/__init__.py:36: UserWarning: pkg_resources is deprecated as an API. See https://setuptools.pypa.io/en/latest/pkg_resources.html. The pkg_resources package is slated for removal as early as 2025-11-30. Refrain from using this package or pin to Setuptools<81.
  from pkg_resources import parse_version
2026-09-19 09:06:49,451 INFO:   Current Working Directory: $REPO_ROOT/src/cerebras/modelzoo/models/gnn
2026-09-19 09:06:49,452 INFO:   Running command: $REPO_ROOT/src/cerebras/modelzoo/cli/main.py fit $REPO_ROOT/model_dirs/hpcasia_final/arxiv_20260919T033125.784128Z/seed_44/learning_r1/params.yaml --target_device CSX --model_dir $REPO_ROOT/model_dirs/hpcasia_final/arxiv_20260919T033125.784128Z/seed_44/learning_r1/model
2026-09-19 09:06:50,058 INFO:   No checkpoint was provided. Using randomly initialized model parameters.
2026-09-19 09:06:50,058 INFO:   Ordinal 0: Initializing GNNDataProcessor for dataset 'ogbn-arxiv' (split=train, mode=neighbor).
$REPO_ROOT/.venv/lib/python3.11/site-packages/ogb/nodeproppred/dataset_pyg.py:69: FutureWarning: You are using `torch.load` with `weights_only=False` (the current default value), which uses the default pickle module implicitly. It is possible to construct malicious pickle data which will execute arbitrary code during unpickling (See https://github.com/pytorch/pytorch/blob/main/SECURITY.md#untrusted-models for more details). In a future release, the default value for `weights_only` will be flipped to `True`. This limits the functions that could be executed during unpickling. Arbitrary objects will no longer be allowed to be loaded via this mode unless they are explicitly allowlisted by the user via `torch.serialization.add_safe_globals`. We recommend you start setting `weights_only=True` for any use case where you don't have full control of the loaded file. Please open an issue on GitHub for any issues related to this experimental feature.
  self.data, self.slices = torch.load(self.processed_paths[0])
GNN_INPUT_CONTRACT {"batch_index_origin": 0, "batch_size": 4096, "count_basis": "deterministic loader schedule; not device counters", "dataset_name": "ogbn-arxiv", "drop_last": false, "event": "gnn_input_contract", "num_streamers": 1, "ordered_targets_and_labels_sha256": "db871ae3ec2930f51c99ea6cf8bf12edf5b6ad7e98f4bf05aebba1fba6f332ad", "restartable": false, "sampler_seed": 44, "seed_nodes_by_batch": [4096, 4096, 4096, 4096, 4096, 4096, 4096, 4096, 4096, 4096, 4096, 4096, 4096, 4096, 4096, 4096, 4096, 4096, 4096, 4096, 4096, 4096, 829], "seed_nodes_per_epoch": 90941, "shuffle": true, "source_seed_nodes": 90941, "split": "train", "static_batch_cache_size": 0, "supervised_targets_by_batch": [4096, 4096, 4096, 4096, 4096, 4096, 4096, 4096, 4096, 4096, 4096, 4096, 4096, 4096, 4096, 4096, 4096, 4096, 4096, 4096, 4096, 4096, 829], "traversal": "continuous_sequential_batches", "traversal_scope": "single_data_executor", "version": 1}
2026-09-19 09:06:50,286 INFO:   Connectivity check: running command: ping -c 1 -W 3 10.125.8.2
2026-09-19 09:06:50,293 INFO:   Connectivity check succeeded.
2026-09-19 09:06:50,314 INFO:   Appliance client semantic version: 1.14.0, cluster server semantic version: 1.20.2, job operator semantic version: 1.20.2
2026-09-19 09:06:50,314 INFO:   ===========================================================================
2026-09-19 09:06:50,314 INFO:   Trainer Fit Summary
2026-09-19 09:06:50,314 INFO:   ---------------------------------------------------------------------------
2026-09-19 09:06:50,314 INFO:   Trainer will run 25 train loops, interleaving validation as follows:
2026-09-19 09:06:50,314 INFO:   * val_dataloader_2 after every train loop
2026-09-19 09:06:50,314 INFO:   
2026-09-19 09:06:50,315 INFO:   Train steps per train loop:
2026-09-19 09:06:50,315 INFO:   * 25 loops of 20 steps
2026-09-19 09:06:50,315 INFO:   for a total of 500 train steps.
2026-09-19 09:06:50,315 INFO:   
2026-09-19 09:06:50,315 INFO:   Progress will be logged every 10 steps.
2026-09-19 09:06:50,315 INFO:   ===========================================================================
2026-09-19 09:06:50,315 INFO:   ---------------------------------------------------------------------------
2026-09-19 09:06:50,315 INFO:   Starting train loop 1 of 25, from global step 1 to 20 (20 steps)
2026-09-19 09:06:50,315 INFO:   ---------------------------------------------------------------------------
2026-09-19 09:06:55,003 INFO:   Compiling the model. This may take a few minutes.
2026-09-19 09:06:55,004 INFO:   Connectivity check: running command: ping -c 1 -W 3 10.125.8.2
2026-09-19 09:06:55,009 INFO:   Connectivity check succeeded.
2026-09-19 09:06:55,026 INFO:   Appliance client semantic version: 1.14.0, cluster server semantic version: 1.20.2, job operator semantic version: 1.20.2
2026-09-19 09:06:56,221 INFO:   Initiating a new image build job against the cluster server.
2026-09-19 09:06:56,239 INFO:   Job id: imgjob-42280d4f85d91291dacb2ef766350f15, workflow id: wflow-yf4cwblp7ughji4iaanwyk, namespace: job-operator, remote log path: /n1/wsjob/workdir/job-operator/imgjob-42280d4f85d91291dacb2ef766350f15
2026-09-19 09:06:56,243 INFO:   Connectivity check: running command: ping -c 1 -W 3 10.125.8.2
2026-09-19 09:06:56,249 INFO:   Connectivity check succeeded.
2026-09-19 09:06:56,264 INFO:   Appliance client semantic version: 1.14.0, cluster server semantic version: 1.20.2, job operator semantic version: 1.20.2
2026-09-19 09:06:56,283 INFO:   Initiating a new compile wsjob against the cluster server.
2026-09-19 09:06:56,309 INFO:   Job id: wsjob-6afaxtq29s7lhl5fzhkclu, workflow id: wflow-yf4cwblp7ughji4iaanwyk, namespace: job-operator, remote log path: /n1/wsjob/workdir/job-operator/wsjob-6afaxtq29s7lhl5fzhkclu
2026-09-19 09:07:16,309 INFO:   Poll ingress status: Waiting for all Coordinator pods to be running, current running: 0/1.
2026-09-19 09:07:16,313 INFO:   Recording the timestamp when jobs is scheduled.
2026-09-19 09:07:16,339 WARNING:   Event 2026-09-19 09:06:57 +0000 UTC reason=InconsistentVersion wsjob=wsjob-6afaxtq29s7lhl5fzhkclu message='Warning: client semantic version 1.14.0 is inconsistent with cluster server semantic version 1.20.2, there's a risk job could fail due to inconsistent setup.'
2026-09-19 09:07:26,339 INFO:   Poll ingress status: Waiting for job ingress readiness.
2026-09-19 09:07:56,359 INFO:   Poll ingress status: Job ingress ready, dashboard: <internal-dashboard-url>
2026-09-19 09:07:56,379 INFO:   Poll ingress success: Job ingress ready, dashboard: <internal-dashboard-url>
2026-09-19 09:07:56,390 INFO:   Finalizing out-of-cluster job handle with ingress service url: 
2026-09-19 09:07:56,390 WARNING:   Empty ingress service url. Falling back to default server: 10.125.8.2:443
2026-09-19 09:07:56,967 INFO:   Pre-optimization transforms...
2026-09-19 09:07:57,129 INFO:   Optimizing layouts and memory usage...
2026-09-19 09:07:57,132 INFO:   Gradient accumulation enabled
2026-09-19 09:07:57,132 INFO:   Gradient accumulation trying micro batch size 16...
2026-09-19 09:07:57,438 INFO:   Exploring floorplans
2026-09-19 09:17:17,032 INFO:   Exploring data layouts
2026-09-19 09:17:35,342 INFO:   Optimizing memory usage
2026-09-19 09:17:37,077 INFO:   Gradient accumulation trying micro batch size 256...
2026-09-19 09:17:37,172 INFO:   Exploring floorplans
2026-09-19 09:19:25,149 INFO:   Exploring data layouts
2026-09-19 09:19:37,841 INFO:   Optimizing memory usage
2026-09-19 09:19:38,205 INFO:   Gradient accumulation trying micro batch size 64...
2026-09-19 09:19:38,337 INFO:   Exploring floorplans
2026-09-19 09:23:11,887 INFO:   Exploring data layouts
2026-09-19 09:23:22,864 INFO:   Optimizing memory usage
2026-09-19 09:23:23,456 INFO:   Gradient accumulation trying micro batch size 1024...
2026-09-19 09:23:23,537 INFO:   Exploring floorplans
2026-09-19 09:23:47,088 INFO:   Exploring data layouts
2026-09-19 09:23:59,134 INFO:   Optimizing memory usage
2026-09-19 09:23:59,903 INFO:   Gradient accumulation trying micro batch size 512...
2026-09-19 09:23:59,989 INFO:   Exploring floorplans
2026-09-19 09:24:51,985 INFO:   Exploring data layouts
2026-09-19 09:25:03,690 INFO:   Optimizing memory usage
2026-09-19 09:25:04,424 INFO:   Gradient accumulation trying micro batch size 2048...
2026-09-19 09:25:04,504 INFO:   Exploring floorplans
2026-09-19 09:25:15,861 INFO:   Exploring data layouts...
2026-09-19 09:25:15,901 INFO:   Gradient accumulation showed a benefit
2026-09-19 09:25:15,906 INFO:   Post-layout optimizations for <pbox=0, vbox=0, microbatch=1024, lanes=256>...
2026-09-19 09:25:15,907 INFO:   Post-layout optimizations for <pbox=0, vbox=0, microbatch=512, lanes=171>...
2026-09-19 09:25:15,907 INFO:   Post-layout optimizations for <pbox=0, vbox=0, microbatch=1024, lanes=342>...
2026-09-19 09:25:15,908 INFO:   Post-layout optimizations for <pbox=0, vbox=0, microbatch=512, lanes=128>...
2026-09-19 09:25:15,908 INFO:   Post-layout optimizations for <pbox=0, vbox=0, microbatch=256, lanes=64>...
2026-09-19 09:25:16,049 INFO:   Allocating buffers for <pbox=0, vbox=0, microbatch=1024, lanes=256>...
2026-09-19 09:25:16,050 INFO:   Allocating buffers for <pbox=0, vbox=0, microbatch=512, lanes=128>...
2026-09-19 09:25:16,051 INFO:   Allocating buffers for <pbox=0, vbox=0, microbatch=512, lanes=171>...
2026-09-19 09:25:16,052 INFO:   Allocating buffers for <pbox=0, vbox=0, microbatch=1024, lanes=342>...
2026-09-19 09:25:16,061 INFO:   Allocating buffers for <pbox=0, vbox=0, microbatch=256, lanes=64>...
2026-09-19 09:25:16,227 INFO:   Code generation for <pbox=0, vbox=0, microbatch=512, lanes=171>...
2026-09-19 09:25:16,228 INFO:   Code generation for <pbox=0, vbox=0, microbatch=1024, lanes=342>...
2026-09-19 09:25:16,229 INFO:   Code generation for <pbox=0, vbox=0, microbatch=512, lanes=128>...
2026-09-19 09:25:16,229 INFO:   Code generation for <pbox=0, vbox=0, microbatch=1024, lanes=256>...
2026-09-19 09:25:16,230 INFO:   Code generation for <pbox=0, vbox=0, microbatch=256, lanes=64>...
2026-09-19 09:25:17,781 INFO:   Gradient accumulation picked micro batch size 1024
2026-09-19 09:25:17,807 WARNING:   Non Plan-of-Record Secondary Rack setup - Insufficient Bandwidth Available
    Activation servers can only saturate 83 activation WIOs, but 103 are allocated)

2026-09-19 09:25:18,340 INFO:   Compile estimated performance: 14851 samples/sec (14851 samples/sec/system). Estimate may vary by 10-25% from actual runtime performance.
2026-09-19 09:25:20,426 INFO:   Compiling image...
2026-09-19 09:25:20,516 INFO:   Compiling kernels
2026-09-19 09:26:05,413 INFO:   Compiling final image
2026-09-19 09:26:50,394 INFO:   Using power profile none

2026-09-19 09:26:50,490 INFO:   Compile artifacts successfully written to remote compile directory. Compile hash is: cs_6179372504641102607
2026-09-19 09:26:56,452 ERROR:   Image build job imgjob-42280d4f85d91291dacb2ef766350f15 failed. Please check the error log in $REPO_ROOT/model_dirs/hpcasia_final/arxiv_20260919T033125.784128Z/seed_44/learning_r1/model/cerebras_logs/20260919_090649/executors/000001/custom_worker_build.out. 
2026-09-19 09:26:56,452 INFO:   Falling back to venv mounting.
2026-09-19 09:26:56,455 INFO:   Compile was successful!
2026-09-19 09:26:56,456 INFO:   Programming Cerebras Wafer Scale Cluster for execution. This may take a few minutes.
2026-09-19 09:26:58,465 INFO:   Connectivity check: running command: ping -c 1 -W 3 10.125.8.2
2026-09-19 09:26:58,472 INFO:   Connectivity check succeeded.
2026-09-19 09:26:58,488 INFO:   Appliance client semantic version: 1.14.0, cluster server semantic version: 1.20.2, job operator semantic version: 1.20.2
2026-09-19 09:26:58,491 INFO:   Initiating a new execute wsjob against the cluster server.
2026-09-19 09:26:58,530 INFO:   Job id: wsjob-tmr4kryry4nmrzxbsrfwun, workflow id: wflow-yf4cwblp7ughji4iaanwyk, namespace: job-operator, remote log path: /n1/wsjob/workdir/job-operator/wsjob-tmr4kryry4nmrzxbsrfwun
2026-09-19 09:27:18,530 INFO:   Poll ingress status: Waiting for all Command pods to be running, current running: 0/1.
2026-09-19 09:27:18,533 INFO:   Recording the timestamp when jobs is scheduled.
2026-09-19 09:27:18,554 WARNING:   Event 2026-09-19 09:27:08 +0000 UTC reason=InconsistentVersion wsjob=wsjob-tmr4kryry4nmrzxbsrfwun message='Warning: client semantic version 1.14.0 is inconsistent with cluster server semantic version 1.20.2, there's a risk job could fail due to inconsistent setup.'
2026-09-19 09:27:18,554 INFO:   Infrastructure setup started for job wsjob-tmr4kryry4nmrzxbsrfwun
2026-09-19 09:27:28,555 INFO:   Poll ingress status: Waiting for all Chief pods to be running, current running: 0/1.
2026-09-19 09:27:28,569 INFO:   Infrastructure setup completed successfully for job wsjob-tmr4kryry4nmrzxbsrfwun
2026-09-19 09:27:38,569 INFO:   Poll ingress status: Waiting for all Worker pods to be running, current running: 0/1.
2026-09-19 09:27:38,584 INFO:   Infrastructure setup completed successfully for job wsjob-tmr4kryry4nmrzxbsrfwun
2026-09-19 09:27:48,584 INFO:   Poll ingress status: Waiting for job ingress readiness.
2026-09-19 09:27:48,598 INFO:   Infrastructure setup completed successfully for job wsjob-tmr4kryry4nmrzxbsrfwun
2026-09-19 09:27:58,599 INFO:   Poll ingress status: Job ingress ready, dashboard: <internal-dashboard-url>
2026-09-19 09:27:58,613 INFO:   Infrastructure setup completed successfully for job wsjob-tmr4kryry4nmrzxbsrfwun
2026-09-19 09:27:58,613 INFO:   Poll ingress success: Job ingress ready, dashboard: <internal-dashboard-url>
2026-09-19 09:27:58,627 INFO:   Finalizing out-of-cluster job handle with ingress service url: 
2026-09-19 09:27:58,627 WARNING:   Empty ingress service url. Falling back to default server: 10.125.8.2:443
2026-09-19 09:27:58,706 INFO:   Preparing to execute using 1 CSX
2026-09-19 09:28:16,104 INFO:   About to send initial weights
2026-09-19 09:28:16,361 INFO:   Finished sending initial weights
2026-09-19 09:28:16,361 INFO:   Finalizing appliance staging for the run
2026-09-19 09:28:22,817 INFO:   Waiting for device programming to complete
2026-09-19 09:28:36,186 INFO:   Device programming is complete
2026-09-19 09:28:36,481 INFO:   Using network type: ROCE
2026-09-19 09:28:36,482 INFO:   Waiting for input workers to prime the data pipeline and begin streaming ...
2026-09-19 09:28:36,491 INFO:   Input workers have begun streaming input data
2026-09-19 09:28:36,651 INFO:   Appliance staging is complete
2026-09-19 09:28:36,651 INFO:   Beginning appliance run
2026-09-19 09:28:47,620 INFO:   | Train Device=CSX, Step=10, Loss=3.38230, Rate=2563.27 samples/sec, GlobalRate=31.16 samples/sec, LoopTimeRemaining=0:00:15, TimeRemaining>8:54:28
2026-09-19 09:29:02,210 INFO:   | Train Device=CSX, Step=20, Loss=2.74820, Rate=2868.22 samples/sec, GlobalRate=61.63 samples/sec, LoopTimeRemaining=0:00:00, TimeRemaining>8:54:13
2026-09-19 09:29:02,319 INFO:   Training completed successfully!
2026-09-19 09:29:02,337 INFO:   Ordinal 0: Initializing GNNDataProcessor for dataset 'ogbn-arxiv' (split=valid, mode=neighbor).
$REPO_ROOT/.venv/lib/python3.11/site-packages/ogb/nodeproppred/dataset_pyg.py:69: FutureWarning: You are using `torch.load` with `weights_only=False` (the current default value), which uses the default pickle module implicitly. It is possible to construct malicious pickle data which will execute arbitrary code during unpickling (See https://github.com/pytorch/pytorch/blob/main/SECURITY.md#untrusted-models for more details). In a future release, the default value for `weights_only` will be flipped to `True`. This limits the functions that could be executed during unpickling. Arbitrary objects will no longer be allowed to be loaded via this mode unless they are explicitly allowlisted by the user via `torch.serialization.add_safe_globals`. We recommend you start setting `weights_only=True` for any use case where you don't have full control of the loaded file. Please open an issue on GitHub for any issues related to this experimental feature.
  self.data, self.slices = torch.load(self.processed_paths[0])
2026-09-19 09:29:02,563 INFO:   Ordinal 0: Initializing GNNDataProcessor for dataset 'ogbn-arxiv' (split=valid, mode=neighbor).
$REPO_ROOT/.venv/lib/python3.11/site-packages/ogb/nodeproppred/dataset_pyg.py:69: FutureWarning: You are using `torch.load` with `weights_only=False` (the current default value), which uses the default pickle module implicitly. It is possible to construct malicious pickle data which will execute arbitrary code during unpickling (See https://github.com/pytorch/pytorch/blob/main/SECURITY.md#untrusted-models for more details). In a future release, the default value for `weights_only` will be flipped to `True`. This limits the functions that could be executed during unpickling. Arbitrary objects will no longer be allowed to be loaded via this mode unless they are explicitly allowlisted by the user via `torch.serialization.add_safe_globals`. We recommend you start setting `weights_only=True` for any use case where you don't have full control of the loaded file. Please open an issue on GitHub for any issues related to this experimental feature.
  self.data, self.slices = torch.load(self.processed_paths[0])
2026-09-19 09:29:06,171 INFO:   ---------------------------------------------------------------------------
2026-09-19 09:29:06,171 INFO:   Starting val_dataloader_2 loop 1 of 25, with 8 steps
2026-09-19 09:29:06,171 INFO:   ---------------------------------------------------------------------------
2026-09-19 09:29:08,308 INFO:   Compiling the model. This may take a few minutes.
2026-09-19 09:29:08,309 INFO:   Connectivity check: running command: ping -c 1 -W 3 10.125.8.2
2026-09-19 09:29:08,314 INFO:   Connectivity check succeeded.
2026-09-19 09:29:08,334 INFO:   Appliance client semantic version: 1.14.0, cluster server semantic version: 1.20.2, job operator semantic version: 1.20.2
2026-09-19 09:29:08,354 INFO:   Initiating a new compile wsjob against the cluster server.
2026-09-19 09:29:08,381 INFO:   Job id: wsjob-gak9ciuetvlunpv8bbccyw, workflow id: wflow-yf4cwblp7ughji4iaanwyk, namespace: job-operator, remote log path: /n1/wsjob/workdir/job-operator/wsjob-gak9ciuetvlunpv8bbccyw
2026-09-19 09:29:28,382 INFO:   Poll ingress status: Waiting for all Coordinator pods to be running, current running: 0/1.
2026-09-19 09:29:28,385 INFO:   Recording the timestamp when jobs is scheduled.
2026-09-19 09:29:28,406 WARNING:   Event 2026-09-19 09:29:09 +0000 UTC reason=InconsistentVersion wsjob=wsjob-gak9ciuetvlunpv8bbccyw message='Warning: client semantic version 1.14.0 is inconsistent with cluster server semantic version 1.20.2, there's a risk job could fail due to inconsistent setup.'
2026-09-19 09:29:38,406 INFO:   Poll ingress status: Waiting for job ingress readiness.
2026-09-19 09:29:58,421 INFO:   Poll ingress status: Job ingress ready, dashboard: <internal-dashboard-url>
2026-09-19 09:29:58,435 INFO:   Poll ingress success: Job ingress ready, dashboard: <internal-dashboard-url>
2026-09-19 09:29:58,445 INFO:   Finalizing out-of-cluster job handle with ingress service url: 
2026-09-19 09:29:58,445 WARNING:   Empty ingress service url. Falling back to default server: 10.125.8.2:443
2026-09-19 09:29:58,498 INFO:   Found existing cached compile with hash: "cs_7542123265948658600"
2026-09-19 09:30:00,303 INFO:   Using power profile none

2026-09-19 09:30:00,316 INFO:   Compile artifacts successfully written to remote compile directory. Compile hash is: cs_7542123265948658600
2026-09-19 09:30:08,399 INFO:   Compile was successful!
2026-09-19 09:30:08,405 INFO:   Programming Cerebras Wafer Scale Cluster for execution. This may take a few minutes.
2026-09-19 09:30:08,405 INFO:   Preparing to execute using 1 CSX
2026-09-19 09:30:27,949 INFO:   About to send initial weights
2026-09-19 09:30:27,964 INFO:   Finished sending initial weights
2026-09-19 09:30:27,964 INFO:   Finalizing appliance staging for the run
2026-09-19 09:30:31,936 INFO:   Waiting for device programming to complete
2026-09-19 09:30:43,744 INFO:   Device programming is complete
2026-09-19 09:30:44,024 INFO:   Using network type: ROCE
2026-09-19 09:30:44,025 INFO:   Waiting for input workers to prime the data pipeline and begin streaming ...
2026-09-19 09:30:44,043 INFO:   Input workers have begun streaming input data
2026-09-19 09:30:44,164 INFO:   Appliance staging is complete
2026-09-19 09:30:44,164 INFO:   Beginning appliance run
2026-09-19 09:30:47,336 INFO:   | Eval Device=CSX, GlobalStep=20, Batch=8, Loss=2.54626, Rate=7183.79 samples/sec, GlobalRate=323.91 samples/sec, LoopTimeRemaining=0:00:00, TimeRemaining>9:36:13
2026-09-19 09:30:47,384 INFO:   Avg Eval Loss: 2.5462646484375
2026-09-19 09:30:47,386 INFO:   Evaluation metrics:
2026-09-19 09:30:47,386 INFO:     - eval/masked_accuracy = 0.3174603283405304
2026-09-19 09:30:47,386 INFO:   Evaluation completed successfully!
2026-09-19 09:30:47,390 INFO:   ---------------------------------------------------------------------------
2026-09-19 09:30:47,390 INFO:   Starting train loop 2 of 25, from global step 21 to 40 (20 steps)
2026-09-19 09:30:47,390 INFO:   ---------------------------------------------------------------------------
2026-09-19 09:30:52,305 INFO:   Compiling the model. This may take a few minutes.
2026-09-19 09:30:52,306 INFO:   Found existing cached compile.
2026-09-19 09:30:52,306 INFO:   Compile was successful!
2026-09-19 09:30:52,307 INFO:   Programming Cerebras Wafer Scale Cluster for execution. This may take a few minutes.
2026-09-19 09:30:52,307 INFO:   Preparing to execute using 1 CSX
2026-09-19 09:31:02,215 INFO:   About to send initial weights
2026-09-19 09:31:02,259 INFO:   Finished sending initial weights
2026-09-19 09:31:02,259 INFO:   Finalizing appliance staging for the run
2026-09-19 09:31:02,635 INFO:   Waiting for device programming to complete
2026-09-19 09:31:28,583 INFO:   Device programming is complete
2026-09-19 09:31:28,907 INFO:   Using network type: ROCE
2026-09-19 09:31:28,908 INFO:   Waiting for input workers to prime the data pipeline and begin streaming ...
2026-09-19 09:31:28,916 INFO:   Input workers have begun streaming input data
2026-09-19 09:31:29,009 INFO:   Appliance staging is complete
2026-09-19 09:31:29,010 INFO:   Beginning appliance run
2026-09-19 09:31:43,225 INFO:   | Train Device=CSX, Step=30, Loss=2.33122, Rate=2783.65 samples/sec, GlobalRate=770.18 samples/sec, LoopTimeRemaining=0:00:15, TimeRemaining=1:10:04
2026-09-19 09:31:57,863 INFO:   | Train Device=CSX, Step=40, Loss=1.97149, Rate=2850.47 samples/sec, GlobalRate=1207.89 samples/sec, LoopTimeRemaining=0:00:00, TimeRemaining=1:09:47
2026-09-19 09:31:57,954 INFO:   Training completed successfully!
2026-09-19 09:31:57,974 INFO:   Ordinal 0: Initializing GNNDataProcessor for dataset 'ogbn-arxiv' (split=valid, mode=neighbor).
$REPO_ROOT/.venv/lib/python3.11/site-packages/ogb/nodeproppred/dataset_pyg.py:69: FutureWarning: You are using `torch.load` with `weights_only=False` (the current default value), which uses the default pickle module implicitly. It is possible to construct malicious pickle data which will execute arbitrary code during unpickling (See https://github.com/pytorch/pytorch/blob/main/SECURITY.md#untrusted-models for more details). In a future release, the default value for `weights_only` will be flipped to `True`. This limits the functions that could be executed during unpickling. Arbitrary objects will no longer be allowed to be loaded via this mode unless they are explicitly allowlisted by the user via `torch.serialization.add_safe_globals`. We recommend you start setting `weights_only=True` for any use case where you don't have full control of the loaded file. Please open an issue on GitHub for any issues related to this experimental feature.
  self.data, self.slices = torch.load(self.processed_paths[0])
2026-09-19 09:32:01,606 INFO:   ---------------------------------------------------------------------------
2026-09-19 09:32:01,606 INFO:   Starting val_dataloader_2 loop 2 of 25, with 8 steps
2026-09-19 09:32:01,606 INFO:   ---------------------------------------------------------------------------
2026-09-19 09:32:03,689 INFO:   Compiling the model. This may take a few minutes.
2026-09-19 09:32:03,690 INFO:   Found existing cached compile.
2026-09-19 09:32:03,690 INFO:   Compile was successful!
2026-09-19 09:32:03,691 INFO:   Programming Cerebras Wafer Scale Cluster for execution. This may take a few minutes.
2026-09-19 09:32:03,691 INFO:   Preparing to execute using 1 CSX
2026-09-19 09:32:36,878 INFO:   About to send initial weights
2026-09-19 09:32:36,889 INFO:   Finished sending initial weights
2026-09-19 09:32:36,889 INFO:   Finalizing appliance staging for the run
2026-09-19 09:32:38,173 INFO:   Waiting for device programming to complete
2026-09-19 09:32:38,174 INFO:   Device programming is complete
2026-09-19 09:32:38,453 INFO:   Using network type: ROCE
2026-09-19 09:32:38,453 INFO:   Waiting for input workers to prime the data pipeline and begin streaming ...
2026-09-19 09:32:41,543 INFO:   Input workers have begun streaming input data
2026-09-19 09:32:41,608 INFO:   Appliance staging is complete
2026-09-19 09:32:41,609 INFO:   Beginning appliance run
2026-09-19 09:32:53,757 INFO:   | Eval Device=CSX, GlobalStep=40, Batch=8, Loss=1.78748, Rate=2754.86 samples/sec, GlobalRate=628.33 samples/sec, LoopTimeRemaining=0:00:00, TimeRemaining=0:49:42
2026-09-19 09:32:53,803 INFO:   Avg Eval Loss: 1.7874827831983566
2026-09-19 09:32:53,805 INFO:   Evaluation metrics:
2026-09-19 09:32:53,805 INFO:     - eval/masked_accuracy = 0.4955871105194092
2026-09-19 09:32:53,806 INFO:   Evaluation completed successfully!
2026-09-19 09:32:53,809 INFO:   ---------------------------------------------------------------------------
2026-09-19 09:32:53,809 INFO:   Starting train loop 3 of 25, from global step 41 to 60 (20 steps)
2026-09-19 09:32:53,809 INFO:   ---------------------------------------------------------------------------
2026-09-19 09:32:58,440 INFO:   Compiling the model. This may take a few minutes.
2026-09-19 09:32:58,440 INFO:   Found existing cached compile.
2026-09-19 09:32:58,440 INFO:   Compile was successful!
2026-09-19 09:32:58,441 INFO:   Programming Cerebras Wafer Scale Cluster for execution. This may take a few minutes.
2026-09-19 09:32:58,441 INFO:   Preparing to execute using 1 CSX
2026-09-19 09:33:15,701 INFO:   About to send initial weights
2026-09-19 09:33:15,739 INFO:   Finished sending initial weights
2026-09-19 09:33:15,739 INFO:   Finalizing appliance staging for the run
2026-09-19 09:33:16,804 INFO:   Waiting for device programming to complete
2026-09-19 09:33:34,565 INFO:   Device programming is complete
2026-09-19 09:33:34,864 INFO:   Using network type: ROCE
2026-09-19 09:33:34,865 INFO:   Waiting for input workers to prime the data pipeline and begin streaming ...
2026-09-19 09:33:34,874 INFO:   Input workers have begun streaming input data
2026-09-19 09:33:34,949 INFO:   Appliance staging is complete
2026-09-19 09:33:34,949 INFO:   Beginning appliance run
2026-09-19 09:33:49,715 INFO:   | Train Device=CSX, Step=50, Loss=1.79466, Rate=2392.07 samples/sec, GlobalRate=769.44 samples/sec, LoopTimeRemaining=0:00:14, TimeRemaining=0:48:06
2026-09-19 09:34:05,120 INFO:   | Train Device=CSX, Step=60, Loss=1.60865, Rate=2736.33 samples/sec, GlobalRate=1193.50 samples/sec, LoopTimeRemaining=0:00:00, TimeRemaining=0:48:17
2026-09-19 09:34:05,212 INFO:   Training completed successfully!
2026-09-19 09:34:05,232 INFO:   Ordinal 0: Initializing GNNDataProcessor for dataset 'ogbn-arxiv' (split=valid, mode=neighbor).
$REPO_ROOT/.venv/lib/python3.11/site-packages/ogb/nodeproppred/dataset_pyg.py:69: FutureWarning: You are using `torch.load` with `weights_only=False` (the current default value), which uses the default pickle module implicitly. It is possible to construct malicious pickle data which will execute arbitrary code during unpickling (See https://github.com/pytorch/pytorch/blob/main/SECURITY.md#untrusted-models for more details). In a future release, the default value for `weights_only` will be flipped to `True`. This limits the functions that could be executed during unpickling. Arbitrary objects will no longer be allowed to be loaded via this mode unless they are explicitly allowlisted by the user via `torch.serialization.add_safe_globals`. We recommend you start setting `weights_only=True` for any use case where you don't have full control of the loaded file. Please open an issue on GitHub for any issues related to this experimental feature.
  self.data, self.slices = torch.load(self.processed_paths[0])
2026-09-19 09:34:08,839 INFO:   ---------------------------------------------------------------------------
2026-09-19 09:34:08,839 INFO:   Starting val_dataloader_2 loop 3 of 25, with 8 steps
2026-09-19 09:34:08,839 INFO:   ---------------------------------------------------------------------------
2026-09-19 09:34:10,859 INFO:   Compiling the model. This may take a few minutes.
2026-09-19 09:34:10,859 INFO:   Found existing cached compile.
2026-09-19 09:34:10,859 INFO:   Compile was successful!
2026-09-19 09:34:10,860 INFO:   Programming Cerebras Wafer Scale Cluster for execution. This may take a few minutes.
2026-09-19 09:34:10,861 INFO:   Preparing to execute using 1 CSX
2026-09-19 09:34:20,750 INFO:   About to send initial weights
2026-09-19 09:34:20,762 INFO:   Finished sending initial weights
2026-09-19 09:34:20,762 INFO:   Finalizing appliance staging for the run
2026-09-19 09:34:21,123 INFO:   Waiting for device programming to complete
2026-09-19 09:34:45,456 INFO:   Device programming is complete
2026-09-19 09:34:45,797 INFO:   Using network type: ROCE
2026-09-19 09:34:45,798 INFO:   Waiting for input workers to prime the data pipeline and begin streaming ...
2026-09-19 09:34:45,809 INFO:   Input workers have begun streaming input data
2026-09-19 09:34:45,884 INFO:   Appliance staging is complete
2026-09-19 09:34:45,884 INFO:   Beginning appliance run
2026-09-19 09:34:49,062 INFO:   | Eval Device=CSX, GlobalStep=60, Batch=8, Loss=1.51310, Rate=8011.78 samples/sec, GlobalRate=814.66 samples/sec, LoopTimeRemaining=0:00:00, TimeRemaining=0:42:17
2026-09-19 09:34:49,104 INFO:   Avg Eval Loss: 1.513100802898407
2026-09-19 09:34:49,107 INFO:   Evaluation metrics:
2026-09-19 09:34:49,107 INFO:     - eval/masked_accuracy = 0.5665962100028992
2026-09-19 09:34:49,107 INFO:   Evaluation completed successfully!
2026-09-19 09:34:49,111 INFO:   ---------------------------------------------------------------------------
2026-09-19 09:34:49,111 INFO:   Starting train loop 4 of 25, from global step 61 to 80 (20 steps)
2026-09-19 09:34:49,111 INFO:   ---------------------------------------------------------------------------
2026-09-19 09:34:53,746 INFO:   Compiling the model. This may take a few minutes.
2026-09-19 09:34:53,746 INFO:   Found existing cached compile.
2026-09-19 09:34:53,746 INFO:   Compile was successful!
2026-09-19 09:34:53,747 INFO:   Programming Cerebras Wafer Scale Cluster for execution. This may take a few minutes.
2026-09-19 09:34:53,747 INFO:   Preparing to execute using 1 CSX
2026-09-19 09:35:11,940 INFO:   About to send initial weights
2026-09-19 09:35:11,979 INFO:   Finished sending initial weights
2026-09-19 09:35:11,979 INFO:   Finalizing appliance staging for the run
2026-09-19 09:35:13,072 INFO:   Waiting for device programming to complete
2026-09-19 09:35:30,159 INFO:   Device programming is complete
2026-09-19 09:35:30,471 INFO:   Using network type: ROCE
2026-09-19 09:35:30,471 INFO:   Waiting for input workers to prime the data pipeline and begin streaming ...
2026-09-19 09:35:30,482 INFO:   Input workers have begun streaming input data
2026-09-19 09:35:30,608 INFO:   Appliance staging is complete
2026-09-19 09:35:30,608 INFO:   Beginning appliance run
2026-09-19 09:35:44,842 INFO:   | Train Device=CSX, Step=70, Loss=1.58261, Rate=1665.98 samples/sec, GlobalRate=772.30 samples/sec, LoopTimeRemaining=0:00:14, TimeRemaining=0:40:50
2026-09-19 09:36:00,017 INFO:   | Train Device=CSX, Step=80, Loss=1.46600, Rate=2787.71 samples/sec, GlobalRate=1200.98 samples/sec, LoopTimeRemaining=0:00:00, TimeRemaining=0:41:13
2026-09-19 09:36:00,110 INFO:   Training completed successfully!
2026-09-19 09:36:00,132 INFO:   Ordinal 0: Initializing GNNDataProcessor for dataset 'ogbn-arxiv' (split=valid, mode=neighbor).
$REPO_ROOT/.venv/lib/python3.11/site-packages/ogb/nodeproppred/dataset_pyg.py:69: FutureWarning: You are using `torch.load` with `weights_only=False` (the current default value), which uses the default pickle module implicitly. It is possible to construct malicious pickle data which will execute arbitrary code during unpickling (See https://github.com/pytorch/pytorch/blob/main/SECURITY.md#untrusted-models for more details). In a future release, the default value for `weights_only` will be flipped to `True`. This limits the functions that could be executed during unpickling. Arbitrary objects will no longer be allowed to be loaded via this mode unless they are explicitly allowlisted by the user via `torch.serialization.add_safe_globals`. We recommend you start setting `weights_only=True` for any use case where you don't have full control of the loaded file. Please open an issue on GitHub for any issues related to this experimental feature.
  self.data, self.slices = torch.load(self.processed_paths[0])
2026-09-19 09:36:03,728 INFO:   ---------------------------------------------------------------------------
2026-09-19 09:36:03,728 INFO:   Starting val_dataloader_2 loop 4 of 25, with 8 steps
2026-09-19 09:36:03,728 INFO:   ---------------------------------------------------------------------------
2026-09-19 09:36:05,837 INFO:   Compiling the model. This may take a few minutes.
2026-09-19 09:36:05,837 INFO:   Found existing cached compile.
2026-09-19 09:36:05,837 INFO:   Compile was successful!
2026-09-19 09:36:05,839 INFO:   Programming Cerebras Wafer Scale Cluster for execution. This may take a few minutes.
2026-09-19 09:36:05,839 INFO:   Preparing to execute using 1 CSX
2026-09-19 09:36:23,390 INFO:   About to send initial weights
2026-09-19 09:36:23,401 INFO:   Finished sending initial weights
2026-09-19 09:36:23,401 INFO:   Finalizing appliance staging for the run
2026-09-19 09:36:24,772 INFO:   Waiting for device programming to complete
2026-09-19 09:36:40,259 INFO:   Device programming is complete
2026-09-19 09:36:40,632 INFO:   Using network type: ROCE
2026-09-19 09:36:40,633 INFO:   Waiting for input workers to prime the data pipeline and begin streaming ...
2026-09-19 09:36:40,643 INFO:   Input workers have begun streaming input data
2026-09-19 09:36:40,769 INFO:   Appliance staging is complete
2026-09-19 09:36:40,769 INFO:   Beginning appliance run
2026-09-19 09:36:43,977 INFO:   | Eval Device=CSX, GlobalStep=80, Batch=8, Loss=1.31195, Rate=7477.13 samples/sec, GlobalRate=814.14 samples/sec, LoopTimeRemaining=0:00:00, TimeRemaining=0:40:30
2026-09-19 09:36:44,016 INFO:   Avg Eval Loss: 1.311948299407959
2026-09-19 09:36:44,018 INFO:   Evaluation metrics:
2026-09-19 09:36:44,018 INFO:     - eval/masked_accuracy = 0.6217322945594788
2026-09-19 09:36:44,018 INFO:   Evaluation completed successfully!
2026-09-19 09:36:44,022 INFO:   ---------------------------------------------------------------------------
2026-09-19 09:36:44,022 INFO:   Starting train loop 5 of 25, from global step 81 to 100 (20 steps)
2026-09-19 09:36:44,022 INFO:   ---------------------------------------------------------------------------
2026-09-19 09:36:48,661 INFO:   Compiling the model. This may take a few minutes.
2026-09-19 09:36:48,661 INFO:   Found existing cached compile.
2026-09-19 09:36:48,661 INFO:   Compile was successful!
2026-09-19 09:36:48,663 INFO:   Programming Cerebras Wafer Scale Cluster for execution. This may take a few minutes.
2026-09-19 09:36:48,663 INFO:   Preparing to execute using 1 CSX
2026-09-19 09:37:06,814 INFO:   About to send initial weights
2026-09-19 09:37:06,853 INFO:   Finished sending initial weights
2026-09-19 09:37:06,853 INFO:   Finalizing appliance staging for the run
2026-09-19 09:37:07,949 INFO:   Waiting for device programming to complete
2026-09-19 09:37:25,149 INFO:   Device programming is complete
2026-09-19 09:37:25,442 INFO:   Using network type: ROCE
2026-09-19 09:37:25,443 INFO:   Waiting for input workers to prime the data pipeline and begin streaming ...
2026-09-19 09:37:25,453 INFO:   Input workers have begun streaming input data
2026-09-19 09:37:25,546 INFO:   Appliance staging is complete
2026-09-19 09:37:25,546 INFO:   Beginning appliance run
2026-09-19 09:37:35,977 INFO:   | Train Device=CSX, Step=90, Loss=1.39653, Rate=2657.30 samples/sec, GlobalRate=831.09 samples/sec, LoopTimeRemaining=0:00:14, TimeRemaining=0:39:03
2026-09-19 09:37:54,823 INFO:   | Train Device=CSX, Step=100, Loss=1.35800, Rate=2635.87 samples/sec, GlobalRate=1202.39 samples/sec, LoopTimeRemaining=0:00:00, TimeRemaining=0:39:08
2026-09-19 09:37:54,916 INFO:   Training completed successfully!
2026-09-19 09:37:54,938 INFO:   Ordinal 0: Initializing GNNDataProcessor for dataset 'ogbn-arxiv' (split=valid, mode=neighbor).
$REPO_ROOT/.venv/lib/python3.11/site-packages/ogb/nodeproppred/dataset_pyg.py:69: FutureWarning: You are using `torch.load` with `weights_only=False` (the current default value), which uses the default pickle module implicitly. It is possible to construct malicious pickle data which will execute arbitrary code during unpickling (See https://github.com/pytorch/pytorch/blob/main/SECURITY.md#untrusted-models for more details). In a future release, the default value for `weights_only` will be flipped to `True`. This limits the functions that could be executed during unpickling. Arbitrary objects will no longer be allowed to be loaded via this mode unless they are explicitly allowlisted by the user via `torch.serialization.add_safe_globals`. We recommend you start setting `weights_only=True` for any use case where you don't have full control of the loaded file. Please open an issue on GitHub for any issues related to this experimental feature.
  self.data, self.slices = torch.load(self.processed_paths[0])
2026-09-19 09:37:58,533 INFO:   ---------------------------------------------------------------------------
2026-09-19 09:37:58,533 INFO:   Starting val_dataloader_2 loop 5 of 25, with 8 steps
2026-09-19 09:37:58,533 INFO:   ---------------------------------------------------------------------------
2026-09-19 09:38:00,737 INFO:   Compiling the model. This may take a few minutes.
2026-09-19 09:38:00,737 INFO:   Found existing cached compile.
2026-09-19 09:38:00,737 INFO:   Compile was successful!
2026-09-19 09:38:00,739 INFO:   Programming Cerebras Wafer Scale Cluster for execution. This may take a few minutes.
2026-09-19 09:38:00,739 INFO:   Preparing to execute using 1 CSX
2026-09-19 09:38:18,322 INFO:   About to send initial weights
2026-09-19 09:38:18,332 INFO:   Finished sending initial weights
2026-09-19 09:38:18,332 INFO:   Finalizing appliance staging for the run
2026-09-19 09:38:19,700 INFO:   Waiting for device programming to complete
2026-09-19 09:38:35,415 INFO:   Device programming is complete
2026-09-19 09:38:35,723 INFO:   Using network type: ROCE
2026-09-19 09:38:35,724 INFO:   Waiting for input workers to prime the data pipeline and begin streaming ...
2026-09-19 09:38:35,732 INFO:   Input workers have begun streaming input data
2026-09-19 09:38:35,815 INFO:   Appliance staging is complete
2026-09-19 09:38:35,815 INFO:   Beginning appliance run
2026-09-19 09:38:39,047 INFO:   | Eval Device=CSX, GlobalStep=100, Batch=8, Loss=1.20457, Rate=7957.28 samples/sec, GlobalRate=808.81 samples/sec, LoopTimeRemaining=0:00:00, TimeRemaining=0:38:28
2026-09-19 09:38:39,087 INFO:   Avg Eval Loss: 1.2045746445655823
2026-09-19 09:38:39,089 INFO:   Evaluation metrics:
2026-09-19 09:38:39,089 INFO:     - eval/masked_accuracy = 0.6495184302330017
2026-09-19 09:38:39,089 INFO:   Evaluation completed successfully!
2026-09-19 09:38:39,093 INFO:   ---------------------------------------------------------------------------
2026-09-19 09:38:39,093 INFO:   Starting train loop 6 of 25, from global step 101 to 120 (20 steps)
2026-09-19 09:38:39,093 INFO:   ---------------------------------------------------------------------------
2026-09-19 09:38:43,801 INFO:   Compiling the model. This may take a few minutes.
2026-09-19 09:38:43,801 INFO:   Found existing cached compile.
2026-09-19 09:38:43,801 INFO:   Compile was successful!
2026-09-19 09:38:43,803 INFO:   Programming Cerebras Wafer Scale Cluster for execution. This may take a few minutes.
2026-09-19 09:38:43,803 INFO:   Preparing to execute using 1 CSX
2026-09-19 09:39:01,873 INFO:   About to send initial weights
2026-09-19 09:39:01,908 INFO:   Finished sending initial weights
2026-09-19 09:39:01,908 INFO:   Finalizing appliance staging for the run
2026-09-19 09:39:02,041 INFO:   Waiting for device programming to complete
2026-09-19 09:39:20,246 INFO:   Device programming is complete
2026-09-19 09:39:20,566 INFO:   Using network type: ROCE
2026-09-19 09:39:20,566 INFO:   Waiting for input workers to prime the data pipeline and begin streaming ...
2026-09-19 09:39:20,576 INFO:   Input workers have begun streaming input data
2026-09-19 09:39:20,679 INFO:   Appliance staging is complete
2026-09-19 09:39:20,680 INFO:   Beginning appliance run
2026-09-19 09:39:31,555 INFO:   | Train Device=CSX, Step=110, Loss=1.26169, Rate=2620.22 samples/sec, GlobalRate=822.12 samples/sec, LoopTimeRemaining=0:00:14, TimeRemaining=0:37:28
2026-09-19 09:39:49,966 INFO:   | Train Device=CSX, Step=120, Loss=1.28026, Rate=2584.87 samples/sec, GlobalRate=1200.57 samples/sec, LoopTimeRemaining=0:00:00, TimeRemaining=0:37:19
2026-09-19 09:39:50,070 INFO:   Training completed successfully!
2026-09-19 09:39:50,094 INFO:   Ordinal 0: Initializing GNNDataProcessor for dataset 'ogbn-arxiv' (split=valid, mode=neighbor).
$REPO_ROOT/.venv/lib/python3.11/site-packages/ogb/nodeproppred/dataset_pyg.py:69: FutureWarning: You are using `torch.load` with `weights_only=False` (the current default value), which uses the default pickle module implicitly. It is possible to construct malicious pickle data which will execute arbitrary code during unpickling (See https://github.com/pytorch/pytorch/blob/main/SECURITY.md#untrusted-models for more details). In a future release, the default value for `weights_only` will be flipped to `True`. This limits the functions that could be executed during unpickling. Arbitrary objects will no longer be allowed to be loaded via this mode unless they are explicitly allowlisted by the user via `torch.serialization.add_safe_globals`. We recommend you start setting `weights_only=True` for any use case where you don't have full control of the loaded file. Please open an issue on GitHub for any issues related to this experimental feature.
  self.data, self.slices = torch.load(self.processed_paths[0])
2026-09-19 09:39:53,665 INFO:   ---------------------------------------------------------------------------
2026-09-19 09:39:53,665 INFO:   Starting val_dataloader_2 loop 6 of 25, with 8 steps
2026-09-19 09:39:53,665 INFO:   ---------------------------------------------------------------------------
2026-09-19 09:39:55,818 INFO:   Compiling the model. This may take a few minutes.
2026-09-19 09:39:55,818 INFO:   Found existing cached compile.
2026-09-19 09:39:55,818 INFO:   Compile was successful!
2026-09-19 09:39:55,819 INFO:   Programming Cerebras Wafer Scale Cluster for execution. This may take a few minutes.
2026-09-19 09:39:55,819 INFO:   Preparing to execute using 1 CSX
2026-09-19 09:40:05,453 INFO:   About to send initial weights
2026-09-19 09:40:05,464 INFO:   Finished sending initial weights
2026-09-19 09:40:05,464 INFO:   Finalizing appliance staging for the run
2026-09-19 09:40:06,836 INFO:   Waiting for device programming to complete
2026-09-19 09:40:30,443 INFO:   Device programming is complete
2026-09-19 09:40:30,760 INFO:   Using network type: ROCE
2026-09-19 09:40:30,761 INFO:   Waiting for input workers to prime the data pipeline and begin streaming ...
2026-09-19 09:40:30,768 INFO:   Input workers have begun streaming input data
2026-09-19 09:40:30,851 INFO:   Appliance staging is complete
2026-09-19 09:40:30,851 INFO:   Beginning appliance run
2026-09-19 09:40:34,048 INFO:   | Eval Device=CSX, GlobalStep=120, Batch=8, Loss=1.16086, Rate=7321.10 samples/sec, GlobalRate=811.43 samples/sec, LoopTimeRemaining=0:00:00, TimeRemaining=0:36:34
2026-09-19 09:40:34,093 INFO:   Avg Eval Loss: 1.160857915878296
2026-09-19 09:40:34,095 INFO:   Evaluation metrics:
2026-09-19 09:40:34,095 INFO:     - eval/masked_accuracy = 0.6580421924591064
2026-09-19 09:40:34,095 INFO:   Evaluation completed successfully!
2026-09-19 09:40:34,099 INFO:   ---------------------------------------------------------------------------
2026-09-19 09:40:34,099 INFO:   Starting train loop 7 of 25, from global step 121 to 140 (20 steps)
2026-09-19 09:40:34,100 INFO:   ---------------------------------------------------------------------------
2026-09-19 09:40:38,765 INFO:   Compiling the model. This may take a few minutes.
2026-09-19 09:40:38,765 INFO:   Found existing cached compile.
2026-09-19 09:40:38,765 INFO:   Compile was successful!
2026-09-19 09:40:38,767 INFO:   Programming Cerebras Wafer Scale Cluster for execution. This may take a few minutes.
2026-09-19 09:40:38,767 INFO:   Preparing to execute using 1 CSX
2026-09-19 09:40:56,921 INFO:   About to send initial weights
2026-09-19 09:40:56,959 INFO:   Finished sending initial weights
2026-09-19 09:40:56,959 INFO:   Finalizing appliance staging for the run
2026-09-19 09:40:58,036 INFO:   Waiting for device programming to complete
2026-09-19 09:41:14,983 INFO:   Device programming is complete
2026-09-19 09:41:15,339 INFO:   Using network type: ROCE
2026-09-19 09:41:15,340 INFO:   Waiting for input workers to prime the data pipeline and begin streaming ...
2026-09-19 09:41:15,349 INFO:   Input workers have begun streaming input data
2026-09-19 09:41:15,446 INFO:   Appliance staging is complete
2026-09-19 09:41:15,446 INFO:   Beginning appliance run
2026-09-19 09:41:26,078 INFO:   | Train Device=CSX, Step=130, Loss=1.19588, Rate=2578.74 samples/sec, GlobalRate=830.40 samples/sec, LoopTimeRemaining=0:00:14, TimeRemaining=0:35:27
2026-09-19 09:41:44,018 INFO:   | Train Device=CSX, Step=140, Loss=1.21215, Rate=2264.15 samples/sec, GlobalRate=1217.86 samples/sec, LoopTimeRemaining=0:00:00, TimeRemaining=0:35:09
2026-09-19 09:41:44,109 INFO:   Training completed successfully!
2026-09-19 09:41:44,131 INFO:   Ordinal 0: Initializing GNNDataProcessor for dataset 'ogbn-arxiv' (split=valid, mode=neighbor).
$REPO_ROOT/.venv/lib/python3.11/site-packages/ogb/nodeproppred/dataset_pyg.py:69: FutureWarning: You are using `torch.load` with `weights_only=False` (the current default value), which uses the default pickle module implicitly. It is possible to construct malicious pickle data which will execute arbitrary code during unpickling (See https://github.com/pytorch/pytorch/blob/main/SECURITY.md#untrusted-models for more details). In a future release, the default value for `weights_only` will be flipped to `True`. This limits the functions that could be executed during unpickling. Arbitrary objects will no longer be allowed to be loaded via this mode unless they are explicitly allowlisted by the user via `torch.serialization.add_safe_globals`. We recommend you start setting `weights_only=True` for any use case where you don't have full control of the loaded file. Please open an issue on GitHub for any issues related to this experimental feature.
  self.data, self.slices = torch.load(self.processed_paths[0])
2026-09-19 09:41:47,749 INFO:   ---------------------------------------------------------------------------
2026-09-19 09:41:47,749 INFO:   Starting val_dataloader_2 loop 7 of 25, with 8 steps
2026-09-19 09:41:47,750 INFO:   ---------------------------------------------------------------------------
2026-09-19 09:41:49,944 INFO:   Compiling the model. This may take a few minutes.
2026-09-19 09:41:49,945 INFO:   Found existing cached compile.
2026-09-19 09:41:49,945 INFO:   Compile was successful!
2026-09-19 09:41:49,946 INFO:   Programming Cerebras Wafer Scale Cluster for execution. This may take a few minutes.
2026-09-19 09:41:49,946 INFO:   Preparing to execute using 1 CSX
2026-09-19 09:42:08,850 INFO:   About to send initial weights
2026-09-19 09:42:08,861 INFO:   Finished sending initial weights
2026-09-19 09:42:08,861 INFO:   Finalizing appliance staging for the run
2026-09-19 09:42:09,599 INFO:   Waiting for device programming to complete
2026-09-19 09:42:24,702 INFO:   Device programming is complete
2026-09-19 09:42:25,002 INFO:   Using network type: ROCE
2026-09-19 09:42:25,002 INFO:   Waiting for input workers to prime the data pipeline and begin streaming ...
2026-09-19 09:42:25,012 INFO:   Input workers have begun streaming input data
2026-09-19 09:42:25,097 INFO:   Appliance staging is complete
2026-09-19 09:42:25,097 INFO:   Beginning appliance run
2026-09-19 09:42:28,316 INFO:   | Eval Device=CSX, GlobalStep=140, Batch=8, Loss=1.13500, Rate=6801.69 samples/sec, GlobalRate=807.78 samples/sec, LoopTimeRemaining=0:00:00, TimeRemaining=0:34:33
2026-09-19 09:42:28,356 INFO:   Avg Eval Loss: 1.1349975615739822
2026-09-19 09:42:28,358 INFO:   Evaluation metrics:
2026-09-19 09:42:28,358 INFO:     - eval/masked_accuracy = 0.6567334532737732
2026-09-19 09:42:28,358 INFO:   Evaluation completed successfully!
2026-09-19 09:42:28,362 INFO:   ---------------------------------------------------------------------------
2026-09-19 09:42:28,362 INFO:   Starting train loop 8 of 25, from global step 141 to 160 (20 steps)
2026-09-19 09:42:28,362 INFO:   ---------------------------------------------------------------------------
2026-09-19 09:42:33,107 INFO:   Compiling the model. This may take a few minutes.
2026-09-19 09:42:33,108 INFO:   Found existing cached compile.
2026-09-19 09:42:33,108 INFO:   Compile was successful!
2026-09-19 09:42:33,109 INFO:   Programming Cerebras Wafer Scale Cluster for execution. This may take a few minutes.
2026-09-19 09:42:33,109 INFO:   Preparing to execute using 1 CSX
2026-09-19 09:42:51,147 INFO:   About to send initial weights
2026-09-19 09:42:51,190 INFO:   Finished sending initial weights
2026-09-19 09:42:51,190 INFO:   Finalizing appliance staging for the run
2026-09-19 09:42:52,282 INFO:   Waiting for device programming to complete
2026-09-19 09:43:09,451 INFO:   Device programming is complete
2026-09-19 09:43:09,758 INFO:   Using network type: ROCE
2026-09-19 09:43:09,759 INFO:   Waiting for input workers to prime the data pipeline and begin streaming ...
2026-09-19 09:43:09,767 INFO:   Input workers have begun streaming input data
2026-09-19 09:43:09,878 INFO:   Appliance staging is complete
2026-09-19 09:43:09,878 INFO:   Beginning appliance run
2026-09-19 09:43:20,311 INFO:   | Train Device=CSX, Step=150, Loss=1.19481, Rate=2809.13 samples/sec, GlobalRate=831.12 samples/sec, LoopTimeRemaining=0:00:14, TimeRemaining=0:33:42
2026-09-19 09:43:34,602 INFO:   | Train Device=CSX, Step=160, Loss=1.22859, Rate=2907.96 samples/sec, GlobalRate=1288.56 samples/sec, LoopTimeRemaining=0:00:00, TimeRemaining=0:33:22
2026-09-19 09:43:34,690 INFO:   Training completed successfully!
2026-09-19 09:43:34,715 INFO:   Ordinal 0: Initializing GNNDataProcessor for dataset 'ogbn-arxiv' (split=valid, mode=neighbor).
$REPO_ROOT/.venv/lib/python3.11/site-packages/ogb/nodeproppred/dataset_pyg.py:69: FutureWarning: You are using `torch.load` with `weights_only=False` (the current default value), which uses the default pickle module implicitly. It is possible to construct malicious pickle data which will execute arbitrary code during unpickling (See https://github.com/pytorch/pytorch/blob/main/SECURITY.md#untrusted-models for more details). In a future release, the default value for `weights_only` will be flipped to `True`. This limits the functions that could be executed during unpickling. Arbitrary objects will no longer be allowed to be loaded via this mode unless they are explicitly allowlisted by the user via `torch.serialization.add_safe_globals`. We recommend you start setting `weights_only=True` for any use case where you don't have full control of the loaded file. Please open an issue on GitHub for any issues related to this experimental feature.
  self.data, self.slices = torch.load(self.processed_paths[0])
2026-09-19 09:43:38,313 INFO:   ---------------------------------------------------------------------------
2026-09-19 09:43:38,313 INFO:   Starting val_dataloader_2 loop 8 of 25, with 8 steps
2026-09-19 09:43:38,313 INFO:   ---------------------------------------------------------------------------
2026-09-19 09:43:40,539 INFO:   Compiling the model. This may take a few minutes.
2026-09-19 09:43:40,539 INFO:   Found existing cached compile.
2026-09-19 09:43:40,539 INFO:   Compile was successful!
2026-09-19 09:43:40,540 INFO:   Programming Cerebras Wafer Scale Cluster for execution. This may take a few minutes.
2026-09-19 09:43:40,540 INFO:   Preparing to execute using 1 CSX
2026-09-19 09:44:13,703 INFO:   About to send initial weights
2026-09-19 09:44:13,716 INFO:   Finished sending initial weights
2026-09-19 09:44:13,716 INFO:   Finalizing appliance staging for the run
2026-09-19 09:44:15,035 INFO:   Waiting for device programming to complete
2026-09-19 09:44:15,036 INFO:   Device programming is complete
2026-09-19 09:44:15,264 INFO:   Using network type: ROCE
2026-09-19 09:44:15,265 INFO:   Waiting for input workers to prime the data pipeline and begin streaming ...
2026-09-19 09:44:18,311 INFO:   Input workers have begun streaming input data
2026-09-19 09:44:18,377 INFO:   Appliance staging is complete
2026-09-19 09:44:18,378 INFO:   Beginning appliance run
2026-09-19 09:44:30,513 INFO:   | Eval Device=CSX, GlobalStep=160, Batch=8, Loss=1.09132, Rate=2775.65 samples/sec, GlobalRate=627.74 samples/sec, LoopTimeRemaining=0:00:00, TimeRemaining=0:36:24
2026-09-19 09:44:30,560 INFO:   Avg Eval Loss: 1.091316118836403
2026-09-19 09:44:30,562 INFO:   Evaluation metrics:
2026-09-19 09:44:30,562 INFO:     - eval/masked_accuracy = 0.6750226616859436
2026-09-19 09:44:30,562 INFO:   Evaluation completed successfully!
2026-09-19 09:44:30,567 INFO:   ---------------------------------------------------------------------------
2026-09-19 09:44:30,567 INFO:   Starting train loop 9 of 25, from global step 161 to 180 (20 steps)
2026-09-19 09:44:30,567 INFO:   ---------------------------------------------------------------------------
2026-09-19 09:44:35,303 INFO:   Compiling the model. This may take a few minutes.
2026-09-19 09:44:35,304 INFO:   Found existing cached compile.
2026-09-19 09:44:35,304 INFO:   Compile was successful!
2026-09-19 09:44:35,305 INFO:   Programming Cerebras Wafer Scale Cluster for execution. This may take a few minutes.
2026-09-19 09:44:35,305 INFO:   Preparing to execute using 1 CSX
2026-09-19 09:44:53,469 INFO:   About to send initial weights
2026-09-19 09:44:53,511 INFO:   Finished sending initial weights
2026-09-19 09:44:53,511 INFO:   Finalizing appliance staging for the run
2026-09-19 09:44:53,578 INFO:   Waiting for device programming to complete
2026-09-19 09:45:11,696 INFO:   Device programming is complete
2026-09-19 09:45:11,973 INFO:   Using network type: ROCE
2026-09-19 09:45:11,974 INFO:   Waiting for input workers to prime the data pipeline and begin streaming ...
2026-09-19 09:45:11,984 INFO:   Input workers have begun streaming input data
2026-09-19 09:45:12,061 INFO:   Appliance staging is complete
2026-09-19 09:45:12,061 INFO:   Beginning appliance run
2026-09-19 09:45:22,639 INFO:   | Train Device=CSX, Step=170, Loss=1.21365, Rate=2801.88 samples/sec, GlobalRate=828.71 samples/sec, LoopTimeRemaining=0:00:15, TimeRemaining=0:35:41
2026-09-19 09:45:37,219 INFO:   | Train Device=CSX, Step=180, Loss=1.19637, Rate=2885.42 samples/sec, GlobalRate=1279.88 samples/sec, LoopTimeRemaining=0:00:00, TimeRemaining=0:35:29
2026-09-19 09:45:37,311 INFO:   Training completed successfully!
2026-09-19 09:45:37,333 INFO:   Ordinal 0: Initializing GNNDataProcessor for dataset 'ogbn-arxiv' (split=valid, mode=neighbor).
$REPO_ROOT/.venv/lib/python3.11/site-packages/ogb/nodeproppred/dataset_pyg.py:69: FutureWarning: You are using `torch.load` with `weights_only=False` (the current default value), which uses the default pickle module implicitly. It is possible to construct malicious pickle data which will execute arbitrary code during unpickling (See https://github.com/pytorch/pytorch/blob/main/SECURITY.md#untrusted-models for more details). In a future release, the default value for `weights_only` will be flipped to `True`. This limits the functions that could be executed during unpickling. Arbitrary objects will no longer be allowed to be loaded via this mode unless they are explicitly allowlisted by the user via `torch.serialization.add_safe_globals`. We recommend you start setting `weights_only=True` for any use case where you don't have full control of the loaded file. Please open an issue on GitHub for any issues related to this experimental feature.
  self.data, self.slices = torch.load(self.processed_paths[0])
2026-09-19 09:45:40,953 INFO:   ---------------------------------------------------------------------------
2026-09-19 09:45:40,953 INFO:   Starting val_dataloader_2 loop 9 of 25, with 8 steps
2026-09-19 09:45:40,953 INFO:   ---------------------------------------------------------------------------
2026-09-19 09:45:43,152 INFO:   Compiling the model. This may take a few minutes.
2026-09-19 09:45:43,152 INFO:   Found existing cached compile.
2026-09-19 09:45:43,152 INFO:   Compile was successful!
2026-09-19 09:45:43,153 INFO:   Programming Cerebras Wafer Scale Cluster for execution. This may take a few minutes.
2026-09-19 09:45:43,153 INFO:   Preparing to execute using 1 CSX
2026-09-19 09:46:00,875 INFO:   About to send initial weights
2026-09-19 09:46:00,888 INFO:   Finished sending initial weights
2026-09-19 09:46:00,888 INFO:   Finalizing appliance staging for the run
2026-09-19 09:46:02,236 INFO:   Waiting for device programming to complete
2026-09-19 09:46:17,695 INFO:   Device programming is complete
2026-09-19 09:46:18,005 INFO:   Using network type: ROCE
2026-09-19 09:46:18,006 INFO:   Waiting for input workers to prime the data pipeline and begin streaming ...
2026-09-19 09:46:18,014 INFO:   Input workers have begun streaming input data
2026-09-19 09:46:18,096 INFO:   Appliance staging is complete
2026-09-19 09:46:18,096 INFO:   Beginning appliance run
2026-09-19 09:46:21,279 INFO:   | Eval Device=CSX, GlobalStep=180, Batch=8, Loss=1.07419, Rate=6900.23 samples/sec, GlobalRate=812.59 samples/sec, LoopTimeRemaining=0:00:00, TimeRemaining=0:30:53
2026-09-19 09:46:21,326 INFO:   Avg Eval Loss: 1.074186086654663
2026-09-19 09:46:21,328 INFO:   Evaluation metrics:
2026-09-19 09:46:21,328 INFO:     - eval/masked_accuracy = 0.6785462498664856
2026-09-19 09:46:21,328 INFO:   Evaluation completed successfully!
2026-09-19 09:46:21,333 INFO:   ---------------------------------------------------------------------------
2026-09-19 09:46:21,333 INFO:   Starting train loop 10 of 25, from global step 181 to 200 (20 steps)
2026-09-19 09:46:21,333 INFO:   ---------------------------------------------------------------------------
2026-09-19 09:46:26,074 INFO:   Compiling the model. This may take a few minutes.
2026-09-19 09:46:26,074 INFO:   Found existing cached compile.
2026-09-19 09:46:26,074 INFO:   Compile was successful!
2026-09-19 09:46:26,076 INFO:   Programming Cerebras Wafer Scale Cluster for execution. This may take a few minutes.
2026-09-19 09:46:26,076 INFO:   Preparing to execute using 1 CSX
2026-09-19 09:46:36,190 INFO:   About to send initial weights
2026-09-19 09:46:36,228 INFO:   Finished sending initial weights
2026-09-19 09:46:36,228 INFO:   Finalizing appliance staging for the run
2026-09-19 09:46:37,280 INFO:   Waiting for device programming to complete
2026-09-19 09:47:02,418 INFO:   Device programming is complete
2026-09-19 09:47:02,719 INFO:   Using network type: ROCE
2026-09-19 09:47:02,720 INFO:   Waiting for input workers to prime the data pipeline and begin streaming ...
2026-09-19 09:47:02,728 INFO:   Input workers have begun streaming input data
2026-09-19 09:47:02,868 INFO:   Appliance staging is complete
2026-09-19 09:47:02,868 INFO:   Beginning appliance run
2026-09-19 09:47:17,067 INFO:   | Train Device=CSX, Step=190, Loss=1.15576, Rate=2778.18 samples/sec, GlobalRate=771.60 samples/sec, LoopTimeRemaining=0:00:15, TimeRemaining=0:30:00
2026-09-19 09:47:31,793 INFO:   | Train Device=CSX, Step=200, Loss=1.15277, Rate=2801.43 samples/sec, GlobalRate=1208.07 samples/sec, LoopTimeRemaining=0:00:00, TimeRemaining=0:29:45
2026-09-19 09:47:31,883 INFO:   Training completed successfully!
2026-09-19 09:47:31,905 INFO:   Ordinal 0: Initializing GNNDataProcessor for dataset 'ogbn-arxiv' (split=valid, mode=neighbor).
$REPO_ROOT/.venv/lib/python3.11/site-packages/ogb/nodeproppred/dataset_pyg.py:69: FutureWarning: You are using `torch.load` with `weights_only=False` (the current default value), which uses the default pickle module implicitly. It is possible to construct malicious pickle data which will execute arbitrary code during unpickling (See https://github.com/pytorch/pytorch/blob/main/SECURITY.md#untrusted-models for more details). In a future release, the default value for `weights_only` will be flipped to `True`. This limits the functions that could be executed during unpickling. Arbitrary objects will no longer be allowed to be loaded via this mode unless they are explicitly allowlisted by the user via `torch.serialization.add_safe_globals`. We recommend you start setting `weights_only=True` for any use case where you don't have full control of the loaded file. Please open an issue on GitHub for any issues related to this experimental feature.
  self.data, self.slices = torch.load(self.processed_paths[0])
2026-09-19 09:47:35,530 INFO:   ---------------------------------------------------------------------------
2026-09-19 09:47:35,530 INFO:   Starting val_dataloader_2 loop 10 of 25, with 8 steps
2026-09-19 09:47:35,530 INFO:   ---------------------------------------------------------------------------
2026-09-19 09:47:37,721 INFO:   Compiling the model. This may take a few minutes.
2026-09-19 09:47:37,722 INFO:   Found existing cached compile.
2026-09-19 09:47:37,722 INFO:   Compile was successful!
2026-09-19 09:47:37,723 INFO:   Programming Cerebras Wafer Scale Cluster for execution. This may take a few minutes.
2026-09-19 09:47:37,723 INFO:   Preparing to execute using 1 CSX
2026-09-19 09:47:47,653 INFO:   About to send initial weights
2026-09-19 09:47:47,664 INFO:   Finished sending initial weights
2026-09-19 09:47:47,665 INFO:   Finalizing appliance staging for the run
2026-09-19 09:47:49,033 INFO:   Waiting for device programming to complete
2026-09-19 09:48:12,482 INFO:   Device programming is complete
2026-09-19 09:48:12,819 INFO:   Using network type: ROCE
2026-09-19 09:48:12,819 INFO:   Waiting for input workers to prime the data pipeline and begin streaming ...
2026-09-19 09:48:12,833 INFO:   Input workers have begun streaming input data
2026-09-19 09:48:12,947 INFO:   Appliance staging is complete
2026-09-19 09:48:12,948 INFO:   Beginning appliance run
2026-09-19 09:48:16,173 INFO:   | Eval Device=CSX, GlobalStep=200, Batch=8, Loss=1.05513, Rate=7903.75 samples/sec, GlobalRate=806.25 samples/sec, LoopTimeRemaining=0:00:00, TimeRemaining=0:29:06
2026-09-19 09:48:16,211 INFO:   Avg Eval Loss: 1.0551277846097946
2026-09-19 09:48:16,213 INFO:   Evaluation metrics:
2026-09-19 09:48:16,213 INFO:     - eval/masked_accuracy = 0.6822041273117065
2026-09-19 09:48:16,213 INFO:   Evaluation completed successfully!
2026-09-19 09:48:16,217 INFO:   ---------------------------------------------------------------------------
2026-09-19 09:48:16,217 INFO:   Starting train loop 11 of 25, from global step 201 to 220 (20 steps)
2026-09-19 09:48:16,217 INFO:   ---------------------------------------------------------------------------
2026-09-19 09:48:20,957 INFO:   Compiling the model. This may take a few minutes.
2026-09-19 09:48:20,957 INFO:   Found existing cached compile.
2026-09-19 09:48:20,957 INFO:   Compile was successful!
2026-09-19 09:48:20,958 INFO:   Programming Cerebras Wafer Scale Cluster for execution. This may take a few minutes.
2026-09-19 09:48:20,958 INFO:   Preparing to execute using 1 CSX
2026-09-19 09:48:31,012 INFO:   About to send initial weights
2026-09-19 09:48:31,065 INFO:   Finished sending initial weights
2026-09-19 09:48:31,066 INFO:   Finalizing appliance staging for the run
2026-09-19 09:48:32,136 INFO:   Waiting for device programming to complete
2026-09-19 09:48:57,337 INFO:   Device programming is complete
2026-09-19 09:48:57,639 INFO:   Using network type: ROCE
2026-09-19 09:48:57,640 INFO:   Waiting for input workers to prime the data pipeline and begin streaming ...
2026-09-19 09:48:57,648 INFO:   Input workers have begun streaming input data
2026-09-19 09:48:57,738 INFO:   Appliance staging is complete
2026-09-19 09:48:57,738 INFO:   Beginning appliance run
2026-09-19 09:49:11,772 INFO:   | Train Device=CSX, Step=210, Loss=1.15665, Rate=2565.85 samples/sec, GlobalRate=774.66 samples/sec, LoopTimeRemaining=0:00:14, TimeRemaining=0:27:43
2026-09-19 09:49:26,559 INFO:   | Train Device=CSX, Step=220, Loss=1.08126, Rate=2779.18 samples/sec, GlobalRate=1210.73 samples/sec, LoopTimeRemaining=0:00:00, TimeRemaining=0:27:47
2026-09-19 09:49:26,653 INFO:   Training completed successfully!
2026-09-19 09:49:26,678 INFO:   Ordinal 0: Initializing GNNDataProcessor for dataset 'ogbn-arxiv' (split=valid, mode=neighbor).
$REPO_ROOT/.venv/lib/python3.11/site-packages/ogb/nodeproppred/dataset_pyg.py:69: FutureWarning: You are using `torch.load` with `weights_only=False` (the current default value), which uses the default pickle module implicitly. It is possible to construct malicious pickle data which will execute arbitrary code during unpickling (See https://github.com/pytorch/pytorch/blob/main/SECURITY.md#untrusted-models for more details). In a future release, the default value for `weights_only` will be flipped to `True`. This limits the functions that could be executed during unpickling. Arbitrary objects will no longer be allowed to be loaded via this mode unless they are explicitly allowlisted by the user via `torch.serialization.add_safe_globals`. We recommend you start setting `weights_only=True` for any use case where you don't have full control of the loaded file. Please open an issue on GitHub for any issues related to this experimental feature.
  self.data, self.slices = torch.load(self.processed_paths[0])
2026-09-19 09:49:30,292 INFO:   ---------------------------------------------------------------------------
2026-09-19 09:49:30,292 INFO:   Starting val_dataloader_2 loop 11 of 25, with 8 steps
2026-09-19 09:49:30,292 INFO:   ---------------------------------------------------------------------------
2026-09-19 09:49:32,373 INFO:   Compiling the model. This may take a few minutes.
2026-09-19 09:49:32,373 INFO:   Found existing cached compile.
2026-09-19 09:49:32,373 INFO:   Compile was successful!
2026-09-19 09:49:32,375 INFO:   Programming Cerebras Wafer Scale Cluster for execution. This may take a few minutes.
2026-09-19 09:49:32,375 INFO:   Preparing to execute using 1 CSX
2026-09-19 09:49:57,529 INFO:   About to send initial weights
2026-09-19 09:49:57,542 INFO:   Finished sending initial weights
2026-09-19 09:49:57,542 INFO:   Finalizing appliance staging for the run
2026-09-19 09:49:58,904 INFO:   Waiting for device programming to complete
2026-09-19 09:50:06,959 INFO:   Device programming is complete
2026-09-19 09:50:07,304 INFO:   Using network type: ROCE
2026-09-19 09:50:07,305 INFO:   Waiting for input workers to prime the data pipeline and begin streaming ...
2026-09-19 09:50:07,313 INFO:   Input workers have begun streaming input data
2026-09-19 09:50:07,385 INFO:   Appliance staging is complete
2026-09-19 09:50:07,385 INFO:   Beginning appliance run
2026-09-19 09:50:14,326 INFO:   | Eval Device=CSX, GlobalStep=220, Batch=8, Loss=1.06557, Rate=3083.67 samples/sec, GlobalRate=744.16 samples/sec, LoopTimeRemaining=0:00:00, TimeRemaining=0:28:35
2026-09-19 09:50:14,367 INFO:   Avg Eval Loss: 1.0655665695667267
2026-09-19 09:50:14,368 INFO:   Evaluation metrics:
2026-09-19 09:50:14,369 INFO:     - eval/masked_accuracy = 0.673244059085846
2026-09-19 09:50:14,369 INFO:   Evaluation completed successfully!
2026-09-19 09:50:14,373 INFO:   ---------------------------------------------------------------------------
2026-09-19 09:50:14,373 INFO:   Starting train loop 12 of 25, from global step 221 to 240 (20 steps)
2026-09-19 09:50:14,373 INFO:   ---------------------------------------------------------------------------
2026-09-19 09:50:19,068 INFO:   Compiling the model. This may take a few minutes.
2026-09-19 09:50:19,068 INFO:   Found existing cached compile.
2026-09-19 09:50:19,068 INFO:   Compile was successful!
2026-09-19 09:50:19,070 INFO:   Programming Cerebras Wafer Scale Cluster for execution. This may take a few minutes.
2026-09-19 09:50:19,070 INFO:   Preparing to execute using 1 CSX
2026-09-19 09:50:36,527 INFO:   About to send initial weights
2026-09-19 09:50:36,566 INFO:   Finished sending initial weights
2026-09-19 09:50:36,566 INFO:   Finalizing appliance staging for the run
2026-09-19 09:50:37,578 INFO:   Waiting for device programming to complete
2026-09-19 09:50:55,001 INFO:   Device programming is complete
2026-09-19 09:50:55,342 INFO:   Using network type: ROCE
2026-09-19 09:50:55,343 INFO:   Waiting for input workers to prime the data pipeline and begin streaming ...
2026-09-19 09:50:55,351 INFO:   Input workers have begun streaming input data
2026-09-19 09:50:55,452 INFO:   Appliance staging is complete
2026-09-19 09:50:55,452 INFO:   Beginning appliance run
2026-09-19 09:51:05,524 INFO:   | Train Device=CSX, Step=230, Loss=1.00632, Rate=2937.29 samples/sec, GlobalRate=844.67 samples/sec, LoopTimeRemaining=0:00:14, TimeRemaining=0:27:12
2026-09-19 09:51:24,077 INFO:   | Train Device=CSX, Step=240, Loss=1.10525, Rate=2754.92 samples/sec, GlobalRate=1221.87 samples/sec, LoopTimeRemaining=0:00:00, TimeRemaining=0:27:14
2026-09-19 09:51:24,164 INFO:   Training completed successfully!
2026-09-19 09:51:24,187 INFO:   Ordinal 0: Initializing GNNDataProcessor for dataset 'ogbn-arxiv' (split=valid, mode=neighbor).
$REPO_ROOT/.venv/lib/python3.11/site-packages/ogb/nodeproppred/dataset_pyg.py:69: FutureWarning: You are using `torch.load` with `weights_only=False` (the current default value), which uses the default pickle module implicitly. It is possible to construct malicious pickle data which will execute arbitrary code during unpickling (See https://github.com/pytorch/pytorch/blob/main/SECURITY.md#untrusted-models for more details). In a future release, the default value for `weights_only` will be flipped to `True`. This limits the functions that could be executed during unpickling. Arbitrary objects will no longer be allowed to be loaded via this mode unless they are explicitly allowlisted by the user via `torch.serialization.add_safe_globals`. We recommend you start setting `weights_only=True` for any use case where you don't have full control of the loaded file. Please open an issue on GitHub for any issues related to this experimental feature.
  self.data, self.slices = torch.load(self.processed_paths[0])
2026-09-19 09:51:27,779 INFO:   ---------------------------------------------------------------------------
2026-09-19 09:51:27,779 INFO:   Starting val_dataloader_2 loop 12 of 25, with 8 steps
2026-09-19 09:51:27,779 INFO:   ---------------------------------------------------------------------------
2026-09-19 09:51:29,842 INFO:   Compiling the model. This may take a few minutes.
2026-09-19 09:51:29,842 INFO:   Found existing cached compile.
2026-09-19 09:51:29,842 INFO:   Compile was successful!
2026-09-19 09:51:29,843 INFO:   Programming Cerebras Wafer Scale Cluster for execution. This may take a few minutes.
2026-09-19 09:51:29,843 INFO:   Preparing to execute using 1 CSX
2026-09-19 09:51:47,228 INFO:   About to send initial weights
2026-09-19 09:51:47,240 INFO:   Finished sending initial weights
2026-09-19 09:51:47,240 INFO:   Finalizing appliance staging for the run
2026-09-19 09:51:48,618 INFO:   Waiting for device programming to complete
2026-09-19 09:52:04,532 INFO:   Device programming is complete
2026-09-19 09:52:04,832 INFO:   Using network type: ROCE
2026-09-19 09:52:04,833 INFO:   Waiting for input workers to prime the data pipeline and begin streaming ...
2026-09-19 09:52:04,842 INFO:   Input workers have begun streaming input data
2026-09-19 09:52:04,931 INFO:   Appliance staging is complete
2026-09-19 09:52:04,931 INFO:   Beginning appliance run
2026-09-19 09:52:08,063 INFO:   | Eval Device=CSX, GlobalStep=240, Batch=8, Loss=1.02421, Rate=7645.09 samples/sec, GlobalRate=813.43 samples/sec, LoopTimeRemaining=0:00:00, TimeRemaining=0:24:54
2026-09-19 09:52:08,103 INFO:   Avg Eval Loss: 1.0242069363594055
2026-09-19 09:52:08,105 INFO:   Evaluation metrics:
2026-09-19 09:52:08,105 INFO:     - eval/masked_accuracy = 0.6934125423431396
2026-09-19 09:52:08,105 INFO:   Evaluation completed successfully!
2026-09-19 09:52:08,109 INFO:   ---------------------------------------------------------------------------
2026-09-19 09:52:08,109 INFO:   Starting train loop 13 of 25, from global step 241 to 260 (20 steps)
2026-09-19 09:52:08,109 INFO:   ---------------------------------------------------------------------------
2026-09-19 09:52:12,806 INFO:   Compiling the model. This may take a few minutes.
2026-09-19 09:52:12,807 INFO:   Found existing cached compile.
2026-09-19 09:52:12,807 INFO:   Compile was successful!
2026-09-19 09:52:12,808 INFO:   Programming Cerebras Wafer Scale Cluster for execution. This may take a few minutes.
2026-09-19 09:52:12,808 INFO:   Preparing to execute using 1 CSX
2026-09-19 09:52:30,986 INFO:   About to send initial weights
2026-09-19 09:52:31,025 INFO:   Finished sending initial weights
2026-09-19 09:52:31,025 INFO:   Finalizing appliance staging for the run
2026-09-19 09:52:31,112 INFO:   Waiting for device programming to complete
2026-09-19 09:52:48,895 INFO:   Device programming is complete
2026-09-19 09:52:49,218 INFO:   Using network type: ROCE
2026-09-19 09:52:49,218 INFO:   Waiting for input workers to prime the data pipeline and begin streaming ...
2026-09-19 09:52:49,228 INFO:   Input workers have begun streaming input data
2026-09-19 09:52:49,361 INFO:   Appliance staging is complete
2026-09-19 09:52:49,361 INFO:   Beginning appliance run
2026-09-19 09:52:59,651 INFO:   | Train Device=CSX, Step=250, Loss=1.07935, Rate=2882.28 samples/sec, GlobalRate=838.08 samples/sec, LoopTimeRemaining=0:00:14, TimeRemaining=0:23:48
2026-09-19 09:53:18,533 INFO:   | Train Device=CSX, Step=260, Loss=1.11603, Rate=2709.77 samples/sec, GlobalRate=1209.05 samples/sec, LoopTimeRemaining=0:00:00, TimeRemaining=0:23:49
2026-09-19 09:53:18,621 INFO:   Training completed successfully!
2026-09-19 09:53:18,644 INFO:   Ordinal 0: Initializing GNNDataProcessor for dataset 'ogbn-arxiv' (split=valid, mode=neighbor).
$REPO_ROOT/.venv/lib/python3.11/site-packages/ogb/nodeproppred/dataset_pyg.py:69: FutureWarning: You are using `torch.load` with `weights_only=False` (the current default value), which uses the default pickle module implicitly. It is possible to construct malicious pickle data which will execute arbitrary code during unpickling (See https://github.com/pytorch/pytorch/blob/main/SECURITY.md#untrusted-models for more details). In a future release, the default value for `weights_only` will be flipped to `True`. This limits the functions that could be executed during unpickling. Arbitrary objects will no longer be allowed to be loaded via this mode unless they are explicitly allowlisted by the user via `torch.serialization.add_safe_globals`. We recommend you start setting `weights_only=True` for any use case where you don't have full control of the loaded file. Please open an issue on GitHub for any issues related to this experimental feature.
  self.data, self.slices = torch.load(self.processed_paths[0])
2026-09-19 09:53:22,278 INFO:   ---------------------------------------------------------------------------
2026-09-19 09:53:22,278 INFO:   Starting val_dataloader_2 loop 13 of 25, with 8 steps
2026-09-19 09:53:22,278 INFO:   ---------------------------------------------------------------------------
2026-09-19 09:53:24,420 INFO:   Compiling the model. This may take a few minutes.
2026-09-19 09:53:24,420 INFO:   Found existing cached compile.
2026-09-19 09:53:24,420 INFO:   Compile was successful!
2026-09-19 09:53:24,421 INFO:   Programming Cerebras Wafer Scale Cluster for execution. This may take a few minutes.
2026-09-19 09:53:24,422 INFO:   Preparing to execute using 1 CSX
2026-09-19 09:53:34,133 INFO:   About to send initial weights
2026-09-19 09:53:34,146 INFO:   Finished sending initial weights
2026-09-19 09:53:34,146 INFO:   Finalizing appliance staging for the run
2026-09-19 09:53:34,760 INFO:   Waiting for device programming to complete
2026-09-19 09:53:59,251 INFO:   Device programming is complete
2026-09-19 09:53:59,534 INFO:   Using network type: ROCE
2026-09-19 09:53:59,535 INFO:   Waiting for input workers to prime the data pipeline and begin streaming ...
2026-09-19 09:53:59,544 INFO:   Input workers have begun streaming input data
2026-09-19 09:53:59,669 INFO:   Appliance staging is complete
2026-09-19 09:53:59,669 INFO:   Beginning appliance run
2026-09-19 09:54:02,847 INFO:   | Eval Device=CSX, GlobalStep=260, Batch=8, Loss=1.03767, Rate=7571.29 samples/sec, GlobalRate=807.72 samples/sec, LoopTimeRemaining=0:00:00, TimeRemaining=0:23:08
2026-09-19 09:54:02,884 INFO:   Avg Eval Loss: 1.0376734286546707
2026-09-19 09:54:02,886 INFO:   Evaluation metrics:
2026-09-19 09:54:02,886 INFO:     - eval/masked_accuracy = 0.6842846870422363
2026-09-19 09:54:02,886 INFO:   Evaluation completed successfully!
2026-09-19 09:54:02,889 INFO:   ---------------------------------------------------------------------------
2026-09-19 09:54:02,890 INFO:   Starting train loop 14 of 25, from global step 261 to 280 (20 steps)
2026-09-19 09:54:02,890 INFO:   ---------------------------------------------------------------------------
2026-09-19 09:54:07,519 INFO:   Compiling the model. This may take a few minutes.
2026-09-19 09:54:07,519 INFO:   Found existing cached compile.
2026-09-19 09:54:07,519 INFO:   Compile was successful!
2026-09-19 09:54:07,521 INFO:   Programming Cerebras Wafer Scale Cluster for execution. This may take a few minutes.
2026-09-19 09:54:07,521 INFO:   Preparing to execute using 1 CSX
2026-09-19 09:54:17,749 INFO:   About to send initial weights
2026-09-19 09:54:17,786 INFO:   Finished sending initial weights
2026-09-19 09:54:17,786 INFO:   Finalizing appliance staging for the run
2026-09-19 09:54:18,852 INFO:   Waiting for device programming to complete
2026-09-19 09:54:43,806 INFO:   Device programming is complete
2026-09-19 09:54:44,104 INFO:   Using network type: ROCE
2026-09-19 09:54:44,105 INFO:   Waiting for input workers to prime the data pipeline and begin streaming ...
2026-09-19 09:54:44,116 INFO:   Input workers have begun streaming input data
2026-09-19 09:54:44,215 INFO:   Appliance staging is complete
2026-09-19 09:54:44,215 INFO:   Beginning appliance run
2026-09-19 09:54:54,566 INFO:   | Train Device=CSX, Step=270, Loss=1.05143, Rate=2886.58 samples/sec, GlobalRate=835.15 samples/sec, LoopTimeRemaining=0:00:14, TimeRemaining=0:22:05
2026-09-19 09:55:12,670 INFO:   | Train Device=CSX, Step=280, Loss=1.06777, Rate=2670.26 samples/sec, GlobalRate=1219.97 samples/sec, LoopTimeRemaining=0:00:00, TimeRemaining=0:21:52
2026-09-19 09:55:12,759 INFO:   Training completed successfully!
2026-09-19 09:55:12,780 INFO:   Ordinal 0: Initializing GNNDataProcessor for dataset 'ogbn-arxiv' (split=valid, mode=neighbor).
$REPO_ROOT/.venv/lib/python3.11/site-packages/ogb/nodeproppred/dataset_pyg.py:69: FutureWarning: You are using `torch.load` with `weights_only=False` (the current default value), which uses the default pickle module implicitly. It is possible to construct malicious pickle data which will execute arbitrary code during unpickling (See https://github.com/pytorch/pytorch/blob/main/SECURITY.md#untrusted-models for more details). In a future release, the default value for `weights_only` will be flipped to `True`. This limits the functions that could be executed during unpickling. Arbitrary objects will no longer be allowed to be loaded via this mode unless they are explicitly allowlisted by the user via `torch.serialization.add_safe_globals`. We recommend you start setting `weights_only=True` for any use case where you don't have full control of the loaded file. Please open an issue on GitHub for any issues related to this experimental feature.
  self.data, self.slices = torch.load(self.processed_paths[0])
2026-09-19 09:55:16,369 INFO:   ---------------------------------------------------------------------------
2026-09-19 09:55:16,369 INFO:   Starting val_dataloader_2 loop 14 of 25, with 8 steps
2026-09-19 09:55:16,369 INFO:   ---------------------------------------------------------------------------
2026-09-19 09:55:18,411 INFO:   Compiling the model. This may take a few minutes.
2026-09-19 09:55:18,412 INFO:   Found existing cached compile.
2026-09-19 09:55:18,412 INFO:   Compile was successful!
2026-09-19 09:55:18,413 INFO:   Programming Cerebras Wafer Scale Cluster for execution. This may take a few minutes.
2026-09-19 09:55:18,413 INFO:   Preparing to execute using 1 CSX
2026-09-19 09:55:45,431 INFO:   About to send initial weights
2026-09-19 09:55:45,444 INFO:   Finished sending initial weights
2026-09-19 09:55:45,444 INFO:   Finalizing appliance staging for the run
2026-09-19 09:55:46,374 INFO:   Waiting for device programming to complete
2026-09-19 09:55:53,309 INFO:   Device programming is complete
2026-09-19 09:55:53,615 INFO:   Using network type: ROCE
2026-09-19 09:55:53,616 INFO:   Waiting for input workers to prime the data pipeline and begin streaming ...
2026-09-19 09:55:53,655 INFO:   Input workers have begun streaming input data
2026-09-19 09:55:53,737 INFO:   Appliance staging is complete
2026-09-19 09:55:53,738 INFO:   Beginning appliance run
2026-09-19 09:56:02,156 INFO:   | Eval Device=CSX, GlobalStep=280, Batch=8, Loss=1.02147, Rate=2852.10 samples/sec, GlobalRate=715.66 samples/sec, LoopTimeRemaining=0:00:00, TimeRemaining=0:23:01
2026-09-19 09:56:02,197 INFO:   Avg Eval Loss: 1.0214690193533897
2026-09-19 09:56:02,200 INFO:   Evaluation metrics:
2026-09-19 09:56:02,200 INFO:     - eval/masked_accuracy = 0.6933789849281311
2026-09-19 09:56:02,200 INFO:   Evaluation completed successfully!
2026-09-19 09:56:02,204 INFO:   ---------------------------------------------------------------------------
2026-09-19 09:56:02,204 INFO:   Starting train loop 15 of 25, from global step 281 to 300 (20 steps)
2026-09-19 09:56:02,204 INFO:   ---------------------------------------------------------------------------
2026-09-19 09:56:06,882 INFO:   Compiling the model. This may take a few minutes.
2026-09-19 09:56:06,882 INFO:   Found existing cached compile.
2026-09-19 09:56:06,882 INFO:   Compile was successful!
2026-09-19 09:56:06,884 INFO:   Programming Cerebras Wafer Scale Cluster for execution. This may take a few minutes.
2026-09-19 09:56:06,884 INFO:   Preparing to execute using 1 CSX
2026-09-19 09:56:16,802 INFO:   About to send initial weights
2026-09-19 09:56:16,844 INFO:   Finished sending initial weights
2026-09-19 09:56:16,844 INFO:   Finalizing appliance staging for the run
2026-09-19 09:56:17,921 INFO:   Waiting for device programming to complete
2026-09-19 09:56:43,390 INFO:   Device programming is complete
2026-09-19 09:56:43,741 INFO:   Using network type: ROCE
2026-09-19 09:56:43,741 INFO:   Waiting for input workers to prime the data pipeline and begin streaming ...
2026-09-19 09:56:43,750 INFO:   Input workers have begun streaming input data
2026-09-19 09:56:43,823 INFO:   Appliance staging is complete
2026-09-19 09:56:43,823 INFO:   Beginning appliance run
2026-09-19 09:56:54,245 INFO:   | Train Device=CSX, Step=290, Loss=1.04976, Rate=2806.94 samples/sec, GlobalRate=829.64 samples/sec, LoopTimeRemaining=0:00:14, TimeRemaining=0:22:08
2026-09-19 09:57:12,456 INFO:   | Train Device=CSX, Step=300, Loss=1.11336, Rate=1632.03 samples/sec, GlobalRate=1212.15 samples/sec, LoopTimeRemaining=0:00:00, TimeRemaining=0:21:52
2026-09-19 09:57:12,544 INFO:   Training completed successfully!
2026-09-19 09:57:12,565 INFO:   Ordinal 0: Initializing GNNDataProcessor for dataset 'ogbn-arxiv' (split=valid, mode=neighbor).
$REPO_ROOT/.venv/lib/python3.11/site-packages/ogb/nodeproppred/dataset_pyg.py:69: FutureWarning: You are using `torch.load` with `weights_only=False` (the current default value), which uses the default pickle module implicitly. It is possible to construct malicious pickle data which will execute arbitrary code during unpickling (See https://github.com/pytorch/pytorch/blob/main/SECURITY.md#untrusted-models for more details). In a future release, the default value for `weights_only` will be flipped to `True`. This limits the functions that could be executed during unpickling. Arbitrary objects will no longer be allowed to be loaded via this mode unless they are explicitly allowlisted by the user via `torch.serialization.add_safe_globals`. We recommend you start setting `weights_only=True` for any use case where you don't have full control of the loaded file. Please open an issue on GitHub for any issues related to this experimental feature.
  self.data, self.slices = torch.load(self.processed_paths[0])
2026-09-19 09:57:16,163 INFO:   ---------------------------------------------------------------------------
2026-09-19 09:57:16,163 INFO:   Starting val_dataloader_2 loop 15 of 25, with 8 steps
2026-09-19 09:57:16,163 INFO:   ---------------------------------------------------------------------------
2026-09-19 09:57:18,308 INFO:   Compiling the model. This may take a few minutes.
2026-09-19 09:57:18,308 INFO:   Found existing cached compile.
2026-09-19 09:57:18,308 INFO:   Compile was successful!
2026-09-19 09:57:18,309 INFO:   Programming Cerebras Wafer Scale Cluster for execution. This may take a few minutes.
2026-09-19 09:57:18,309 INFO:   Preparing to execute using 1 CSX
2026-09-19 09:57:37,061 INFO:   About to send initial weights
2026-09-19 09:57:37,075 INFO:   Finished sending initial weights
2026-09-19 09:57:37,075 INFO:   Finalizing appliance staging for the run
2026-09-19 09:57:38,004 INFO:   Waiting for device programming to complete
2026-09-19 09:57:52,724 INFO:   Device programming is complete
2026-09-19 09:57:53,030 INFO:   Using network type: ROCE
2026-09-19 09:57:53,031 INFO:   Waiting for input workers to prime the data pipeline and begin streaming ...
2026-09-19 09:57:53,039 INFO:   Input workers have begun streaming input data
2026-09-19 09:57:53,113 INFO:   Appliance staging is complete
2026-09-19 09:57:53,113 INFO:   Beginning appliance run
2026-09-19 09:57:56,332 INFO:   | Eval Device=CSX, GlobalStep=300, Batch=8, Loss=1.00452, Rate=7888.94 samples/sec, GlobalRate=815.76 samples/sec, LoopTimeRemaining=0:00:00, TimeRemaining=0:19:47
2026-09-19 09:57:56,372 INFO:   Avg Eval Loss: 1.0045233443379402
2026-09-19 09:57:56,374 INFO:   Evaluation metrics:
2026-09-19 09:57:56,374 INFO:     - eval/masked_accuracy = 0.6934460997581482
2026-09-19 09:57:56,374 INFO:   Evaluation completed successfully!
2026-09-19 09:57:56,378 INFO:   ---------------------------------------------------------------------------
2026-09-19 09:57:56,379 INFO:   Starting train loop 16 of 25, from global step 301 to 320 (20 steps)
2026-09-19 09:57:56,379 INFO:   ---------------------------------------------------------------------------
2026-09-19 09:58:01,074 INFO:   Compiling the model. This may take a few minutes.
2026-09-19 09:58:01,074 INFO:   Found existing cached compile.
2026-09-19 09:58:01,074 INFO:   Compile was successful!
2026-09-19 09:58:01,075 INFO:   Programming Cerebras Wafer Scale Cluster for execution. This may take a few minutes.
2026-09-19 09:58:01,075 INFO:   Preparing to execute using 1 CSX
2026-09-19 09:58:11,177 INFO:   About to send initial weights
2026-09-19 09:58:11,229 INFO:   Finished sending initial weights
2026-09-19 09:58:11,229 INFO:   Finalizing appliance staging for the run
2026-09-19 09:58:11,422 INFO:   Waiting for device programming to complete
2026-09-19 09:58:37,510 INFO:   Device programming is complete
2026-09-19 09:58:37,802 INFO:   Using network type: ROCE
2026-09-19 09:58:37,803 INFO:   Waiting for input workers to prime the data pipeline and begin streaming ...
2026-09-19 09:58:37,811 INFO:   Input workers have begun streaming input data
2026-09-19 09:58:37,912 INFO:   Appliance staging is complete
2026-09-19 09:58:37,912 INFO:   Beginning appliance run
2026-09-19 09:58:48,577 INFO:   | Train Device=CSX, Step=310, Loss=1.03480, Rate=2589.59 samples/sec, GlobalRate=826.54 samples/sec, LoopTimeRemaining=0:00:14, TimeRemaining=0:18:49
2026-09-19 09:59:03,225 INFO:   | Train Device=CSX, Step=320, Loss=1.06706, Rate=2865.14 samples/sec, GlobalRate=1275.93 samples/sec, LoopTimeRemaining=0:00:00, TimeRemaining=0:18:35
2026-09-19 09:59:03,318 INFO:   Training completed successfully!
2026-09-19 09:59:03,343 INFO:   Ordinal 0: Initializing GNNDataProcessor for dataset 'ogbn-arxiv' (split=valid, mode=neighbor).
$REPO_ROOT/.venv/lib/python3.11/site-packages/ogb/nodeproppred/dataset_pyg.py:69: FutureWarning: You are using `torch.load` with `weights_only=False` (the current default value), which uses the default pickle module implicitly. It is possible to construct malicious pickle data which will execute arbitrary code during unpickling (See https://github.com/pytorch/pytorch/blob/main/SECURITY.md#untrusted-models for more details). In a future release, the default value for `weights_only` will be flipped to `True`. This limits the functions that could be executed during unpickling. Arbitrary objects will no longer be allowed to be loaded via this mode unless they are explicitly allowlisted by the user via `torch.serialization.add_safe_globals`. We recommend you start setting `weights_only=True` for any use case where you don't have full control of the loaded file. Please open an issue on GitHub for any issues related to this experimental feature.
  self.data, self.slices = torch.load(self.processed_paths[0])
2026-09-19 09:59:06,983 INFO:   ---------------------------------------------------------------------------
2026-09-19 09:59:06,983 INFO:   Starting val_dataloader_2 loop 16 of 25, with 8 steps
2026-09-19 09:59:06,983 INFO:   ---------------------------------------------------------------------------
2026-09-19 09:59:09,079 INFO:   Compiling the model. This may take a few minutes.
2026-09-19 09:59:09,080 INFO:   Found existing cached compile.
2026-09-19 09:59:09,080 INFO:   Compile was successful!
2026-09-19 09:59:09,081 INFO:   Programming Cerebras Wafer Scale Cluster for execution. This may take a few minutes.
2026-09-19 09:59:09,081 INFO:   Preparing to execute using 1 CSX
2026-09-19 09:59:18,698 INFO:   About to send initial weights
2026-09-19 09:59:18,709 INFO:   Finished sending initial weights
2026-09-19 09:59:18,709 INFO:   Finalizing appliance staging for the run
2026-09-19 09:59:20,073 INFO:   Waiting for device programming to complete
2026-09-19 09:59:43,846 INFO:   Device programming is complete
2026-09-19 09:59:44,160 INFO:   Using network type: ROCE
2026-09-19 09:59:44,160 INFO:   Waiting for input workers to prime the data pipeline and begin streaming ...
2026-09-19 09:59:44,168 INFO:   Input workers have begun streaming input data
2026-09-19 09:59:44,256 INFO:   Appliance staging is complete
2026-09-19 09:59:44,256 INFO:   Beginning appliance run
2026-09-19 09:59:47,440 INFO:   | Eval Device=CSX, GlobalStep=320, Batch=8, Loss=0.99429, Rate=7133.22 samples/sec, GlobalRate=809.95 samples/sec, LoopTimeRemaining=0:00:00, TimeRemaining=0:17:18
2026-09-19 09:59:47,490 INFO:   Avg Eval Loss: 0.9942875728011131
2026-09-19 09:59:47,492 INFO:   Evaluation metrics:
2026-09-19 09:59:47,492 INFO:     - eval/masked_accuracy = 0.6997550129890442
2026-09-19 09:59:47,492 INFO:   Evaluation completed successfully!
2026-09-19 09:59:47,497 INFO:   ---------------------------------------------------------------------------
2026-09-19 09:59:47,497 INFO:   Starting train loop 17 of 25, from global step 321 to 340 (20 steps)
2026-09-19 09:59:47,497 INFO:   ---------------------------------------------------------------------------
2026-09-19 09:59:52,218 INFO:   Compiling the model. This may take a few minutes.
2026-09-19 09:59:52,219 INFO:   Found existing cached compile.
2026-09-19 09:59:52,219 INFO:   Compile was successful!
2026-09-19 09:59:52,220 INFO:   Programming Cerebras Wafer Scale Cluster for execution. This may take a few minutes.
2026-09-19 09:59:52,220 INFO:   Preparing to execute using 1 CSX
2026-09-19 10:00:10,347 INFO:   About to send initial weights
2026-09-19 10:00:10,399 INFO:   Finished sending initial weights
2026-09-19 10:00:10,399 INFO:   Finalizing appliance staging for the run
2026-09-19 10:00:10,441 INFO:   Waiting for device programming to complete
2026-09-19 10:00:28,725 INFO:   Device programming is complete
2026-09-19 10:00:29,029 INFO:   Using network type: ROCE
2026-09-19 10:00:29,029 INFO:   Waiting for input workers to prime the data pipeline and begin streaming ...
2026-09-19 10:00:29,038 INFO:   Input workers have begun streaming input data
2026-09-19 10:00:29,137 INFO:   Appliance staging is complete
2026-09-19 10:00:29,137 INFO:   Beginning appliance run
2026-09-19 10:00:39,999 INFO:   | Train Device=CSX, Step=330, Loss=1.06537, Rate=2544.87 samples/sec, GlobalRate=822.20 samples/sec, LoopTimeRemaining=0:00:15, TimeRemaining=0:16:28
2026-09-19 10:00:54,514 INFO:   | Train Device=CSX, Step=340, Loss=1.01093, Rate=2863.47 samples/sec, GlobalRate=1273.36 samples/sec, LoopTimeRemaining=0:00:00, TimeRemaining=0:16:12
2026-09-19 10:00:54,608 INFO:   Training completed successfully!
2026-09-19 10:00:54,628 INFO:   Ordinal 0: Initializing GNNDataProcessor for dataset 'ogbn-arxiv' (split=valid, mode=neighbor).
$REPO_ROOT/.venv/lib/python3.11/site-packages/ogb/nodeproppred/dataset_pyg.py:69: FutureWarning: You are using `torch.load` with `weights_only=False` (the current default value), which uses the default pickle module implicitly. It is possible to construct malicious pickle data which will execute arbitrary code during unpickling (See https://github.com/pytorch/pytorch/blob/main/SECURITY.md#untrusted-models for more details). In a future release, the default value for `weights_only` will be flipped to `True`. This limits the functions that could be executed during unpickling. Arbitrary objects will no longer be allowed to be loaded via this mode unless they are explicitly allowlisted by the user via `torch.serialization.add_safe_globals`. We recommend you start setting `weights_only=True` for any use case where you don't have full control of the loaded file. Please open an issue on GitHub for any issues related to this experimental feature.
  self.data, self.slices = torch.load(self.processed_paths[0])
2026-09-19 10:00:58,268 INFO:   ---------------------------------------------------------------------------
2026-09-19 10:00:58,269 INFO:   Starting val_dataloader_2 loop 17 of 25, with 8 steps
2026-09-19 10:00:58,269 INFO:   ---------------------------------------------------------------------------
2026-09-19 10:01:00,383 INFO:   Compiling the model. This may take a few minutes.
2026-09-19 10:01:00,384 INFO:   Found existing cached compile.
2026-09-19 10:01:00,384 INFO:   Compile was successful!
2026-09-19 10:01:00,385 INFO:   Programming Cerebras Wafer Scale Cluster for execution. This may take a few minutes.
2026-09-19 10:01:00,385 INFO:   Preparing to execute using 1 CSX
2026-09-19 10:01:17,941 INFO:   About to send initial weights
2026-09-19 10:01:17,954 INFO:   Finished sending initial weights
2026-09-19 10:01:17,954 INFO:   Finalizing appliance staging for the run
2026-09-19 10:01:19,295 INFO:   Waiting for device programming to complete
2026-09-19 10:01:34,879 INFO:   Device programming is complete
2026-09-19 10:01:35,197 INFO:   Using network type: ROCE
2026-09-19 10:01:35,198 INFO:   Waiting for input workers to prime the data pipeline and begin streaming ...
2026-09-19 10:01:35,206 INFO:   Input workers have begun streaming input data
2026-09-19 10:01:35,289 INFO:   Appliance staging is complete
2026-09-19 10:01:35,289 INFO:   Beginning appliance run
2026-09-19 10:01:38,551 INFO:   | Eval Device=CSX, GlobalStep=340, Batch=8, Loss=0.99246, Rate=7749.54 samples/sec, GlobalRate=813.46 samples/sec, LoopTimeRemaining=0:00:00, TimeRemaining=0:15:27
2026-09-19 10:01:38,599 INFO:   Avg Eval Loss: 0.9924567118287086
2026-09-19 10:01:38,601 INFO:   Evaluation metrics:
2026-09-19 10:01:38,601 INFO:     - eval/masked_accuracy = 0.7003254890441895
2026-09-19 10:01:38,601 INFO:   Evaluation completed successfully!
2026-09-19 10:01:38,605 INFO:   ---------------------------------------------------------------------------
2026-09-19 10:01:38,605 INFO:   Starting train loop 18 of 25, from global step 341 to 360 (20 steps)
2026-09-19 10:01:38,605 INFO:   ---------------------------------------------------------------------------
2026-09-19 10:01:43,223 INFO:   Compiling the model. This may take a few minutes.
2026-09-19 10:01:43,223 INFO:   Found existing cached compile.
2026-09-19 10:01:43,223 INFO:   Compile was successful!
2026-09-19 10:01:43,225 INFO:   Programming Cerebras Wafer Scale Cluster for execution. This may take a few minutes.
2026-09-19 10:01:43,225 INFO:   Preparing to execute using 1 CSX
2026-09-19 10:02:01,373 INFO:   About to send initial weights
2026-09-19 10:02:01,417 INFO:   Finished sending initial weights
2026-09-19 10:02:01,417 INFO:   Finalizing appliance staging for the run
2026-09-19 10:02:02,488 INFO:   Waiting for device programming to complete
2026-09-19 10:02:19,476 INFO:   Device programming is complete
2026-09-19 10:02:19,819 INFO:   Using network type: ROCE
2026-09-19 10:02:19,820 INFO:   Waiting for input workers to prime the data pipeline and begin streaming ...
2026-09-19 10:02:19,829 INFO:   Input workers have begun streaming input data
2026-09-19 10:02:19,931 INFO:   Appliance staging is complete
2026-09-19 10:02:19,932 INFO:   Beginning appliance run
2026-09-19 10:02:33,989 INFO:   | Train Device=CSX, Step=350, Loss=1.03005, Rate=2736.46 samples/sec, GlobalRate=776.82 samples/sec, LoopTimeRemaining=0:00:14, TimeRemaining=0:14:22
2026-09-19 10:02:48,736 INFO:   | Train Device=CSX, Step=360, Loss=0.98120, Rate=2795.90 samples/sec, GlobalRate=1214.09 samples/sec, LoopTimeRemaining=0:00:00, TimeRemaining=0:14:15
2026-09-19 10:02:48,829 INFO:   Training completed successfully!
2026-09-19 10:02:48,850 INFO:   Ordinal 0: Initializing GNNDataProcessor for dataset 'ogbn-arxiv' (split=valid, mode=neighbor).
$REPO_ROOT/.venv/lib/python3.11/site-packages/ogb/nodeproppred/dataset_pyg.py:69: FutureWarning: You are using `torch.load` with `weights_only=False` (the current default value), which uses the default pickle module implicitly. It is possible to construct malicious pickle data which will execute arbitrary code during unpickling (See https://github.com/pytorch/pytorch/blob/main/SECURITY.md#untrusted-models for more details). In a future release, the default value for `weights_only` will be flipped to `True`. This limits the functions that could be executed during unpickling. Arbitrary objects will no longer be allowed to be loaded via this mode unless they are explicitly allowlisted by the user via `torch.serialization.add_safe_globals`. We recommend you start setting `weights_only=True` for any use case where you don't have full control of the loaded file. Please open an issue on GitHub for any issues related to this experimental feature.
  self.data, self.slices = torch.load(self.processed_paths[0])
2026-09-19 10:02:52,451 INFO:   ---------------------------------------------------------------------------
2026-09-19 10:02:52,451 INFO:   Starting val_dataloader_2 loop 18 of 25, with 8 steps
2026-09-19 10:02:52,451 INFO:   ---------------------------------------------------------------------------
2026-09-19 10:02:54,596 INFO:   Compiling the model. This may take a few minutes.
2026-09-19 10:02:54,596 INFO:   Found existing cached compile.
2026-09-19 10:02:54,596 INFO:   Compile was successful!
2026-09-19 10:02:54,598 INFO:   Programming Cerebras Wafer Scale Cluster for execution. This may take a few minutes.
2026-09-19 10:02:54,598 INFO:   Preparing to execute using 1 CSX
2026-09-19 10:03:13,531 INFO:   About to send initial weights
2026-09-19 10:03:13,541 INFO:   Finished sending initial weights
2026-09-19 10:03:13,541 INFO:   Finalizing appliance staging for the run
2026-09-19 10:03:14,087 INFO:   Waiting for device programming to complete
2026-09-19 10:03:29,258 INFO:   Device programming is complete
2026-09-19 10:03:29,575 INFO:   Using network type: ROCE
2026-09-19 10:03:29,576 INFO:   Waiting for input workers to prime the data pipeline and begin streaming ...
2026-09-19 10:03:29,584 INFO:   Input workers have begun streaming input data
2026-09-19 10:03:29,667 INFO:   Appliance staging is complete
2026-09-19 10:03:29,667 INFO:   Beginning appliance run
2026-09-19 10:03:32,885 INFO:   | Eval Device=CSX, GlobalStep=360, Batch=8, Loss=0.99001, Rate=7618.95 samples/sec, GlobalRate=810.41 samples/sec, LoopTimeRemaining=0:00:00, TimeRemaining=0:13:33
2026-09-19 10:03:32,925 INFO:   Avg Eval Loss: 0.9900078326463699
2026-09-19 10:03:32,927 INFO:   Evaluation metrics:
2026-09-19 10:03:32,927 INFO:     - eval/masked_accuracy = 0.6994194388389587
2026-09-19 10:03:32,928 INFO:   Evaluation completed successfully!
2026-09-19 10:03:32,932 INFO:   ---------------------------------------------------------------------------
2026-09-19 10:03:32,933 INFO:   Starting train loop 19 of 25, from global step 361 to 380 (20 steps)
2026-09-19 10:03:32,933 INFO:   ---------------------------------------------------------------------------
2026-09-19 10:03:37,592 INFO:   Compiling the model. This may take a few minutes.
2026-09-19 10:03:37,592 INFO:   Found existing cached compile.
2026-09-19 10:03:37,592 INFO:   Compile was successful!
2026-09-19 10:03:37,593 INFO:   Programming Cerebras Wafer Scale Cluster for execution. This may take a few minutes.
2026-09-19 10:03:37,593 INFO:   Preparing to execute using 1 CSX
2026-09-19 10:03:55,717 INFO:   About to send initial weights
2026-09-19 10:03:55,761 INFO:   Finished sending initial weights
2026-09-19 10:03:55,762 INFO:   Finalizing appliance staging for the run
2026-09-19 10:03:56,842 INFO:   Waiting for device programming to complete
2026-09-19 10:04:13,733 INFO:   Device programming is complete
2026-09-19 10:04:14,058 INFO:   Using network type: ROCE
2026-09-19 10:04:14,059 INFO:   Waiting for input workers to prime the data pipeline and begin streaming ...
2026-09-19 10:04:14,068 INFO:   Input workers have begun streaming input data
2026-09-19 10:04:14,167 INFO:   Appliance staging is complete
2026-09-19 10:04:14,167 INFO:   Beginning appliance run
2026-09-19 10:04:28,302 INFO:   | Train Device=CSX, Step=370, Loss=1.03609, Rate=2068.73 samples/sec, GlobalRate=776.98 samples/sec, LoopTimeRemaining=0:00:14, TimeRemaining=0:12:24
2026-09-19 10:04:43,038 INFO:   | Train Device=CSX, Step=380, Loss=1.03946, Rate=2799.26 samples/sec, GlobalRate=1214.47 samples/sec, LoopTimeRemaining=0:00:00, TimeRemaining=0:12:18
2026-09-19 10:04:43,132 INFO:   Training completed successfully!
2026-09-19 10:04:43,153 INFO:   Ordinal 0: Initializing GNNDataProcessor for dataset 'ogbn-arxiv' (split=valid, mode=neighbor).
$REPO_ROOT/.venv/lib/python3.11/site-packages/ogb/nodeproppred/dataset_pyg.py:69: FutureWarning: You are using `torch.load` with `weights_only=False` (the current default value), which uses the default pickle module implicitly. It is possible to construct malicious pickle data which will execute arbitrary code during unpickling (See https://github.com/pytorch/pytorch/blob/main/SECURITY.md#untrusted-models for more details). In a future release, the default value for `weights_only` will be flipped to `True`. This limits the functions that could be executed during unpickling. Arbitrary objects will no longer be allowed to be loaded via this mode unless they are explicitly allowlisted by the user via `torch.serialization.add_safe_globals`. We recommend you start setting `weights_only=True` for any use case where you don't have full control of the loaded file. Please open an issue on GitHub for any issues related to this experimental feature.
  self.data, self.slices = torch.load(self.processed_paths[0])
2026-09-19 10:04:46,822 INFO:   ---------------------------------------------------------------------------
2026-09-19 10:04:46,822 INFO:   Starting val_dataloader_2 loop 19 of 25, with 8 steps
2026-09-19 10:04:46,822 INFO:   ---------------------------------------------------------------------------
2026-09-19 10:04:48,980 INFO:   Compiling the model. This may take a few minutes.
2026-09-19 10:04:48,980 INFO:   Found existing cached compile.
2026-09-19 10:04:48,980 INFO:   Compile was successful!
2026-09-19 10:04:48,982 INFO:   Programming Cerebras Wafer Scale Cluster for execution. This may take a few minutes.
2026-09-19 10:04:48,982 INFO:   Preparing to execute using 1 CSX
2026-09-19 10:05:06,951 INFO:   About to send initial weights
2026-09-19 10:05:06,963 INFO:   Finished sending initial weights
2026-09-19 10:05:06,963 INFO:   Finalizing appliance staging for the run
2026-09-19 10:05:07,332 INFO:   Waiting for device programming to complete
2026-09-19 10:05:23,764 INFO:   Device programming is complete
2026-09-19 10:05:23,988 INFO:   Using network type: ROCE
2026-09-19 10:05:23,989 INFO:   Waiting for input workers to prime the data pipeline and begin streaming ...
2026-09-19 10:05:23,998 INFO:   Input workers have begun streaming input data
2026-09-19 10:05:24,070 INFO:   Appliance staging is complete
2026-09-19 10:05:24,071 INFO:   Beginning appliance run
2026-09-19 10:05:27,281 INFO:   | Eval Device=CSX, GlobalStep=380, Batch=8, Loss=0.99553, Rate=6538.14 samples/sec, GlobalRate=809.91 samples/sec, LoopTimeRemaining=0:00:00, TimeRemaining=0:11:37
2026-09-19 10:05:27,321 INFO:   Avg Eval Loss: 0.9955291450023651
2026-09-19 10:05:27,323 INFO:   Evaluation metrics:
2026-09-19 10:05:27,323 INFO:     - eval/masked_accuracy = 0.6974730491638184
2026-09-19 10:05:27,323 INFO:   Evaluation completed successfully!
2026-09-19 10:05:27,329 INFO:   ---------------------------------------------------------------------------
2026-09-19 10:05:27,329 INFO:   Starting train loop 20 of 25, from global step 381 to 400 (20 steps)
2026-09-19 10:05:27,329 INFO:   ---------------------------------------------------------------------------
2026-09-19 10:05:32,048 INFO:   Compiling the model. This may take a few minutes.
2026-09-19 10:05:32,049 INFO:   Found existing cached compile.
2026-09-19 10:05:32,049 INFO:   Compile was successful!
2026-09-19 10:05:32,050 INFO:   Programming Cerebras Wafer Scale Cluster for execution. This may take a few minutes.
2026-09-19 10:05:32,050 INFO:   Preparing to execute using 1 CSX
2026-09-19 10:05:42,151 INFO:   About to send initial weights
2026-09-19 10:05:42,196 INFO:   Finished sending initial weights
2026-09-19 10:05:42,196 INFO:   Finalizing appliance staging for the run
2026-09-19 10:05:43,269 INFO:   Waiting for device programming to complete
2026-09-19 10:06:08,596 INFO:   Device programming is complete
2026-09-19 10:06:08,917 INFO:   Using network type: ROCE
2026-09-19 10:06:08,918 INFO:   Waiting for input workers to prime the data pipeline and begin streaming ...
2026-09-19 10:06:08,926 INFO:   Input workers have begun streaming input data
2026-09-19 10:06:09,033 INFO:   Appliance staging is complete
2026-09-19 10:06:09,033 INFO:   Beginning appliance run
2026-09-19 10:06:19,192 INFO:   | Train Device=CSX, Step=390, Loss=1.06085, Rate=2903.46 samples/sec, GlobalRate=834.25 samples/sec, LoopTimeRemaining=0:00:14, TimeRemaining=0:10:34
2026-09-19 10:06:37,889 INFO:   | Train Device=CSX, Step=400, Loss=1.02728, Rate=2752.88 samples/sec, GlobalRate=1208.34 samples/sec, LoopTimeRemaining=0:00:00, TimeRemaining=0:10:24
2026-09-19 10:06:37,979 INFO:   Training completed successfully!
2026-09-19 10:06:38,001 INFO:   Ordinal 0: Initializing GNNDataProcessor for dataset 'ogbn-arxiv' (split=valid, mode=neighbor).
$REPO_ROOT/.venv/lib/python3.11/site-packages/ogb/nodeproppred/dataset_pyg.py:69: FutureWarning: You are using `torch.load` with `weights_only=False` (the current default value), which uses the default pickle module implicitly. It is possible to construct malicious pickle data which will execute arbitrary code during unpickling (See https://github.com/pytorch/pytorch/blob/main/SECURITY.md#untrusted-models for more details). In a future release, the default value for `weights_only` will be flipped to `True`. This limits the functions that could be executed during unpickling. Arbitrary objects will no longer be allowed to be loaded via this mode unless they are explicitly allowlisted by the user via `torch.serialization.add_safe_globals`. We recommend you start setting `weights_only=True` for any use case where you don't have full control of the loaded file. Please open an issue on GitHub for any issues related to this experimental feature.
  self.data, self.slices = torch.load(self.processed_paths[0])
2026-09-19 10:06:41,618 INFO:   ---------------------------------------------------------------------------
2026-09-19 10:06:41,618 INFO:   Starting val_dataloader_2 loop 20 of 25, with 8 steps
2026-09-19 10:06:41,618 INFO:   ---------------------------------------------------------------------------
2026-09-19 10:06:43,732 INFO:   Compiling the model. This may take a few minutes.
2026-09-19 10:06:43,732 INFO:   Found existing cached compile.
2026-09-19 10:06:43,732 INFO:   Compile was successful!
2026-09-19 10:06:43,734 INFO:   Programming Cerebras Wafer Scale Cluster for execution. This may take a few minutes.
2026-09-19 10:06:43,734 INFO:   Preparing to execute using 1 CSX
2026-09-19 10:07:10,561 INFO:   About to send initial weights
2026-09-19 10:07:10,573 INFO:   Finished sending initial weights
2026-09-19 10:07:10,573 INFO:   Finalizing appliance staging for the run
2026-09-19 10:07:12,181 INFO:   Waiting for device programming to complete
2026-09-19 10:07:18,140 INFO:   Device programming is complete
2026-09-19 10:07:18,394 INFO:   Using network type: ROCE
2026-09-19 10:07:18,395 INFO:   Waiting for input workers to prime the data pipeline and begin streaming ...
2026-09-19 10:07:18,403 INFO:   Input workers have begun streaming input data
2026-09-19 10:07:18,488 INFO:   Appliance staging is complete
2026-09-19 10:07:18,488 INFO:   Beginning appliance run
2026-09-19 10:07:28,367 INFO:   | Eval Device=CSX, GlobalStep=400, Batch=8, Loss=0.96710, Rate=2694.56 samples/sec, GlobalRate=700.94 samples/sec, LoopTimeRemaining=0:00:00, TimeRemaining=0:10:28
2026-09-19 10:07:28,407 INFO:   Avg Eval Loss: 0.9671033918857574
2026-09-19 10:07:28,409 INFO:   Evaluation metrics:
2026-09-19 10:07:28,409 INFO:     - eval/masked_accuracy = 0.704822301864624
2026-09-19 10:07:28,409 INFO:   Evaluation completed successfully!
2026-09-19 10:07:28,414 INFO:   ---------------------------------------------------------------------------
2026-09-19 10:07:28,414 INFO:   Starting train loop 21 of 25, from global step 401 to 420 (20 steps)
2026-09-19 10:07:28,414 INFO:   ---------------------------------------------------------------------------
2026-09-19 10:07:33,085 INFO:   Compiling the model. This may take a few minutes.
2026-09-19 10:07:33,085 INFO:   Found existing cached compile.
2026-09-19 10:07:33,085 INFO:   Compile was successful!
2026-09-19 10:07:33,087 INFO:   Programming Cerebras Wafer Scale Cluster for execution. This may take a few minutes.
2026-09-19 10:07:33,087 INFO:   Preparing to execute using 1 CSX
2026-09-19 10:07:50,540 INFO:   About to send initial weights
2026-09-19 10:07:50,722 INFO:   Finished sending initial weights
2026-09-19 10:07:50,722 INFO:   Finalizing appliance staging for the run
2026-09-19 10:07:50,732 INFO:   Waiting for device programming to complete
2026-09-19 10:08:09,241 INFO:   Device programming is complete
2026-09-19 10:08:09,567 INFO:   Using network type: ROCE
2026-09-19 10:08:09,568 INFO:   Waiting for input workers to prime the data pipeline and begin streaming ...
2026-09-19 10:08:09,576 INFO:   Input workers have begun streaming input data
2026-09-19 10:08:09,650 INFO:   Appliance staging is complete
2026-09-19 10:08:09,650 INFO:   Beginning appliance run
2026-09-19 10:08:19,945 INFO:   | Train Device=CSX, Step=410, Loss=1.02660, Rate=2913.73 samples/sec, GlobalRate=838.16 samples/sec, LoopTimeRemaining=0:00:14, TimeRemaining=0:09:27
2026-09-19 10:08:38,238 INFO:   | Train Device=CSX, Step=420, Loss=1.02270, Rate=2744.25 samples/sec, GlobalRate=1219.73 samples/sec, LoopTimeRemaining=0:00:00, TimeRemaining=0:09:14
2026-09-19 10:08:38,332 INFO:   Training completed successfully!
2026-09-19 10:08:38,376 INFO:   Ordinal 0: Initializing GNNDataProcessor for dataset 'ogbn-arxiv' (split=valid, mode=neighbor).
$REPO_ROOT/.venv/lib/python3.11/site-packages/ogb/nodeproppred/dataset_pyg.py:69: FutureWarning: You are using `torch.load` with `weights_only=False` (the current default value), which uses the default pickle module implicitly. It is possible to construct malicious pickle data which will execute arbitrary code during unpickling (See https://github.com/pytorch/pytorch/blob/main/SECURITY.md#untrusted-models for more details). In a future release, the default value for `weights_only` will be flipped to `True`. This limits the functions that could be executed during unpickling. Arbitrary objects will no longer be allowed to be loaded via this mode unless they are explicitly allowlisted by the user via `torch.serialization.add_safe_globals`. We recommend you start setting `weights_only=True` for any use case where you don't have full control of the loaded file. Please open an issue on GitHub for any issues related to this experimental feature.
  self.data, self.slices = torch.load(self.processed_paths[0])
2026-09-19 10:08:41,987 INFO:   ---------------------------------------------------------------------------
2026-09-19 10:08:41,987 INFO:   Starting val_dataloader_2 loop 21 of 25, with 8 steps
2026-09-19 10:08:41,987 INFO:   ---------------------------------------------------------------------------
2026-09-19 10:08:44,035 INFO:   Compiling the model. This may take a few minutes.
2026-09-19 10:08:44,036 INFO:   Found existing cached compile.
2026-09-19 10:08:44,036 INFO:   Compile was successful!
2026-09-19 10:08:44,037 INFO:   Programming Cerebras Wafer Scale Cluster for execution. This may take a few minutes.
2026-09-19 10:08:44,037 INFO:   Preparing to execute using 1 CSX
2026-09-19 10:08:53,474 INFO:   About to send initial weights
2026-09-19 10:08:53,485 INFO:   Finished sending initial weights
2026-09-19 10:08:53,485 INFO:   Finalizing appliance staging for the run
2026-09-19 10:08:54,828 INFO:   Waiting for device programming to complete
2026-09-19 10:09:18,890 INFO:   Device programming is complete
2026-09-19 10:09:19,228 INFO:   Using network type: ROCE
2026-09-19 10:09:19,229 INFO:   Waiting for input workers to prime the data pipeline and begin streaming ...
2026-09-19 10:09:19,237 INFO:   Input workers have begun streaming input data
2026-09-19 10:09:19,326 INFO:   Appliance staging is complete
2026-09-19 10:09:19,326 INFO:   Beginning appliance run
2026-09-19 10:09:22,565 INFO:   | Eval Device=CSX, GlobalStep=420, Batch=8, Loss=0.99001, Rate=7352.25 samples/sec, GlobalRate=807.53 samples/sec, LoopTimeRemaining=0:00:00, TimeRemaining=0:07:42
2026-09-19 10:09:22,605 INFO:   Avg Eval Loss: 0.9900068566203117
2026-09-19 10:09:22,607 INFO:   Evaluation metrics:
2026-09-19 10:09:22,607 INFO:     - eval/masked_accuracy = 0.6942850351333618
2026-09-19 10:09:22,607 INFO:   Evaluation completed successfully!
2026-09-19 10:09:22,611 INFO:   ---------------------------------------------------------------------------
2026-09-19 10:09:22,611 INFO:   Starting train loop 22 of 25, from global step 421 to 440 (20 steps)
2026-09-19 10:09:22,611 INFO:   ---------------------------------------------------------------------------
2026-09-19 10:09:27,298 INFO:   Compiling the model. This may take a few minutes.
2026-09-19 10:09:27,299 INFO:   Found existing cached compile.
2026-09-19 10:09:27,299 INFO:   Compile was successful!
2026-09-19 10:09:27,300 INFO:   Programming Cerebras Wafer Scale Cluster for execution. This may take a few minutes.
2026-09-19 10:09:27,300 INFO:   Preparing to execute using 1 CSX
2026-09-19 10:09:37,377 INFO:   About to send initial weights
2026-09-19 10:09:37,422 INFO:   Finished sending initial weights
2026-09-19 10:09:37,423 INFO:   Finalizing appliance staging for the run
2026-09-19 10:09:38,507 INFO:   Waiting for device programming to complete
2026-09-19 10:10:03,740 INFO:   Device programming is complete
2026-09-19 10:10:04,068 INFO:   Using network type: ROCE
2026-09-19 10:10:04,069 INFO:   Waiting for input workers to prime the data pipeline and begin streaming ...
2026-09-19 10:10:04,077 INFO:   Input workers have begun streaming input data
2026-09-19 10:10:04,215 INFO:   Appliance staging is complete
2026-09-19 10:10:04,216 INFO:   Beginning appliance run
2026-09-19 10:10:15,078 INFO:   | Train Device=CSX, Step=430, Loss=1.02826, Rate=2598.98 samples/sec, GlobalRate=822.21 samples/sec, LoopTimeRemaining=0:00:14, TimeRemaining=0:06:46
2026-09-19 10:10:33,400 INFO:   | Train Device=CSX, Step=440, Loss=1.04814, Rate=2477.40 samples/sec, GlobalRate=1202.26 samples/sec, LoopTimeRemaining=0:00:00, TimeRemaining=0:06:32
2026-09-19 10:10:33,492 INFO:   Training completed successfully!
2026-09-19 10:10:33,514 INFO:   Ordinal 0: Initializing GNNDataProcessor for dataset 'ogbn-arxiv' (split=valid, mode=neighbor).
$REPO_ROOT/.venv/lib/python3.11/site-packages/ogb/nodeproppred/dataset_pyg.py:69: FutureWarning: You are using `torch.load` with `weights_only=False` (the current default value), which uses the default pickle module implicitly. It is possible to construct malicious pickle data which will execute arbitrary code during unpickling (See https://github.com/pytorch/pytorch/blob/main/SECURITY.md#untrusted-models for more details). In a future release, the default value for `weights_only` will be flipped to `True`. This limits the functions that could be executed during unpickling. Arbitrary objects will no longer be allowed to be loaded via this mode unless they are explicitly allowlisted by the user via `torch.serialization.add_safe_globals`. We recommend you start setting `weights_only=True` for any use case where you don't have full control of the loaded file. Please open an issue on GitHub for any issues related to this experimental feature.
  self.data, self.slices = torch.load(self.processed_paths[0])
2026-09-19 10:10:37,115 INFO:   ---------------------------------------------------------------------------
2026-09-19 10:10:37,115 INFO:   Starting val_dataloader_2 loop 22 of 25, with 8 steps
2026-09-19 10:10:37,115 INFO:   ---------------------------------------------------------------------------
2026-09-19 10:10:39,234 INFO:   Compiling the model. This may take a few minutes.
2026-09-19 10:10:39,234 INFO:   Found existing cached compile.
2026-09-19 10:10:39,234 INFO:   Compile was successful!
2026-09-19 10:10:39,235 INFO:   Programming Cerebras Wafer Scale Cluster for execution. This may take a few minutes.
2026-09-19 10:10:39,235 INFO:   Preparing to execute using 1 CSX
2026-09-19 10:10:57,026 INFO:   About to send initial weights
2026-09-19 10:10:57,037 INFO:   Finished sending initial weights
2026-09-19 10:10:57,037 INFO:   Finalizing appliance staging for the run
2026-09-19 10:10:58,375 INFO:   Waiting for device programming to complete
2026-09-19 10:11:13,992 INFO:   Device programming is complete
2026-09-19 10:11:14,308 INFO:   Using network type: ROCE
2026-09-19 10:11:14,308 INFO:   Waiting for input workers to prime the data pipeline and begin streaming ...
2026-09-19 10:11:14,317 INFO:   Input workers have begun streaming input data
2026-09-19 10:11:14,402 INFO:   Appliance staging is complete
2026-09-19 10:11:14,402 INFO:   Beginning appliance run
2026-09-19 10:11:17,669 INFO:   | Eval Device=CSX, GlobalStep=440, Batch=8, Loss=0.97616, Rate=7691.20 samples/sec, GlobalRate=808.02 samples/sec, LoopTimeRemaining=0:00:00, TimeRemaining=0:05:47
2026-09-19 10:11:17,707 INFO:   Avg Eval Loss: 0.9761577993631363
2026-09-19 10:11:17,710 INFO:   Evaluation metrics:
2026-09-19 10:11:17,710 INFO:     - eval/masked_accuracy = 0.7027081251144409
2026-09-19 10:11:17,710 INFO:   Evaluation completed successfully!
2026-09-19 10:11:17,714 INFO:   ---------------------------------------------------------------------------
2026-09-19 10:11:17,714 INFO:   Starting train loop 23 of 25, from global step 441 to 460 (20 steps)
2026-09-19 10:11:17,714 INFO:   ---------------------------------------------------------------------------
2026-09-19 10:11:22,373 INFO:   Compiling the model. This may take a few minutes.
2026-09-19 10:11:22,373 INFO:   Found existing cached compile.
2026-09-19 10:11:22,373 INFO:   Compile was successful!
2026-09-19 10:11:22,375 INFO:   Programming Cerebras Wafer Scale Cluster for execution. This may take a few minutes.
2026-09-19 10:11:22,375 INFO:   Preparing to execute using 1 CSX
2026-09-19 10:11:40,440 INFO:   About to send initial weights
2026-09-19 10:11:40,489 INFO:   Finished sending initial weights
2026-09-19 10:11:40,489 INFO:   Finalizing appliance staging for the run
2026-09-19 10:11:41,586 INFO:   Waiting for device programming to complete
2026-09-19 10:11:58,621 INFO:   Device programming is complete
2026-09-19 10:11:58,925 INFO:   Using network type: ROCE
2026-09-19 10:11:58,926 INFO:   Waiting for input workers to prime the data pipeline and begin streaming ...
2026-09-19 10:11:58,936 INFO:   Input workers have begun streaming input data
2026-09-19 10:11:59,023 INFO:   Appliance staging is complete
2026-09-19 10:11:59,023 INFO:   Beginning appliance run
2026-09-19 10:12:09,785 INFO:   | Train Device=CSX, Step=450, Loss=0.97238, Rate=2573.70 samples/sec, GlobalRate=828.74 samples/sec, LoopTimeRemaining=0:00:14, TimeRemaining=0:04:50
2026-09-19 10:12:24,169 INFO:   | Train Device=CSX, Step=460, Loss=0.77974, Rate=2884.59 samples/sec, GlobalRate=1283.85 samples/sec, LoopTimeRemaining=0:00:00, TimeRemaining=0:04:35
2026-09-19 10:12:24,256 INFO:   Training completed successfully!
2026-09-19 10:12:24,278 INFO:   Ordinal 0: Initializing GNNDataProcessor for dataset 'ogbn-arxiv' (split=valid, mode=neighbor).
$REPO_ROOT/.venv/lib/python3.11/site-packages/ogb/nodeproppred/dataset_pyg.py:69: FutureWarning: You are using `torch.load` with `weights_only=False` (the current default value), which uses the default pickle module implicitly. It is possible to construct malicious pickle data which will execute arbitrary code during unpickling (See https://github.com/pytorch/pytorch/blob/main/SECURITY.md#untrusted-models for more details). In a future release, the default value for `weights_only` will be flipped to `True`. This limits the functions that could be executed during unpickling. Arbitrary objects will no longer be allowed to be loaded via this mode unless they are explicitly allowlisted by the user via `torch.serialization.add_safe_globals`. We recommend you start setting `weights_only=True` for any use case where you don't have full control of the loaded file. Please open an issue on GitHub for any issues related to this experimental feature.
  self.data, self.slices = torch.load(self.processed_paths[0])
2026-09-19 10:12:27,892 INFO:   ---------------------------------------------------------------------------
2026-09-19 10:12:27,892 INFO:   Starting val_dataloader_2 loop 23 of 25, with 8 steps
2026-09-19 10:12:27,892 INFO:   ---------------------------------------------------------------------------
2026-09-19 10:12:29,992 INFO:   Compiling the model. This may take a few minutes.
2026-09-19 10:12:29,992 INFO:   Found existing cached compile.
2026-09-19 10:12:29,992 INFO:   Compile was successful!
2026-09-19 10:12:29,994 INFO:   Programming Cerebras Wafer Scale Cluster for execution. This may take a few minutes.
2026-09-19 10:12:29,994 INFO:   Preparing to execute using 1 CSX
2026-09-19 10:12:39,816 INFO:   About to send initial weights
2026-09-19 10:12:39,826 INFO:   Finished sending initial weights
2026-09-19 10:12:39,826 INFO:   Finalizing appliance staging for the run
2026-09-19 10:12:41,184 INFO:   Waiting for device programming to complete
2026-09-19 10:13:04,759 INFO:   Device programming is complete
2026-09-19 10:13:05,113 INFO:   Using network type: ROCE
2026-09-19 10:13:05,113 INFO:   Waiting for input workers to prime the data pipeline and begin streaming ...
2026-09-19 10:13:05,122 INFO:   Input workers have begun streaming input data
2026-09-19 10:13:05,196 INFO:   Appliance staging is complete
2026-09-19 10:13:05,196 INFO:   Beginning appliance run
2026-09-19 10:13:08,366 INFO:   | Eval Device=CSX, GlobalStep=460, Batch=8, Loss=0.97451, Rate=7489.19 samples/sec, GlobalRate=809.63 samples/sec, LoopTimeRemaining=0:00:00, TimeRemaining=0:03:51
2026-09-19 10:13:08,414 INFO:   Avg Eval Loss: 0.974508173763752
2026-09-19 10:13:08,416 INFO:   Evaluation metrics:
2026-09-19 10:13:08,416 INFO:     - eval/masked_accuracy = 0.7032115459442139
2026-09-19 10:13:08,416 INFO:   Evaluation completed successfully!
2026-09-19 10:13:08,420 INFO:   ---------------------------------------------------------------------------
2026-09-19 10:13:08,420 INFO:   Starting train loop 24 of 25, from global step 461 to 480 (20 steps)
2026-09-19 10:13:08,420 INFO:   ---------------------------------------------------------------------------
2026-09-19 10:13:13,070 INFO:   Compiling the model. This may take a few minutes.
2026-09-19 10:13:13,070 INFO:   Found existing cached compile.
2026-09-19 10:13:13,070 INFO:   Compile was successful!
2026-09-19 10:13:13,071 INFO:   Programming Cerebras Wafer Scale Cluster for execution. This may take a few minutes.
2026-09-19 10:13:13,071 INFO:   Preparing to execute using 1 CSX
2026-09-19 10:13:31,280 INFO:   About to send initial weights
2026-09-19 10:13:31,321 INFO:   Finished sending initial weights
2026-09-19 10:13:31,321 INFO:   Finalizing appliance staging for the run
2026-09-19 10:13:32,382 INFO:   Waiting for device programming to complete
2026-09-19 10:13:49,341 INFO:   Device programming is complete
2026-09-19 10:13:49,675 INFO:   Using network type: ROCE
2026-09-19 10:13:49,676 INFO:   Waiting for input workers to prime the data pipeline and begin streaming ...
2026-09-19 10:13:49,685 INFO:   Input workers have begun streaming input data
2026-09-19 10:13:49,783 INFO:   Appliance staging is complete
2026-09-19 10:13:49,784 INFO:   Beginning appliance run
2026-09-19 10:14:00,599 INFO:   | Train Device=CSX, Step=470, Loss=0.99191, Rate=2575.74 samples/sec, GlobalRate=826.94 samples/sec, LoopTimeRemaining=0:00:14, TimeRemaining=0:02:54
2026-09-19 10:14:15,029 INFO:   | Train Device=CSX, Step=480, Loss=0.98120, Rate=2874.84 samples/sec, GlobalRate=1280.76 samples/sec, LoopTimeRemaining=0:00:00, TimeRemaining=0:02:40
2026-09-19 10:14:15,120 INFO:   Training completed successfully!
2026-09-19 10:14:15,141 INFO:   Ordinal 0: Initializing GNNDataProcessor for dataset 'ogbn-arxiv' (split=valid, mode=neighbor).
$REPO_ROOT/.venv/lib/python3.11/site-packages/ogb/nodeproppred/dataset_pyg.py:69: FutureWarning: You are using `torch.load` with `weights_only=False` (the current default value), which uses the default pickle module implicitly. It is possible to construct malicious pickle data which will execute arbitrary code during unpickling (See https://github.com/pytorch/pytorch/blob/main/SECURITY.md#untrusted-models for more details). In a future release, the default value for `weights_only` will be flipped to `True`. This limits the functions that could be executed during unpickling. Arbitrary objects will no longer be allowed to be loaded via this mode unless they are explicitly allowlisted by the user via `torch.serialization.add_safe_globals`. We recommend you start setting `weights_only=True` for any use case where you don't have full control of the loaded file. Please open an issue on GitHub for any issues related to this experimental feature.
  self.data, self.slices = torch.load(self.processed_paths[0])
2026-09-19 10:14:18,753 INFO:   ---------------------------------------------------------------------------
2026-09-19 10:14:18,753 INFO:   Starting val_dataloader_2 loop 24 of 25, with 8 steps
2026-09-19 10:14:18,753 INFO:   ---------------------------------------------------------------------------
2026-09-19 10:14:20,815 INFO:   Compiling the model. This may take a few minutes.
2026-09-19 10:14:20,816 INFO:   Found existing cached compile.
2026-09-19 10:14:20,816 INFO:   Compile was successful!
2026-09-19 10:14:20,817 INFO:   Programming Cerebras Wafer Scale Cluster for execution. This may take a few minutes.
2026-09-19 10:14:20,817 INFO:   Preparing to execute using 1 CSX
2026-09-19 10:14:47,855 INFO:   About to send initial weights
2026-09-19 10:14:47,867 INFO:   Finished sending initial weights
2026-09-19 10:14:47,867 INFO:   Finalizing appliance staging for the run
2026-09-19 10:14:48,941 INFO:   Waiting for device programming to complete
2026-09-19 10:14:55,810 INFO:   Device programming is complete
2026-09-19 10:14:56,132 INFO:   Using network type: ROCE
2026-09-19 10:14:56,133 INFO:   Waiting for input workers to prime the data pipeline and begin streaming ...
2026-09-19 10:14:56,162 INFO:   Input workers have begun streaming input data
2026-09-19 10:14:56,260 INFO:   Appliance staging is complete
2026-09-19 10:14:56,261 INFO:   Beginning appliance run
2026-09-19 10:15:04,681 INFO:   | Eval Device=CSX, GlobalStep=480, Batch=8, Loss=0.96403, Rate=2840.51 samples/sec, GlobalRate=713.48 samples/sec, LoopTimeRemaining=0:00:00, TimeRemaining=0:02:07
2026-09-19 10:15:04,729 INFO:   Avg Eval Loss: 0.9640268385410309
2026-09-19 10:15:04,731 INFO:   Evaluation metrics:
2026-09-19 10:15:04,731 INFO:     - eval/masked_accuracy = 0.7041175961494446
2026-09-19 10:15:04,731 INFO:   Evaluation completed successfully!
2026-09-19 10:15:04,735 INFO:   ---------------------------------------------------------------------------
2026-09-19 10:15:04,735 INFO:   Starting train loop 25 of 25, from global step 481 to 500 (20 steps)
2026-09-19 10:15:04,735 INFO:   ---------------------------------------------------------------------------
2026-09-19 10:15:09,401 INFO:   Compiling the model. This may take a few minutes.
2026-09-19 10:15:09,401 INFO:   Found existing cached compile.
2026-09-19 10:15:09,402 INFO:   Compile was successful!
2026-09-19 10:15:09,411 INFO:   Programming Cerebras Wafer Scale Cluster for execution. This may take a few minutes.
2026-09-19 10:15:09,411 INFO:   Preparing to execute using 1 CSX
2026-09-19 10:15:27,300 INFO:   About to send initial weights
2026-09-19 10:15:27,343 INFO:   Finished sending initial weights
2026-09-19 10:15:27,343 INFO:   Finalizing appliance staging for the run
2026-09-19 10:15:27,429 INFO:   Waiting for device programming to complete
2026-09-19 10:15:45,971 INFO:   Device programming is complete
2026-09-19 10:15:46,288 INFO:   Using network type: ROCE
2026-09-19 10:15:46,289 INFO:   Waiting for input workers to prime the data pipeline and begin streaming ...
2026-09-19 10:15:46,297 INFO:   Input workers have begun streaming input data
2026-09-19 10:15:46,412 INFO:   Appliance staging is complete
2026-09-19 10:15:46,413 INFO:   Beginning appliance run
2026-09-19 10:16:00,834 INFO:   | Train Device=CSX, Step=490, Loss=0.99699, Rate=2757.58 samples/sec, GlobalRate=766.49 samples/sec, LoopTimeRemaining=0:00:15, TimeRemaining=0:01:11
2026-09-19 10:16:15,510 INFO:   | Train Device=CSX, Step=500, Loss=0.97461, Rate=2837.88 samples/sec, GlobalRate=1202.69 samples/sec, LoopTimeRemaining=0:00:00, TimeRemaining=0:00:56
2026-09-19 10:16:15,607 INFO:   Training completed successfully!
2026-09-19 10:16:15,628 INFO:   Ordinal 0: Initializing GNNDataProcessor for dataset 'ogbn-arxiv' (split=valid, mode=neighbor).
$REPO_ROOT/.venv/lib/python3.11/site-packages/ogb/nodeproppred/dataset_pyg.py:69: FutureWarning: You are using `torch.load` with `weights_only=False` (the current default value), which uses the default pickle module implicitly. It is possible to construct malicious pickle data which will execute arbitrary code during unpickling (See https://github.com/pytorch/pytorch/blob/main/SECURITY.md#untrusted-models for more details). In a future release, the default value for `weights_only` will be flipped to `True`. This limits the functions that could be executed during unpickling. Arbitrary objects will no longer be allowed to be loaded via this mode unless they are explicitly allowlisted by the user via `torch.serialization.add_safe_globals`. We recommend you start setting `weights_only=True` for any use case where you don't have full control of the loaded file. Please open an issue on GitHub for any issues related to this experimental feature.
  self.data, self.slices = torch.load(self.processed_paths[0])
2026-09-19 10:16:19,241 INFO:   ---------------------------------------------------------------------------
2026-09-19 10:16:19,241 INFO:   Starting val_dataloader_2 loop 25 of 25, with 8 steps
2026-09-19 10:16:19,241 INFO:   ---------------------------------------------------------------------------
2026-09-19 10:16:21,090 INFO:   Compiling the model. This may take a few minutes.
2026-09-19 10:16:21,091 INFO:   Found existing cached compile.
2026-09-19 10:16:21,091 INFO:   Compile was successful!
2026-09-19 10:16:21,092 INFO:   Programming Cerebras Wafer Scale Cluster for execution. This may take a few minutes.
2026-09-19 10:16:21,092 INFO:   Preparing to execute using 1 CSX
2026-09-19 10:16:40,076 INFO:   About to send initial weights
2026-09-19 10:16:40,087 INFO:   Finished sending initial weights
2026-09-19 10:16:40,087 INFO:   Finalizing appliance staging for the run
2026-09-19 10:16:41,590 INFO:   Waiting for device programming to complete
2026-09-19 10:16:55,835 INFO:   Device programming is complete
2026-09-19 10:16:56,127 INFO:   Using network type: ROCE
2026-09-19 10:16:56,128 INFO:   Waiting for input workers to prime the data pipeline and begin streaming ...
2026-09-19 10:16:56,136 INFO:   Input workers have begun streaming input data
2026-09-19 10:16:56,259 INFO:   Appliance staging is complete
2026-09-19 10:16:56,260 INFO:   Beginning appliance run
2026-09-19 10:16:59,475 INFO:   | Eval Device=CSX, GlobalStep=500, Batch=8, Loss=0.96532, Rate=7837.19 samples/sec, GlobalRate=814.46 samples/sec, LoopTimeRemaining=0:00:00, TimeRemaining=0:00:01
2026-09-19 10:16:59,526 INFO:   Avg Eval Loss: 0.9653161391615868
2026-09-19 10:16:59,529 INFO:   Evaluation metrics:
2026-09-19 10:16:59,529 INFO:     - eval/masked_accuracy = 0.704016923904419
2026-09-19 10:16:59,529 INFO:   Evaluation completed successfully!
2026-09-19 10:16:59,533 INFO:   Processed 2048000 training sample(s) in 4209.247662322 seconds.
