purpose	platform	dataset	run	status	metric_basis	workers	seed	log	params	result
learning	cs3	arxiv	hpcasia_learning/arxiv_20260918T122510.309655Z/baseline	completed	runtime_seed_schedule	2	42	records/raw_logs/hpcasia/learning/cs3/arxiv/arxiv_20260918T122510.309655Z/baseline/train.log	records/model_dirs/hpcasia_learning/arxiv_20260918T122510.309655Z/baseline/params.yaml	records/model_dirs/hpcasia_learning/arxiv_20260918T122510.309655Z/baseline/result.json
input_pipeline	cs3	arxiv	hpcasia_learning/arxiv_20260918T122510.309655Z/tuning/confirm_w12_p1_s0_r1	completed	runtime_seed_schedule	12	42	records/raw_logs/hpcasia/input_pipeline/cs3/arxiv/tuning/arxiv_20260918T122510.309655Z/confirm_w12_p1_s0_r1/train.log	records/model_dirs/hpcasia_learning/arxiv_20260918T122510.309655Z/tuning/confirm_w12_p1_s0_r1/params.yaml	records/model_dirs/hpcasia_learning/arxiv_20260918T122510.309655Z/tuning/confirm_w12_p1_s0_r1/result.json
input_pipeline	cs3	arxiv	hpcasia_learning/arxiv_20260918T122510.309655Z/tuning/confirm_w12_p1_s0_r2	completed	runtime_seed_schedule	12	42	records/raw_logs/hpcasia/input_pipeline/cs3/arxiv/tuning/arxiv_20260918T122510.309655Z/confirm_w12_p1_s0_r2/train.log	records/model_dirs/hpcasia_learning/arxiv_20260918T122510.309655Z/tuning/confirm_w12_p1_s0_r2/params.yaml	records/model_dirs/hpcasia_learning/arxiv_20260918T122510.309655Z/tuning/confirm_w12_p1_s0_r2/result.json
input_pipeline	cs3	arxiv	hpcasia_learning/arxiv_20260918T122510.309655Z/tuning/confirm_w12_p1_s0_r3	completed	runtime_seed_schedule	12	42	records/raw_logs/hpcasia/input_pipeline/cs3/arxiv/tuning/arxiv_20260918T122510.309655Z/confirm_w12_p1_s0_r3/train.log	records/model_dirs/hpcasia_learning/arxiv_20260918T122510.309655Z/tuning/confirm_w12_p1_s0_r3/params.yaml	records/model_dirs/hpcasia_learning/arxiv_20260918T122510.309655Z/tuning/confirm_w12_p1_s0_r3/result.json
input_pipeline	cs3	arxiv	hpcasia_learning/arxiv_20260918T122510.309655Z/tuning/confirm_w12_p2_s1_r1	completed	runtime_seed_schedule	12	42	records/raw_logs/hpcasia/input_pipeline/cs3/arxiv/tuning/arxiv_20260918T122510.309655Z/confirm_w12_p2_s1_r1/train.log	records/model_dirs/hpcasia_learning/arxiv_20260918T122510.309655Z/tuning/confirm_w12_p2_s1_r1/params.yaml	records/model_dirs/hpcasia_learning/arxiv_20260918T122510.309655Z/tuning/confirm_w12_p2_s1_r1/result.json
input_pipeline	cs3	arxiv	hpcasia_learning/arxiv_20260918T122510.309655Z/tuning/confirm_w12_p2_s1_r2	completed	runtime_seed_schedule	12	42	records/raw_logs/hpcasia/input_pipeline/cs3/arxiv/tuning/arxiv_20260918T122510.309655Z/confirm_w12_p2_s1_r2/train.log	records/model_dirs/hpcasia_learning/arxiv_20260918T122510.309655Z/tuning/confirm_w12_p2_s1_r2/params.yaml	records/model_dirs/hpcasia_learning/arxiv_20260918T122510.309655Z/tuning/confirm_w12_p2_s1_r2/result.json
input_pipeline	cs3	arxiv	hpcasia_learning/arxiv_20260918T122510.309655Z/tuning/confirm_w12_p2_s1_r3	completed	runtime_seed_schedule	12	42	records/raw_logs/hpcasia/input_pipeline/cs3/arxiv/tuning/arxiv_20260918T122510.309655Z/confirm_w12_p2_s1_r3/train.log	records/model_dirs/hpcasia_learning/arxiv_20260918T122510.309655Z/tuning/confirm_w12_p2_s1_r3/params.yaml	records/model_dirs/hpcasia_learning/arxiv_20260918T122510.309655Z/tuning/confirm_w12_p2_s1_r3/result.json
input_pipeline	cs3	arxiv	hpcasia_learning/arxiv_20260918T122510.309655Z/tuning/workers_w02_p2_s1_r1	completed	runtime_seed_schedule	2	42	records/raw_logs/hpcasia/input_pipeline/cs3/arxiv/tuning/arxiv_20260918T122510.309655Z/workers_w02_p2_s1_r1/train.log	records/model_dirs/hpcasia_learning/arxiv_20260918T122510.309655Z/tuning/workers_w02_p2_s1_r1/params.yaml	records/model_dirs/hpcasia_learning/arxiv_20260918T122510.309655Z/tuning/workers_w02_p2_s1_r1/result.json
input_pipeline	cs3	arxiv	hpcasia_learning/arxiv_20260918T122510.309655Z/tuning/workers_w04_p2_s1_r1	completed	runtime_seed_schedule	4	42	records/raw_logs/hpcasia/input_pipeline/cs3/arxiv/tuning/arxiv_20260918T122510.309655Z/workers_w04_p2_s1_r1/train.log	records/model_dirs/hpcasia_learning/arxiv_20260918T122510.309655Z/tuning/workers_w04_p2_s1_r1/params.yaml	records/model_dirs/hpcasia_learning/arxiv_20260918T122510.309655Z/tuning/workers_w04_p2_s1_r1/result.json
input_pipeline	cs3	arxiv	hpcasia_learning/arxiv_20260918T122510.309655Z/tuning/workers_w08_p2_s1_r1	completed	runtime_seed_schedule	8	42	records/raw_logs/hpcasia/input_pipeline/cs3/arxiv/tuning/arxiv_20260918T122510.309655Z/workers_w08_p2_s1_r1/train.log	records/model_dirs/hpcasia_learning/arxiv_20260918T122510.309655Z/tuning/workers_w08_p2_s1_r1/params.yaml	records/model_dirs/hpcasia_learning/arxiv_20260918T122510.309655Z/tuning/workers_w08_p2_s1_r1/result.json
input_pipeline	cs3	arxiv	hpcasia_learning/arxiv_20260918T122510.309655Z/tuning/workers_w12_p2_s1_r1	completed	runtime_seed_schedule	12	42	records/raw_logs/hpcasia/input_pipeline/cs3/arxiv/tuning/arxiv_20260918T122510.309655Z/workers_w12_p2_s1_r1/train.log	records/model_dirs/hpcasia_learning/arxiv_20260918T122510.309655Z/tuning/workers_w12_p2_s1_r1/params.yaml	records/model_dirs/hpcasia_learning/arxiv_20260918T122510.309655Z/tuning/workers_w12_p2_s1_r1/result.json
input_pipeline	cs3	arxiv	hpcasia_learning/arxiv_20260918T122510.309655Z/tuning/workers_w16_p2_s1_r1	completed	runtime_seed_schedule	16	42	records/raw_logs/hpcasia/input_pipeline/cs3/arxiv/tuning/arxiv_20260918T122510.309655Z/workers_w16_p2_s1_r1/train.log	records/model_dirs/hpcasia_learning/arxiv_20260918T122510.309655Z/tuning/workers_w16_p2_s1_r1/params.yaml	records/model_dirs/hpcasia_learning/arxiv_20260918T122510.309655Z/tuning/workers_w16_p2_s1_r1/result.json
learning	cs3	arxiv	hpcasia_learning/arxiv_20260918T122621.253613Z/baseline	completed	runtime_seed_schedule	2	42	records/raw_logs/hpcasia/learning/cs3/arxiv/arxiv_20260918T122621.253613Z/baseline/train.log	records/model_dirs/hpcasia_learning/arxiv_20260918T122621.253613Z/baseline/params.yaml	records/model_dirs/hpcasia_learning/arxiv_20260918T122621.253613Z/baseline/result.json
input_pipeline	cs3	arxiv	hpcasia_learning/arxiv_20260918T122621.253613Z/tuning/confirm_w16_p2_s0_r1	completed	runtime_seed_schedule	16	42	records/raw_logs/hpcasia/input_pipeline/cs3/arxiv/tuning/arxiv_20260918T122621.253613Z/confirm_w16_p2_s0_r1/train.log	records/model_dirs/hpcasia_learning/arxiv_20260918T122621.253613Z/tuning/confirm_w16_p2_s0_r1/params.yaml	records/model_dirs/hpcasia_learning/arxiv_20260918T122621.253613Z/tuning/confirm_w16_p2_s0_r1/result.json
input_pipeline	cs3	arxiv	hpcasia_learning/arxiv_20260918T122621.253613Z/tuning/confirm_w16_p2_s0_r2	completed	runtime_seed_schedule	16	42	records/raw_logs/hpcasia/input_pipeline/cs3/arxiv/tuning/arxiv_20260918T122621.253613Z/confirm_w16_p2_s0_r2/train.log	records/model_dirs/hpcasia_learning/arxiv_20260918T122621.253613Z/tuning/confirm_w16_p2_s0_r2/params.yaml	records/model_dirs/hpcasia_learning/arxiv_20260918T122621.253613Z/tuning/confirm_w16_p2_s0_r2/result.json
input_pipeline	cs3	arxiv	hpcasia_learning/arxiv_20260918T122621.253613Z/tuning/confirm_w16_p2_s0_r3	unstable	runtime_seed_schedule	16	42	records/raw_logs/hpcasia/input_pipeline/cs3/arxiv/tuning/arxiv_20260918T122621.253613Z/confirm_w16_p2_s0_r3/train.log	records/model_dirs/hpcasia_learning/arxiv_20260918T122621.253613Z/tuning/confirm_w16_p2_s0_r3/params.yaml	records/model_dirs/hpcasia_learning/arxiv_20260918T122621.253613Z/tuning/confirm_w16_p2_s0_r3/result.json
input_pipeline	cs3	arxiv	hpcasia_learning/arxiv_20260918T122621.253613Z/tuning/confirm_w16_p2_s1_r1	completed	runtime_seed_schedule	16	42	records/raw_logs/hpcasia/input_pipeline/cs3/arxiv/tuning/arxiv_20260918T122621.253613Z/confirm_w16_p2_s1_r1/train.log	records/model_dirs/hpcasia_learning/arxiv_20260918T122621.253613Z/tuning/confirm_w16_p2_s1_r1/params.yaml	records/model_dirs/hpcasia_learning/arxiv_20260918T122621.253613Z/tuning/confirm_w16_p2_s1_r1/result.json
input_pipeline	cs3	arxiv	hpcasia_learning/arxiv_20260918T122621.253613Z/tuning/confirm_w16_p2_s1_r2	completed	runtime_seed_schedule	16	42	records/raw_logs/hpcasia/input_pipeline/cs3/arxiv/tuning/arxiv_20260918T122621.253613Z/confirm_w16_p2_s1_r2/train.log	records/model_dirs/hpcasia_learning/arxiv_20260918T122621.253613Z/tuning/confirm_w16_p2_s1_r2/params.yaml	records/model_dirs/hpcasia_learning/arxiv_20260918T122621.253613Z/tuning/confirm_w16_p2_s1_r2/result.json
input_pipeline	cs3	arxiv	hpcasia_learning/arxiv_20260918T122621.253613Z/tuning/confirm_w16_p2_s1_r3	completed	runtime_seed_schedule	16	42	records/raw_logs/hpcasia/input_pipeline/cs3/arxiv/tuning/arxiv_20260918T122621.253613Z/confirm_w16_p2_s1_r3/train.log	records/model_dirs/hpcasia_learning/arxiv_20260918T122621.253613Z/tuning/confirm_w16_p2_s1_r3/params.yaml	records/model_dirs/hpcasia_learning/arxiv_20260918T122621.253613Z/tuning/confirm_w16_p2_s1_r3/result.json
input_pipeline	cs3	arxiv	hpcasia_learning/arxiv_20260918T122621.253613Z/tuning/workers_w02_p2_s1_r1	completed	runtime_seed_schedule	2	42	records/raw_logs/hpcasia/input_pipeline/cs3/arxiv/tuning/arxiv_20260918T122621.253613Z/workers_w02_p2_s1_r1/train.log	records/model_dirs/hpcasia_learning/arxiv_20260918T122621.253613Z/tuning/workers_w02_p2_s1_r1/params.yaml	records/model_dirs/hpcasia_learning/arxiv_20260918T122621.253613Z/tuning/workers_w02_p2_s1_r1/result.json
input_pipeline	cs3	arxiv	hpcasia_learning/arxiv_20260918T122621.253613Z/tuning/workers_w04_p2_s1_r1	completed	runtime_seed_schedule	4	42	records/raw_logs/hpcasia/input_pipeline/cs3/arxiv/tuning/arxiv_20260918T122621.253613Z/workers_w04_p2_s1_r1/train.log	records/model_dirs/hpcasia_learning/arxiv_20260918T122621.253613Z/tuning/workers_w04_p2_s1_r1/params.yaml	records/model_dirs/hpcasia_learning/arxiv_20260918T122621.253613Z/tuning/workers_w04_p2_s1_r1/result.json
input_pipeline	cs3	arxiv	hpcasia_learning/arxiv_20260918T122621.253613Z/tuning/workers_w08_p2_s1_r1	completed	runtime_seed_schedule	8	42	records/raw_logs/hpcasia/input_pipeline/cs3/arxiv/tuning/arxiv_20260918T122621.253613Z/workers_w08_p2_s1_r1/train.log	records/model_dirs/hpcasia_learning/arxiv_20260918T122621.253613Z/tuning/workers_w08_p2_s1_r1/params.yaml	records/model_dirs/hpcasia_learning/arxiv_20260918T122621.253613Z/tuning/workers_w08_p2_s1_r1/result.json
input_pipeline	cs3	arxiv	hpcasia_learning/arxiv_20260918T122621.253613Z/tuning/workers_w12_p2_s1_r1	completed	runtime_seed_schedule	12	42	records/raw_logs/hpcasia/input_pipeline/cs3/arxiv/tuning/arxiv_20260918T122621.253613Z/workers_w12_p2_s1_r1/train.log	records/model_dirs/hpcasia_learning/arxiv_20260918T122621.253613Z/tuning/workers_w12_p2_s1_r1/params.yaml	records/model_dirs/hpcasia_learning/arxiv_20260918T122621.253613Z/tuning/workers_w12_p2_s1_r1/result.json
input_pipeline	cs3	arxiv	hpcasia_learning/arxiv_20260918T122621.253613Z/tuning/workers_w16_p2_s1_r1	completed	runtime_seed_schedule	16	42	records/raw_logs/hpcasia/input_pipeline/cs3/arxiv/tuning/arxiv_20260918T122621.253613Z/workers_w16_p2_s1_r1/train.log	records/model_dirs/hpcasia_learning/arxiv_20260918T122621.253613Z/tuning/workers_w16_p2_s1_r1/params.yaml	records/model_dirs/hpcasia_learning/arxiv_20260918T122621.253613Z/tuning/workers_w16_p2_s1_r1/result.json
input_pipeline	cs3	arxiv	hpcasia_r04/campaign_20260918T032805.576636Z/control_feature_cache_r1	completed	nominal_slots	4	42	records/raw_logs/hpcasia/input_pipeline/cs3/arxiv/controls/campaign_20260918T032805.576636Z/control_feature_cache_r1/train.log	records/model_dirs/hpcasia_r04/campaign_20260918T032805.576636Z/control_feature_cache_r1/params.yaml	records/model_dirs/hpcasia_r04/campaign_20260918T032805.576636Z/control_feature_cache_r1/result.json
input_pipeline	cs3	arxiv	hpcasia_r04/campaign_20260918T032805.576636Z/control_feature_cache_r2	completed	nominal_slots	4	42	records/raw_logs/hpcasia/input_pipeline/cs3/arxiv/controls/campaign_20260918T032805.576636Z/control_feature_cache_r2/train.log	records/model_dirs/hpcasia_r04/campaign_20260918T032805.576636Z/control_feature_cache_r2/params.yaml	records/model_dirs/hpcasia_r04/campaign_20260918T032805.576636Z/control_feature_cache_r2/result.json
input_pipeline	cs3	arxiv	hpcasia_r04/campaign_20260918T032805.576636Z/control_feature_cache_r3	completed	nominal_slots	4	42	records/raw_logs/hpcasia/input_pipeline/cs3/arxiv/controls/campaign_20260918T032805.576636Z/control_feature_cache_r3/train.log	records/model_dirs/hpcasia_r04/campaign_20260918T032805.576636Z/control_feature_cache_r3/params.yaml	records/model_dirs/hpcasia_r04/campaign_20260918T032805.576636Z/control_feature_cache_r3/result.json
input_pipeline	cs3	arxiv	hpcasia_r04/campaign_20260918T032805.576636Z/control_persistent_off_r1	completed	nominal_slots	4	42	records/raw_logs/hpcasia/input_pipeline/cs3/arxiv/controls/campaign_20260918T032805.576636Z/control_persistent_off_r1/train.log	records/model_dirs/hpcasia_r04/campaign_20260918T032805.576636Z/control_persistent_off_r1/params.yaml	records/model_dirs/hpcasia_r04/campaign_20260918T032805.576636Z/control_persistent_off_r1/result.json
input_pipeline	cs3	arxiv	hpcasia_r04/campaign_20260918T032805.576636Z/control_persistent_off_r2	completed	nominal_slots	4	42	records/raw_logs/hpcasia/input_pipeline/cs3/arxiv/controls/campaign_20260918T032805.576636Z/control_persistent_off_r2/train.log	records/model_dirs/hpcasia_r04/campaign_20260918T032805.576636Z/control_persistent_off_r2/params.yaml	records/model_dirs/hpcasia_r04/campaign_20260918T032805.576636Z/control_persistent_off_r2/result.json
input_pipeline	cs3	arxiv	hpcasia_r04/campaign_20260918T032805.576636Z/control_persistent_off_r3	completed	nominal_slots	4	42	records/raw_logs/hpcasia/input_pipeline/cs3/arxiv/controls/campaign_20260918T032805.576636Z/control_persistent_off_r3/train.log	records/model_dirs/hpcasia_r04/campaign_20260918T032805.576636Z/control_persistent_off_r3/params.yaml	records/model_dirs/hpcasia_r04/campaign_20260918T032805.576636Z/control_persistent_off_r3/result.json
input_pipeline	cs3	arxiv	hpcasia_r04/campaign_20260918T032805.576636Z/control_prefetch1_r1	completed	nominal_slots	4	42	records/raw_logs/hpcasia/input_pipeline/cs3/arxiv/controls/campaign_20260918T032805.576636Z/control_prefetch1_r1/train.log	records/model_dirs/hpcasia_r04/campaign_20260918T032805.576636Z/control_prefetch1_r1/params.yaml	records/model_dirs/hpcasia_r04/campaign_20260918T032805.576636Z/control_prefetch1_r1/result.json
input_pipeline	cs3	arxiv	hpcasia_r04/campaign_20260918T032805.576636Z/control_prefetch1_r2	completed	nominal_slots	4	42	records/raw_logs/hpcasia/input_pipeline/cs3/arxiv/controls/campaign_20260918T032805.576636Z/control_prefetch1_r2/train.log	records/model_dirs/hpcasia_r04/campaign_20260918T032805.576636Z/control_prefetch1_r2/params.yaml	records/model_dirs/hpcasia_r04/campaign_20260918T032805.576636Z/control_prefetch1_r2/result.json
input_pipeline	cs3	arxiv	hpcasia_r04/campaign_20260918T032805.576636Z/control_prefetch1_r3	completed	nominal_slots	4	42	records/raw_logs/hpcasia/input_pipeline/cs3/arxiv/controls/campaign_20260918T032805.576636Z/control_prefetch1_r3/train.log	records/model_dirs/hpcasia_r04/campaign_20260918T032805.576636Z/control_prefetch1_r3/params.yaml	records/model_dirs/hpcasia_r04/campaign_20260918T032805.576636Z/control_prefetch1_r3/result.json
input_pipeline	cs3	arxiv	hpcasia_r04/campaign_20260918T032805.576636Z/control_static_batch_r1	completed	nominal_slots	4	42	records/raw_logs/hpcasia/input_pipeline/cs3/arxiv/controls/campaign_20260918T032805.576636Z/control_static_batch_r1/train.log	records/model_dirs/hpcasia_r04/campaign_20260918T032805.576636Z/control_static_batch_r1/params.yaml	records/model_dirs/hpcasia_r04/campaign_20260918T032805.576636Z/control_static_batch_r1/result.json
input_pipeline	cs3	arxiv	hpcasia_r04/campaign_20260918T032805.576636Z/control_static_batch_r2	completed	nominal_slots	4	42	records/raw_logs/hpcasia/input_pipeline/cs3/arxiv/controls/campaign_20260918T032805.576636Z/control_static_batch_r2/train.log	records/model_dirs/hpcasia_r04/campaign_20260918T032805.576636Z/control_static_batch_r2/params.yaml	records/model_dirs/hpcasia_r04/campaign_20260918T032805.576636Z/control_static_batch_r2/result.json
input_pipeline	cs3	arxiv	hpcasia_r04/campaign_20260918T032805.576636Z/control_static_batch_r3	completed	nominal_slots	4	42	records/raw_logs/hpcasia/input_pipeline/cs3/arxiv/controls/campaign_20260918T032805.576636Z/control_static_batch_r3/train.log	records/model_dirs/hpcasia_r04/campaign_20260918T032805.576636Z/control_static_batch_r3/params.yaml	records/model_dirs/hpcasia_r04/campaign_20260918T032805.576636Z/control_static_batch_r3/result.json
input_pipeline	cs3	arxiv	hpcasia_r04/campaign_20260918T032805.576636Z/diagnostic_w04	completed	nominal_slots	4	42	records/raw_logs/hpcasia/input_pipeline/cs3/arxiv/diagnostics/campaign_20260918T032805.576636Z/diagnostic_w04/train.log	records/model_dirs/hpcasia_r04/campaign_20260918T032805.576636Z/diagnostic_w04/params.yaml	records/model_dirs/hpcasia_r04/campaign_20260918T032805.576636Z/diagnostic_w04/result.json
input_pipeline	cs3	arxiv	hpcasia_r04/campaign_20260918T032805.576636Z/diagnostic_w08	completed	nominal_slots	8	42	records/raw_logs/hpcasia/input_pipeline/cs3/arxiv/diagnostics/campaign_20260918T032805.576636Z/diagnostic_w08/train.log	records/model_dirs/hpcasia_r04/campaign_20260918T032805.576636Z/diagnostic_w08/params.yaml	records/model_dirs/hpcasia_r04/campaign_20260918T032805.576636Z/diagnostic_w08/result.json
input_pipeline	cs3	arxiv	hpcasia_r04/campaign_20260918T032805.576636Z/diagnostic_w16	completed	nominal_slots	16	42	records/raw_logs/hpcasia/input_pipeline/cs3/arxiv/diagnostics/campaign_20260918T032805.576636Z/diagnostic_w16/train.log	records/model_dirs/hpcasia_r04/campaign_20260918T032805.576636Z/diagnostic_w16/params.yaml	records/model_dirs/hpcasia_r04/campaign_20260918T032805.576636Z/diagnostic_w16/result.json
input_pipeline	cs3	arxiv	hpcasia_r04/campaign_20260918T032805.576636Z/workers_w04/sensitivity_w04_p2_s1_r1	completed	nominal_slots	4	42	records/raw_logs/hpcasia/input_pipeline/cs3/arxiv/sensitivity/campaign_20260918T032805.576636Z/workers_w04/sensitivity_w04_p2_s1_r1/train.log	records/model_dirs/hpcasia_r04/campaign_20260918T032805.576636Z/workers_w04/sensitivity_w04_p2_s1_r1/params.yaml	records/model_dirs/hpcasia_r04/campaign_20260918T032805.576636Z/workers_w04/sensitivity_w04_p2_s1_r1/result.json
input_pipeline	cs3	arxiv	hpcasia_r04/campaign_20260918T032805.576636Z/workers_w04/sensitivity_w04_p2_s1_r2	completed	nominal_slots	4	42	records/raw_logs/hpcasia/input_pipeline/cs3/arxiv/sensitivity/campaign_20260918T032805.576636Z/workers_w04/sensitivity_w04_p2_s1_r2/train.log	records/model_dirs/hpcasia_r04/campaign_20260918T032805.576636Z/workers_w04/sensitivity_w04_p2_s1_r2/params.yaml	records/model_dirs/hpcasia_r04/campaign_20260918T032805.576636Z/workers_w04/sensitivity_w04_p2_s1_r2/result.json
input_pipeline	cs3	arxiv	hpcasia_r04/campaign_20260918T032805.576636Z/workers_w04/sensitivity_w04_p2_s1_r3	completed	nominal_slots	4	42	records/raw_logs/hpcasia/input_pipeline/cs3/arxiv/sensitivity/campaign_20260918T032805.576636Z/workers_w04/sensitivity_w04_p2_s1_r3/train.log	records/model_dirs/hpcasia_r04/campaign_20260918T032805.576636Z/workers_w04/sensitivity_w04_p2_s1_r3/params.yaml	records/model_dirs/hpcasia_r04/campaign_20260918T032805.576636Z/workers_w04/sensitivity_w04_p2_s1_r3/result.json
input_pipeline	cs3	arxiv	hpcasia_r04/campaign_20260918T032805.576636Z/workers_w08/sensitivity_w04_p2_s1_r1	completed	nominal_slots	4	42	records/raw_logs/hpcasia/input_pipeline/cs3/arxiv/sensitivity/campaign_20260918T032805.576636Z/workers_w08/sensitivity_w04_p2_s1_r1/train.log	records/model_dirs/hpcasia_r04/campaign_20260918T032805.576636Z/workers_w08/sensitivity_w04_p2_s1_r1/params.yaml	records/model_dirs/hpcasia_r04/campaign_20260918T032805.576636Z/workers_w08/sensitivity_w04_p2_s1_r1/result.json
input_pipeline	cs3	arxiv	hpcasia_r04/campaign_20260918T032805.576636Z/workers_w08/sensitivity_w04_p2_s1_r2	completed	nominal_slots	4	42	records/raw_logs/hpcasia/input_pipeline/cs3/arxiv/sensitivity/campaign_20260918T032805.576636Z/workers_w08/sensitivity_w04_p2_s1_r2/train.log	records/model_dirs/hpcasia_r04/campaign_20260918T032805.576636Z/workers_w08/sensitivity_w04_p2_s1_r2/params.yaml	records/model_dirs/hpcasia_r04/campaign_20260918T032805.576636Z/workers_w08/sensitivity_w04_p2_s1_r2/result.json
input_pipeline	cs3	arxiv	hpcasia_r04/campaign_20260918T032805.576636Z/workers_w08/sensitivity_w04_p2_s1_r3	completed	nominal_slots	4	42	records/raw_logs/hpcasia/input_pipeline/cs3/arxiv/sensitivity/campaign_20260918T032805.576636Z/workers_w08/sensitivity_w04_p2_s1_r3/train.log	records/model_dirs/hpcasia_r04/campaign_20260918T032805.576636Z/workers_w08/sensitivity_w04_p2_s1_r3/params.yaml	records/model_dirs/hpcasia_r04/campaign_20260918T032805.576636Z/workers_w08/sensitivity_w04_p2_s1_r3/result.json
input_pipeline	cs3	arxiv	hpcasia_r04/campaign_20260918T032805.576636Z/workers_w08/sensitivity_w08_p2_s1_r1	completed	nominal_slots	8	42	records/raw_logs/hpcasia/input_pipeline/cs3/arxiv/sensitivity/campaign_20260918T032805.576636Z/workers_w08/sensitivity_w08_p2_s1_r1/train.log	records/model_dirs/hpcasia_r04/campaign_20260918T032805.576636Z/workers_w08/sensitivity_w08_p2_s1_r1/params.yaml	records/model_dirs/hpcasia_r04/campaign_20260918T032805.576636Z/workers_w08/sensitivity_w08_p2_s1_r1/result.json
input_pipeline	cs3	arxiv	hpcasia_r04/campaign_20260918T032805.576636Z/workers_w08/sensitivity_w08_p2_s1_r2	completed	nominal_slots	8	42	records/raw_logs/hpcasia/input_pipeline/cs3/arxiv/sensitivity/campaign_20260918T032805.576636Z/workers_w08/sensitivity_w08_p2_s1_r2/train.log	records/model_dirs/hpcasia_r04/campaign_20260918T032805.576636Z/workers_w08/sensitivity_w08_p2_s1_r2/params.yaml	records/model_dirs/hpcasia_r04/campaign_20260918T032805.576636Z/workers_w08/sensitivity_w08_p2_s1_r2/result.json
input_pipeline	cs3	arxiv	hpcasia_r04/campaign_20260918T032805.576636Z/workers_w08/sensitivity_w08_p2_s1_r3	completed	nominal_slots	8	42	records/raw_logs/hpcasia/input_pipeline/cs3/arxiv/sensitivity/campaign_20260918T032805.576636Z/workers_w08/sensitivity_w08_p2_s1_r3/train.log	records/model_dirs/hpcasia_r04/campaign_20260918T032805.576636Z/workers_w08/sensitivity_w08_p2_s1_r3/params.yaml	records/model_dirs/hpcasia_r04/campaign_20260918T032805.576636Z/workers_w08/sensitivity_w08_p2_s1_r3/result.json
input_pipeline	cs3	arxiv	hpcasia_r04/campaign_20260918T032805.576636Z/workers_w12/sensitivity_w04_p2_s1_r1	completed	nominal_slots	4	42	records/raw_logs/hpcasia/input_pipeline/cs3/arxiv/sensitivity/campaign_20260918T032805.576636Z/workers_w12/sensitivity_w04_p2_s1_r1/train.log	records/model_dirs/hpcasia_r04/campaign_20260918T032805.576636Z/workers_w12/sensitivity_w04_p2_s1_r1/params.yaml	records/model_dirs/hpcasia_r04/campaign_20260918T032805.576636Z/workers_w12/sensitivity_w04_p2_s1_r1/result.json
input_pipeline	cs3	arxiv	hpcasia_r04/campaign_20260918T032805.576636Z/workers_w12/sensitivity_w04_p2_s1_r2	completed	nominal_slots	4	42	records/raw_logs/hpcasia/input_pipeline/cs3/arxiv/sensitivity/campaign_20260918T032805.576636Z/workers_w12/sensitivity_w04_p2_s1_r2/train.log	records/model_dirs/hpcasia_r04/campaign_20260918T032805.576636Z/workers_w12/sensitivity_w04_p2_s1_r2/params.yaml	records/model_dirs/hpcasia_r04/campaign_20260918T032805.576636Z/workers_w12/sensitivity_w04_p2_s1_r2/result.json
input_pipeline	cs3	arxiv	hpcasia_r04/campaign_20260918T032805.576636Z/workers_w12/sensitivity_w12_p2_s1_r1	completed	nominal_slots	12	42	records/raw_logs/hpcasia/input_pipeline/cs3/arxiv/sensitivity/campaign_20260918T032805.576636Z/workers_w12/sensitivity_w12_p2_s1_r1/train.log	records/model_dirs/hpcasia_r04/campaign_20260918T032805.576636Z/workers_w12/sensitivity_w12_p2_s1_r1/params.yaml	records/model_dirs/hpcasia_r04/campaign_20260918T032805.576636Z/workers_w12/sensitivity_w12_p2_s1_r1/result.json
input_pipeline	cs3	arxiv	hpcasia_r04/campaign_20260918T032805.576636Z/workers_w12/sensitivity_w12_p2_s1_r2	completed	nominal_slots	12	42	records/raw_logs/hpcasia/input_pipeline/cs3/arxiv/sensitivity/campaign_20260918T032805.576636Z/workers_w12/sensitivity_w12_p2_s1_r2/train.log	records/model_dirs/hpcasia_r04/campaign_20260918T032805.576636Z/workers_w12/sensitivity_w12_p2_s1_r2/params.yaml	records/model_dirs/hpcasia_r04/campaign_20260918T032805.576636Z/workers_w12/sensitivity_w12_p2_s1_r2/result.json
input_pipeline	cs3	arxiv	hpcasia_r04/campaign_20260918T032805.576636Z/workers_w12/sensitivity_w12_p2_s1_r3	completed	nominal_slots	12	42	records/raw_logs/hpcasia/input_pipeline/cs3/arxiv/sensitivity/campaign_20260918T032805.576636Z/workers_w12/sensitivity_w12_p2_s1_r3/train.log	records/model_dirs/hpcasia_r04/campaign_20260918T032805.576636Z/workers_w12/sensitivity_w12_p2_s1_r3/params.yaml	records/model_dirs/hpcasia_r04/campaign_20260918T032805.576636Z/workers_w12/sensitivity_w12_p2_s1_r3/result.json
input_pipeline	cs3	arxiv	hpcasia_r04/campaign_20260918T032805.576636Z/workers_w16/sensitivity_w04_p2_s1_r1	completed	runtime_seed_schedule	4	42	records/raw_logs/hpcasia/input_pipeline/cs3/arxiv/sensitivity/campaign_20260918T032805.576636Z/workers_w16/sensitivity_w04_p2_s1_r1/train.log	records/model_dirs/hpcasia_r04/campaign_20260918T032805.576636Z/workers_w16/sensitivity_w04_p2_s1_r1/params.yaml	records/model_dirs/hpcasia_r04/campaign_20260918T032805.576636Z/workers_w16/sensitivity_w04_p2_s1_r1/result.json
input_pipeline	cs3	arxiv	hpcasia_r04/campaign_20260918T032805.576636Z/workers_w16/sensitivity_w04_p2_s1_r2	completed	runtime_seed_schedule	4	42	records/raw_logs/hpcasia/input_pipeline/cs3/arxiv/sensitivity/campaign_20260918T032805.576636Z/workers_w16/sensitivity_w04_p2_s1_r2/train.log	records/model_dirs/hpcasia_r04/campaign_20260918T032805.576636Z/workers_w16/sensitivity_w04_p2_s1_r2/params.yaml	records/model_dirs/hpcasia_r04/campaign_20260918T032805.576636Z/workers_w16/sensitivity_w04_p2_s1_r2/result.json
input_pipeline	cs3	arxiv	hpcasia_r04/campaign_20260918T032805.576636Z/workers_w16/sensitivity_w04_p2_s1_r3	completed	runtime_seed_schedule	4	42	records/raw_logs/hpcasia/input_pipeline/cs3/arxiv/sensitivity/campaign_20260918T032805.576636Z/workers_w16/sensitivity_w04_p2_s1_r3/train.log	records/model_dirs/hpcasia_r04/campaign_20260918T032805.576636Z/workers_w16/sensitivity_w04_p2_s1_r3/params.yaml	records/model_dirs/hpcasia_r04/campaign_20260918T032805.576636Z/workers_w16/sensitivity_w04_p2_s1_r3/result.json
input_pipeline	cs3	arxiv	hpcasia_r04/campaign_20260918T032805.576636Z/workers_w16/sensitivity_w16_p2_s1_r1	completed	runtime_seed_schedule	16	42	records/raw_logs/hpcasia/input_pipeline/cs3/arxiv/sensitivity/campaign_20260918T032805.576636Z/workers_w16/sensitivity_w16_p2_s1_r1/train.log	records/model_dirs/hpcasia_r04/campaign_20260918T032805.576636Z/workers_w16/sensitivity_w16_p2_s1_r1/params.yaml	records/model_dirs/hpcasia_r04/campaign_20260918T032805.576636Z/workers_w16/sensitivity_w16_p2_s1_r1/result.json
input_pipeline	cs3	arxiv	hpcasia_r04/campaign_20260918T032805.576636Z/workers_w16/sensitivity_w16_p2_s1_r2	completed	runtime_seed_schedule	16	42	records/raw_logs/hpcasia/input_pipeline/cs3/arxiv/sensitivity/campaign_20260918T032805.576636Z/workers_w16/sensitivity_w16_p2_s1_r2/train.log	records/model_dirs/hpcasia_r04/campaign_20260918T032805.576636Z/workers_w16/sensitivity_w16_p2_s1_r2/params.yaml	records/model_dirs/hpcasia_r04/campaign_20260918T032805.576636Z/workers_w16/sensitivity_w16_p2_s1_r2/result.json
input_pipeline	cs3	arxiv	hpcasia_r04/campaign_20260918T032805.576636Z/workers_w16/sensitivity_w16_p2_s1_r3	completed	runtime_seed_schedule	16	42	records/raw_logs/hpcasia/input_pipeline/cs3/arxiv/sensitivity/campaign_20260918T032805.576636Z/workers_w16/sensitivity_w16_p2_s1_r3/train.log	records/model_dirs/hpcasia_r04/campaign_20260918T032805.576636Z/workers_w16/sensitivity_w16_p2_s1_r3/params.yaml	records/model_dirs/hpcasia_r04/campaign_20260918T032805.576636Z/workers_w16/sensitivity_w16_p2_s1_r3/result.json
non_gnn	cs3	non_gnn	non_gnn/cerebras/20260918/campaign_csx_20260918_133713_5bbf7dfa/bert_large_msl128	completed	samples_and_nominal_tokens	2	42	records/raw_logs/hpcasia/non_gnn/bert_large_msl128_cs3.log	records/model_dirs/non_gnn/cerebras/20260918/campaign_csx_20260918_133713_5bbf7dfa/bert_large_msl128/params.yaml	records/model_dirs/non_gnn/cerebras/20260918/campaign_csx_20260918_133713_5bbf7dfa/bert_large_msl128/client_status.json
non_gnn	h100	non_gnn	non_gnn/pegasus/20260918/campaign_gpu_20260918_172316_310e21d8/bert_large_msl128_native	completed	samples_and_nominal_tokens	2	42	records/raw_logs/hpcasia/non_gnn/bert_large_msl128_h100.metrics.jsonl	records/model_dirs/non_gnn/pegasus/20260918/campaign_gpu_20260918_172316_310e21d8/bert_large_msl128_native/params.yaml	
non_gnn	cs3	non_gnn	non_gnn/cerebras/20260918/campaign_csx_20260918_133713_5bbf7dfa/bert_large_msl512	completed	samples_and_nominal_tokens	2	42	records/raw_logs/hpcasia/non_gnn/bert_large_msl512_cs3.log	records/model_dirs/non_gnn/cerebras/20260918/campaign_csx_20260918_133713_5bbf7dfa/bert_large_msl512/params.yaml	records/model_dirs/non_gnn/cerebras/20260918/campaign_csx_20260918_133713_5bbf7dfa/bert_large_msl512/client_status.json
non_gnn	h100	non_gnn	non_gnn/pegasus/20260918/campaign_gpu_20260918_172316_310e21d8/bert_large_msl512_native	completed	samples_and_nominal_tokens	2	42	records/raw_logs/hpcasia/non_gnn/bert_large_msl512_h100.metrics.jsonl	records/model_dirs/non_gnn/pegasus/20260918/campaign_gpu_20260918_172316_310e21d8/bert_large_msl512_native/params.yaml	
non_gnn	cs3	non_gnn	non_gnn/cerebras/20260918/campaign_csx_20260918_133713_5bbf7dfa/llama3p2_1b_msl1024	completed	samples_and_nominal_tokens	2	42	records/raw_logs/hpcasia/non_gnn/llama3p2_1b_msl1024_cs3.log	records/model_dirs/non_gnn/cerebras/20260918/campaign_csx_20260918_133713_5bbf7dfa/llama3p2_1b_msl1024/params.yaml	records/model_dirs/non_gnn/cerebras/20260918/campaign_csx_20260918_133713_5bbf7dfa/llama3p2_1b_msl1024/client_status.json
non_gnn	h100	non_gnn	non_gnn/pegasus/20260918/campaign_gpu_20260918_172316_310e21d8/llama3p2_1b_msl1024_native	completed	samples_and_nominal_tokens	2	42	records/raw_logs/hpcasia/non_gnn/llama3p2_1b_msl1024_h100.metrics.jsonl	records/model_dirs/non_gnn/pegasus/20260918/campaign_gpu_20260918_172316_310e21d8/llama3p2_1b_msl1024_native/params.yaml	
non_gnn	cs3	non_gnn	non_gnn/cerebras/20260918/campaign_csx_20260918_133713_5bbf7dfa/llama3p2_1b_msl2048	completed	samples_and_nominal_tokens	2	42	records/raw_logs/hpcasia/non_gnn/llama3p2_1b_msl2048_cs3.log	records/model_dirs/non_gnn/cerebras/20260918/campaign_csx_20260918_133713_5bbf7dfa/llama3p2_1b_msl2048/params.yaml	records/model_dirs/non_gnn/cerebras/20260918/campaign_csx_20260918_133713_5bbf7dfa/llama3p2_1b_msl2048/client_status.json
non_gnn	h100	non_gnn	non_gnn/pegasus/20260918/campaign_gpu_20260918_172316_310e21d8/llama3p2_1b_msl2048_native	completed	samples_and_nominal_tokens	2	42	records/raw_logs/hpcasia/non_gnn/llama3p2_1b_msl2048_h100.metrics.jsonl	records/model_dirs/non_gnn/pegasus/20260918/campaign_gpu_20260918_172316_310e21d8/llama3p2_1b_msl2048_native/params.yaml	
throughput	cs3	arxiv	hpcasia_final/arxiv_20260919T033125.784128Z/seed_42/cache_r1	completed	runtime_seed_schedule	4	42	records/raw_logs/hpcasia/throughput/cs3/arxiv/arxiv_20260919T033125.784128Z/seed_42/cache_r1/train.log	records/model_dirs/hpcasia_final/arxiv_20260919T033125.784128Z/seed_42/cache_r1/params.yaml	records/model_dirs/hpcasia_final/arxiv_20260919T033125.784128Z/seed_42/cache_r1/result.json
learning	cs3	arxiv	hpcasia_final/arxiv_20260919T033125.784128Z/seed_42/learning_r1	completed	runtime_seed_schedule	4	42	records/raw_logs/hpcasia/learning/cs3/arxiv/arxiv_20260919T033125.784128Z/seed_42/learning_r1/train.log	records/model_dirs/hpcasia_final/arxiv_20260919T033125.784128Z/seed_42/learning_r1/params.yaml	records/model_dirs/hpcasia_final/arxiv_20260919T033125.784128Z/seed_42/learning_r1/result.json
throughput	cs3	arxiv	hpcasia_final/arxiv_20260919T033125.784128Z/seed_42/throughput_r1	completed	runtime_seed_schedule	4	42	records/raw_logs/hpcasia/throughput/cs3/arxiv/arxiv_20260919T033125.784128Z/seed_42/throughput_r1/train.log	records/model_dirs/hpcasia_final/arxiv_20260919T033125.784128Z/seed_42/throughput_r1/params.yaml	records/model_dirs/hpcasia_final/arxiv_20260919T033125.784128Z/seed_42/throughput_r1/result.json
throughput	cs3	arxiv	hpcasia_final/arxiv_20260919T033125.784128Z/seed_42/throughput_r2	completed	runtime_seed_schedule	4	42	records/raw_logs/hpcasia/throughput/cs3/arxiv/arxiv_20260919T033125.784128Z/seed_42/throughput_r2/train.log	records/model_dirs/hpcasia_final/arxiv_20260919T033125.784128Z/seed_42/throughput_r2/params.yaml	records/model_dirs/hpcasia_final/arxiv_20260919T033125.784128Z/seed_42/throughput_r2/result.json
throughput	cs3	arxiv	hpcasia_final/arxiv_20260919T033125.784128Z/seed_42/throughput_r3	completed	runtime_seed_schedule	4	42	records/raw_logs/hpcasia/throughput/cs3/arxiv/arxiv_20260919T033125.784128Z/seed_42/throughput_r3/train.log	records/model_dirs/hpcasia_final/arxiv_20260919T033125.784128Z/seed_42/throughput_r3/params.yaml	records/model_dirs/hpcasia_final/arxiv_20260919T033125.784128Z/seed_42/throughput_r3/result.json
throughput	cs3	arxiv	hpcasia_final/arxiv_20260919T033125.784128Z/seed_43/cache_r1	completed	runtime_seed_schedule	4	43	records/raw_logs/hpcasia/throughput/cs3/arxiv/arxiv_20260919T033125.784128Z/seed_43/cache_r1/train.log	records/model_dirs/hpcasia_final/arxiv_20260919T033125.784128Z/seed_43/cache_r1/params.yaml	records/model_dirs/hpcasia_final/arxiv_20260919T033125.784128Z/seed_43/cache_r1/result.json
learning	cs3	arxiv	hpcasia_final/arxiv_20260919T033125.784128Z/seed_43/learning_r1	completed	runtime_seed_schedule	4	43	records/raw_logs/hpcasia/learning/cs3/arxiv/arxiv_20260919T033125.784128Z/seed_43/learning_r1/train.log	records/model_dirs/hpcasia_final/arxiv_20260919T033125.784128Z/seed_43/learning_r1/params.yaml	records/model_dirs/hpcasia_final/arxiv_20260919T033125.784128Z/seed_43/learning_r1/result.json
throughput	cs3	arxiv	hpcasia_final/arxiv_20260919T033125.784128Z/seed_43/throughput_r1	completed	runtime_seed_schedule	4	43	records/raw_logs/hpcasia/throughput/cs3/arxiv/arxiv_20260919T033125.784128Z/seed_43/throughput_r1/train.log	records/model_dirs/hpcasia_final/arxiv_20260919T033125.784128Z/seed_43/throughput_r1/params.yaml	records/model_dirs/hpcasia_final/arxiv_20260919T033125.784128Z/seed_43/throughput_r1/result.json
throughput	cs3	arxiv	hpcasia_final/arxiv_20260919T033125.784128Z/seed_43/throughput_r2	completed	runtime_seed_schedule	4	43	records/raw_logs/hpcasia/throughput/cs3/arxiv/arxiv_20260919T033125.784128Z/seed_43/throughput_r2/train.log	records/model_dirs/hpcasia_final/arxiv_20260919T033125.784128Z/seed_43/throughput_r2/params.yaml	records/model_dirs/hpcasia_final/arxiv_20260919T033125.784128Z/seed_43/throughput_r2/result.json
throughput	cs3	arxiv	hpcasia_final/arxiv_20260919T033125.784128Z/seed_43/throughput_r3	completed	runtime_seed_schedule	4	43	records/raw_logs/hpcasia/throughput/cs3/arxiv/arxiv_20260919T033125.784128Z/seed_43/throughput_r3/train.log	records/model_dirs/hpcasia_final/arxiv_20260919T033125.784128Z/seed_43/throughput_r3/params.yaml	records/model_dirs/hpcasia_final/arxiv_20260919T033125.784128Z/seed_43/throughput_r3/result.json
throughput	cs3	arxiv	hpcasia_final/arxiv_20260919T033125.784128Z/seed_44/cache_r1	completed	runtime_seed_schedule	4	44	records/raw_logs/hpcasia/throughput/cs3/arxiv/arxiv_20260919T033125.784128Z/seed_44/cache_r1/train.log	records/model_dirs/hpcasia_final/arxiv_20260919T033125.784128Z/seed_44/cache_r1/params.yaml	records/model_dirs/hpcasia_final/arxiv_20260919T033125.784128Z/seed_44/cache_r1/result.json
learning	cs3	arxiv	hpcasia_final/arxiv_20260919T033125.784128Z/seed_44/learning_r1	completed	runtime_seed_schedule	4	44	records/raw_logs/hpcasia/learning/cs3/arxiv/arxiv_20260919T033125.784128Z/seed_44/learning_r1/train.log	records/model_dirs/hpcasia_final/arxiv_20260919T033125.784128Z/seed_44/learning_r1/params.yaml	records/model_dirs/hpcasia_final/arxiv_20260919T033125.784128Z/seed_44/learning_r1/result.json
throughput	cs3	arxiv	hpcasia_final/arxiv_20260919T033125.784128Z/seed_44/throughput_r1	completed	runtime_seed_schedule	4	44	records/raw_logs/hpcasia/throughput/cs3/arxiv/arxiv_20260919T033125.784128Z/seed_44/throughput_r1/train.log	records/model_dirs/hpcasia_final/arxiv_20260919T033125.784128Z/seed_44/throughput_r1/params.yaml	records/model_dirs/hpcasia_final/arxiv_20260919T033125.784128Z/seed_44/throughput_r1/result.json
throughput	cs3	arxiv	hpcasia_final/arxiv_20260919T033125.784128Z/seed_44/throughput_r2	completed	runtime_seed_schedule	4	44	records/raw_logs/hpcasia/throughput/cs3/arxiv/arxiv_20260919T033125.784128Z/seed_44/throughput_r2/train.log	records/model_dirs/hpcasia_final/arxiv_20260919T033125.784128Z/seed_44/throughput_r2/params.yaml	records/model_dirs/hpcasia_final/arxiv_20260919T033125.784128Z/seed_44/throughput_r2/result.json
throughput	cs3	arxiv	hpcasia_final/arxiv_20260919T033125.784128Z/seed_44/throughput_r3	completed	runtime_seed_schedule	4	44	records/raw_logs/hpcasia/throughput/cs3/arxiv/arxiv_20260919T033125.784128Z/seed_44/throughput_r3/train.log	records/model_dirs/hpcasia_final/arxiv_20260919T033125.784128Z/seed_44/throughput_r3/params.yaml	records/model_dirs/hpcasia_final/arxiv_20260919T033125.784128Z/seed_44/throughput_r3/result.json
throughput	cs3	products	hpcasia_final/products_20260919T033108.186214Z/seed_42/cache_r1	completed	runtime_seed_schedule	4	42	records/raw_logs/hpcasia/throughput/cs3/products/seed_42/cache_r1/train.log	records/model_dirs/hpcasia_final/products_20260919T033108.186214Z/seed_42/cache_r1/params.yaml	records/model_dirs/hpcasia_final/products_20260919T033108.186214Z/seed_42/cache_r1/result.json
learning	cs3	products	hpcasia_final/products_20260919T033108.186214Z/seed_42/learning_r1	completed	runtime_seed_schedule	4	42	records/raw_logs/hpcasia/learning/cs3/products/seed_42/learning_r1_2/train.log	records/model_dirs/hpcasia_final/products_20260919T033108.186214Z/seed_42/learning_r1/params.yaml	records/model_dirs/hpcasia_final/products_20260919T033108.186214Z/seed_42/learning_r1/result.json
throughput	cs3	products	hpcasia_final/products_20260919T033108.186214Z/seed_42/throughput_r1	completed	runtime_seed_schedule	4	42	records/raw_logs/hpcasia/throughput/cs3/products/seed_42/throughput_r1/train.log	records/model_dirs/hpcasia_final/products_20260919T033108.186214Z/seed_42/throughput_r1/params.yaml	records/model_dirs/hpcasia_final/products_20260919T033108.186214Z/seed_42/throughput_r1/result.json
throughput	cs3	products	hpcasia_final/products_20260919T033108.186214Z/seed_42/throughput_r2	completed	runtime_seed_schedule	4	42	records/raw_logs/hpcasia/throughput/cs3/products/seed_42/throughput_r2/train.log	records/model_dirs/hpcasia_final/products_20260919T033108.186214Z/seed_42/throughput_r2/params.yaml	records/model_dirs/hpcasia_final/products_20260919T033108.186214Z/seed_42/throughput_r2/result.json
throughput	cs3	products	hpcasia_final/products_20260919T033108.186214Z/seed_42/throughput_r3	completed	runtime_seed_schedule	4	42	records/raw_logs/hpcasia/throughput/cs3/products/seed_42/throughput_r3/train.log	records/model_dirs/hpcasia_final/products_20260919T033108.186214Z/seed_42/throughput_r3/params.yaml	records/model_dirs/hpcasia_final/products_20260919T033108.186214Z/seed_42/throughput_r3/result.json
learning	cs3	products	hpcasia_final/products_20260919T033108.186214Z/seed_43/learning_r1	completed	runtime_seed_schedule	4	43	records/raw_logs/hpcasia/learning/cs3/products/seed_43/learning_r1/train.log	records/model_dirs/hpcasia_final/products_20260919T033108.186214Z/seed_43/learning_r1/params.yaml	records/model_dirs/hpcasia_final/products_20260919T033108.186214Z/seed_43/learning_r1/result.json
throughput	cs3	products	hpcasia_final/products_20260919T033108.186214Z/seed_43/throughput_r1	completed	runtime_seed_schedule	4	43	records/raw_logs/hpcasia/throughput/cs3/products/seed_43/throughput_r1/train.log	records/model_dirs/hpcasia_final/products_20260919T033108.186214Z/seed_43/throughput_r1/params.yaml	records/model_dirs/hpcasia_final/products_20260919T033108.186214Z/seed_43/throughput_r1/result.json
input_pipeline	cs3	arxiv	hpcasia_learning/arxiv_20260918T122510.309655Z/tuning/loader_w08_p1_s0_r1	completed	runtime_seed_schedule	8	42	records/raw_logs/hpcasia/input_pipeline/cs3/arxiv/tuning/arxiv_20260918T122510.309655Z/loader_w08_p1_s0_r1/train.log	records/model_dirs/hpcasia_learning/arxiv_20260918T122510.309655Z/tuning/loader_w08_p1_s0_r1/params.yaml	records/model_dirs/hpcasia_learning/arxiv_20260918T122510.309655Z/tuning/loader_w08_p1_s0_r1/result.json
input_pipeline	cs3	arxiv	hpcasia_learning/arxiv_20260918T122510.309655Z/tuning/loader_w08_p1_s1_r1	completed	runtime_seed_schedule	8	42	records/raw_logs/hpcasia/input_pipeline/cs3/arxiv/tuning/arxiv_20260918T122510.309655Z/loader_w08_p1_s1_r1/train.log	records/model_dirs/hpcasia_learning/arxiv_20260918T122510.309655Z/tuning/loader_w08_p1_s1_r1/params.yaml	records/model_dirs/hpcasia_learning/arxiv_20260918T122510.309655Z/tuning/loader_w08_p1_s1_r1/result.json
input_pipeline	cs3	arxiv	hpcasia_learning/arxiv_20260918T122510.309655Z/tuning/loader_w08_p2_s0_r1	completed	runtime_seed_schedule	8	42	records/raw_logs/hpcasia/input_pipeline/cs3/arxiv/tuning/arxiv_20260918T122510.309655Z/loader_w08_p2_s0_r1/train.log	records/model_dirs/hpcasia_learning/arxiv_20260918T122510.309655Z/tuning/loader_w08_p2_s0_r1/params.yaml	records/model_dirs/hpcasia_learning/arxiv_20260918T122510.309655Z/tuning/loader_w08_p2_s0_r1/result.json
input_pipeline	cs3	arxiv	hpcasia_learning/arxiv_20260918T122510.309655Z/tuning/loader_w08_p2_s1_r1	completed	runtime_seed_schedule	8	42	records/raw_logs/hpcasia/input_pipeline/cs3/arxiv/tuning/arxiv_20260918T122510.309655Z/loader_w08_p2_s1_r1/train.log	records/model_dirs/hpcasia_learning/arxiv_20260918T122510.309655Z/tuning/loader_w08_p2_s1_r1/params.yaml	records/model_dirs/hpcasia_learning/arxiv_20260918T122510.309655Z/tuning/loader_w08_p2_s1_r1/result.json
input_pipeline	cs3	arxiv	hpcasia_learning/arxiv_20260918T122510.309655Z/tuning/loader_w12_p1_s0_r1	completed	runtime_seed_schedule	12	42	records/raw_logs/hpcasia/input_pipeline/cs3/arxiv/tuning/arxiv_20260918T122510.309655Z/loader_w12_p1_s0_r1/train.log	records/model_dirs/hpcasia_learning/arxiv_20260918T122510.309655Z/tuning/loader_w12_p1_s0_r1/params.yaml	records/model_dirs/hpcasia_learning/arxiv_20260918T122510.309655Z/tuning/loader_w12_p1_s0_r1/result.json
input_pipeline	cs3	arxiv	hpcasia_learning/arxiv_20260918T122510.309655Z/tuning/loader_w12_p1_s1_r1	completed	runtime_seed_schedule	12	42	records/raw_logs/hpcasia/input_pipeline/cs3/arxiv/tuning/arxiv_20260918T122510.309655Z/loader_w12_p1_s1_r1/train.log	records/model_dirs/hpcasia_learning/arxiv_20260918T122510.309655Z/tuning/loader_w12_p1_s1_r1/params.yaml	records/model_dirs/hpcasia_learning/arxiv_20260918T122510.309655Z/tuning/loader_w12_p1_s1_r1/result.json
input_pipeline	cs3	arxiv	hpcasia_learning/arxiv_20260918T122510.309655Z/tuning/loader_w12_p2_s0_r1	completed	runtime_seed_schedule	12	42	records/raw_logs/hpcasia/input_pipeline/cs3/arxiv/tuning/arxiv_20260918T122510.309655Z/loader_w12_p2_s0_r1/train.log	records/model_dirs/hpcasia_learning/arxiv_20260918T122510.309655Z/tuning/loader_w12_p2_s0_r1/params.yaml	records/model_dirs/hpcasia_learning/arxiv_20260918T122510.309655Z/tuning/loader_w12_p2_s0_r1/result.json
input_pipeline	cs3	arxiv	hpcasia_learning/arxiv_20260918T122510.309655Z/tuning/loader_w12_p2_s1_r1	completed	runtime_seed_schedule	12	42	records/raw_logs/hpcasia/input_pipeline/cs3/arxiv/tuning/arxiv_20260918T122510.309655Z/loader_w12_p2_s1_r1/train.log	records/model_dirs/hpcasia_learning/arxiv_20260918T122510.309655Z/tuning/loader_w12_p2_s1_r1/params.yaml	records/model_dirs/hpcasia_learning/arxiv_20260918T122510.309655Z/tuning/loader_w12_p2_s1_r1/result.json
input_pipeline	cs3	arxiv	hpcasia_learning/arxiv_20260918T122621.253613Z/tuning/loader_w08_p1_s0_r1	completed	runtime_seed_schedule	8	42	records/raw_logs/hpcasia/input_pipeline/cs3/arxiv/tuning/arxiv_20260918T122621.253613Z/loader_w08_p1_s0_r1/train.log	records/model_dirs/hpcasia_learning/arxiv_20260918T122621.253613Z/tuning/loader_w08_p1_s0_r1/params.yaml	records/model_dirs/hpcasia_learning/arxiv_20260918T122621.253613Z/tuning/loader_w08_p1_s0_r1/result.json
input_pipeline	cs3	arxiv	hpcasia_learning/arxiv_20260918T122621.253613Z/tuning/loader_w08_p1_s1_r1	completed	runtime_seed_schedule	8	42	records/raw_logs/hpcasia/input_pipeline/cs3/arxiv/tuning/arxiv_20260918T122621.253613Z/loader_w08_p1_s1_r1/train.log	records/model_dirs/hpcasia_learning/arxiv_20260918T122621.253613Z/tuning/loader_w08_p1_s1_r1/params.yaml	records/model_dirs/hpcasia_learning/arxiv_20260918T122621.253613Z/tuning/loader_w08_p1_s1_r1/result.json
input_pipeline	cs3	arxiv	hpcasia_learning/arxiv_20260918T122621.253613Z/tuning/loader_w08_p2_s0_r1	completed	runtime_seed_schedule	8	42	records/raw_logs/hpcasia/input_pipeline/cs3/arxiv/tuning/arxiv_20260918T122621.253613Z/loader_w08_p2_s0_r1/train.log	records/model_dirs/hpcasia_learning/arxiv_20260918T122621.253613Z/tuning/loader_w08_p2_s0_r1/params.yaml	records/model_dirs/hpcasia_learning/arxiv_20260918T122621.253613Z/tuning/loader_w08_p2_s0_r1/result.json
input_pipeline	cs3	arxiv	hpcasia_learning/arxiv_20260918T122621.253613Z/tuning/loader_w08_p2_s1_r1	completed	runtime_seed_schedule	8	42	records/raw_logs/hpcasia/input_pipeline/cs3/arxiv/tuning/arxiv_20260918T122621.253613Z/loader_w08_p2_s1_r1/train.log	records/model_dirs/hpcasia_learning/arxiv_20260918T122621.253613Z/tuning/loader_w08_p2_s1_r1/params.yaml	records/model_dirs/hpcasia_learning/arxiv_20260918T122621.253613Z/tuning/loader_w08_p2_s1_r1/result.json
input_pipeline	cs3	arxiv	hpcasia_learning/arxiv_20260918T122621.253613Z/tuning/loader_w16_p1_s0_r1	completed	runtime_seed_schedule	16	42	records/raw_logs/hpcasia/input_pipeline/cs3/arxiv/tuning/arxiv_20260918T122621.253613Z/loader_w16_p1_s0_r1/train.log	records/model_dirs/hpcasia_learning/arxiv_20260918T122621.253613Z/tuning/loader_w16_p1_s0_r1/params.yaml	records/model_dirs/hpcasia_learning/arxiv_20260918T122621.253613Z/tuning/loader_w16_p1_s0_r1/result.json
input_pipeline	cs3	arxiv	hpcasia_learning/arxiv_20260918T122621.253613Z/tuning/loader_w16_p1_s1_r1	completed	runtime_seed_schedule	16	42	records/raw_logs/hpcasia/input_pipeline/cs3/arxiv/tuning/arxiv_20260918T122621.253613Z/loader_w16_p1_s1_r1/train.log	records/model_dirs/hpcasia_learning/arxiv_20260918T122621.253613Z/tuning/loader_w16_p1_s1_r1/params.yaml	records/model_dirs/hpcasia_learning/arxiv_20260918T122621.253613Z/tuning/loader_w16_p1_s1_r1/result.json
input_pipeline	cs3	arxiv	hpcasia_learning/arxiv_20260918T122621.253613Z/tuning/loader_w16_p2_s0_r1	completed	runtime_seed_schedule	16	42	records/raw_logs/hpcasia/input_pipeline/cs3/arxiv/tuning/arxiv_20260918T122621.253613Z/loader_w16_p2_s0_r1/train.log	records/model_dirs/hpcasia_learning/arxiv_20260918T122621.253613Z/tuning/loader_w16_p2_s0_r1/params.yaml	records/model_dirs/hpcasia_learning/arxiv_20260918T122621.253613Z/tuning/loader_w16_p2_s0_r1/result.json
input_pipeline	cs3	arxiv	hpcasia_learning/arxiv_20260918T122621.253613Z/tuning/loader_w16_p2_s1_r1	completed	runtime_seed_schedule	16	42	records/raw_logs/hpcasia/input_pipeline/cs3/arxiv/tuning/arxiv_20260918T122621.253613Z/loader_w16_p2_s1_r1/train.log	records/model_dirs/hpcasia_learning/arxiv_20260918T122621.253613Z/tuning/loader_w16_p2_s1_r1/params.yaml	records/model_dirs/hpcasia_learning/arxiv_20260918T122621.253613Z/tuning/loader_w16_p2_s1_r1/result.json
throughput	h100	arxiv	hpcasia_final/pegasus_native_20260920T030316Z/arxiv/seed_42/cache_r1	completed	gpu_consumed_seed_nodes	4	42	records/raw_logs/hpcasia/throughput/h100/arxiv/pegasus_native_20260920T030316Z/seed_42/cache_r1/train.log	records/model_dirs/hpcasia_final/pegasus_native_20260920T030316Z/arxiv/seed_42/cache_r1/params.yaml	records/model_dirs/hpcasia_final/pegasus_native_20260920T030316Z/arxiv/seed_42/cache_r1/result.json
learning	h100	arxiv	hpcasia_final/pegasus_native_20260920T030316Z/arxiv/seed_42/learning_r1	completed	gpu_consumed_seed_nodes	4	42	records/raw_logs/hpcasia/learning/h100/arxiv/pegasus_native_20260920T030316Z/seed_42/learning_r1/train.log	records/model_dirs/hpcasia_final/pegasus_native_20260920T030316Z/arxiv/seed_42/learning_r1/params.yaml	records/model_dirs/hpcasia_final/pegasus_native_20260920T030316Z/arxiv/seed_42/learning_r1/result.json
throughput	h100	arxiv	hpcasia_final/pegasus_native_20260920T030316Z/arxiv/seed_42/throughput_r1	completed	gpu_consumed_seed_nodes	4	42	records/raw_logs/hpcasia/throughput/h100/arxiv/pegasus_native_20260920T030316Z/seed_42/throughput_r1/train.log	records/model_dirs/hpcasia_final/pegasus_native_20260920T030316Z/arxiv/seed_42/throughput_r1/params.yaml	records/model_dirs/hpcasia_final/pegasus_native_20260920T030316Z/arxiv/seed_42/throughput_r1/result.json
throughput	h100	arxiv	hpcasia_final/pegasus_native_20260920T030316Z/arxiv/seed_42/throughput_r2	completed	gpu_consumed_seed_nodes	4	42	records/raw_logs/hpcasia/throughput/h100/arxiv/pegasus_native_20260920T030316Z/seed_42/throughput_r2/train.log	records/model_dirs/hpcasia_final/pegasus_native_20260920T030316Z/arxiv/seed_42/throughput_r2/params.yaml	records/model_dirs/hpcasia_final/pegasus_native_20260920T030316Z/arxiv/seed_42/throughput_r2/result.json
throughput	h100	arxiv	hpcasia_final/pegasus_native_20260920T030316Z/arxiv/seed_42/throughput_r3	completed	gpu_consumed_seed_nodes	4	42	records/raw_logs/hpcasia/throughput/h100/arxiv/pegasus_native_20260920T030316Z/seed_42/throughput_r3/train.log	records/model_dirs/hpcasia_final/pegasus_native_20260920T030316Z/arxiv/seed_42/throughput_r3/params.yaml	records/model_dirs/hpcasia_final/pegasus_native_20260920T030316Z/arxiv/seed_42/throughput_r3/result.json
throughput	h100	arxiv	hpcasia_final/pegasus_native_20260920T030316Z/arxiv/seed_43/cache_r1	completed	gpu_consumed_seed_nodes	4	43	records/raw_logs/hpcasia/throughput/h100/arxiv/pegasus_native_20260920T030316Z/seed_43/cache_r1/train.log	records/model_dirs/hpcasia_final/pegasus_native_20260920T030316Z/arxiv/seed_43/cache_r1/params.yaml	records/model_dirs/hpcasia_final/pegasus_native_20260920T030316Z/arxiv/seed_43/cache_r1/result.json
learning	h100	arxiv	hpcasia_final/pegasus_native_20260920T030316Z/arxiv/seed_43/learning_r1	completed	gpu_consumed_seed_nodes	4	43	records/raw_logs/hpcasia/learning/h100/arxiv/pegasus_native_20260920T030316Z/seed_43/learning_r1/train.log	records/model_dirs/hpcasia_final/pegasus_native_20260920T030316Z/arxiv/seed_43/learning_r1/params.yaml	records/model_dirs/hpcasia_final/pegasus_native_20260920T030316Z/arxiv/seed_43/learning_r1/result.json
throughput	h100	arxiv	hpcasia_final/pegasus_native_20260920T030316Z/arxiv/seed_43/throughput_r1	completed	gpu_consumed_seed_nodes	4	43	records/raw_logs/hpcasia/throughput/h100/arxiv/pegasus_native_20260920T030316Z/seed_43/throughput_r1/train.log	records/model_dirs/hpcasia_final/pegasus_native_20260920T030316Z/arxiv/seed_43/throughput_r1/params.yaml	records/model_dirs/hpcasia_final/pegasus_native_20260920T030316Z/arxiv/seed_43/throughput_r1/result.json
throughput	h100	arxiv	hpcasia_final/pegasus_native_20260920T030316Z/arxiv/seed_43/throughput_r2	completed	gpu_consumed_seed_nodes	4	43	records/raw_logs/hpcasia/throughput/h100/arxiv/pegasus_native_20260920T030316Z/seed_43/throughput_r2/train.log	records/model_dirs/hpcasia_final/pegasus_native_20260920T030316Z/arxiv/seed_43/throughput_r2/params.yaml	records/model_dirs/hpcasia_final/pegasus_native_20260920T030316Z/arxiv/seed_43/throughput_r2/result.json
throughput	h100	arxiv	hpcasia_final/pegasus_native_20260920T030316Z/arxiv/seed_43/throughput_r3	completed	gpu_consumed_seed_nodes	4	43	records/raw_logs/hpcasia/throughput/h100/arxiv/pegasus_native_20260920T030316Z/seed_43/throughput_r3/train.log	records/model_dirs/hpcasia_final/pegasus_native_20260920T030316Z/arxiv/seed_43/throughput_r3/params.yaml	records/model_dirs/hpcasia_final/pegasus_native_20260920T030316Z/arxiv/seed_43/throughput_r3/result.json
throughput	h100	arxiv	hpcasia_final/pegasus_native_20260920T030316Z/arxiv/seed_44/cache_r1	completed	gpu_consumed_seed_nodes	4	44	records/raw_logs/hpcasia/throughput/h100/arxiv/pegasus_native_20260920T030316Z/seed_44/cache_r1/train.log	records/model_dirs/hpcasia_final/pegasus_native_20260920T030316Z/arxiv/seed_44/cache_r1/params.yaml	records/model_dirs/hpcasia_final/pegasus_native_20260920T030316Z/arxiv/seed_44/cache_r1/result.json
learning	h100	arxiv	hpcasia_final/pegasus_native_20260920T030316Z/arxiv/seed_44/learning_r1	completed	gpu_consumed_seed_nodes	4	44	records/raw_logs/hpcasia/learning/h100/arxiv/pegasus_native_20260920T030316Z/seed_44/learning_r1/train.log	records/model_dirs/hpcasia_final/pegasus_native_20260920T030316Z/arxiv/seed_44/learning_r1/params.yaml	records/model_dirs/hpcasia_final/pegasus_native_20260920T030316Z/arxiv/seed_44/learning_r1/result.json
throughput	h100	arxiv	hpcasia_final/pegasus_native_20260920T030316Z/arxiv/seed_44/throughput_r1	completed	gpu_consumed_seed_nodes	4	44	records/raw_logs/hpcasia/throughput/h100/arxiv/pegasus_native_20260920T030316Z/seed_44/throughput_r1/train.log	records/model_dirs/hpcasia_final/pegasus_native_20260920T030316Z/arxiv/seed_44/throughput_r1/params.yaml	records/model_dirs/hpcasia_final/pegasus_native_20260920T030316Z/arxiv/seed_44/throughput_r1/result.json
throughput	h100	arxiv	hpcasia_final/pegasus_native_20260920T030316Z/arxiv/seed_44/throughput_r2	completed	gpu_consumed_seed_nodes	4	44	records/raw_logs/hpcasia/throughput/h100/arxiv/pegasus_native_20260920T030316Z/seed_44/throughput_r2/train.log	records/model_dirs/hpcasia_final/pegasus_native_20260920T030316Z/arxiv/seed_44/throughput_r2/params.yaml	records/model_dirs/hpcasia_final/pegasus_native_20260920T030316Z/arxiv/seed_44/throughput_r2/result.json
throughput	h100	arxiv	hpcasia_final/pegasus_native_20260920T030316Z/arxiv/seed_44/throughput_r3	completed	gpu_consumed_seed_nodes	4	44	records/raw_logs/hpcasia/throughput/h100/arxiv/pegasus_native_20260920T030316Z/seed_44/throughput_r3/train.log	records/model_dirs/hpcasia_final/pegasus_native_20260920T030316Z/arxiv/seed_44/throughput_r3/params.yaml	records/model_dirs/hpcasia_final/pegasus_native_20260920T030316Z/arxiv/seed_44/throughput_r3/result.json
throughput	h100	products	hpcasia_final/pegasus_native_20260920T030316Z/products/seed_42/cache_r1	completed	gpu_consumed_seed_nodes	4	42	records/raw_logs/hpcasia/throughput/h100/products/pegasus_native_20260920T030316Z/seed_42/cache_r1/train.log	records/model_dirs/hpcasia_final/pegasus_native_20260920T030316Z/products/seed_42/cache_r1/params.yaml	records/model_dirs/hpcasia_final/pegasus_native_20260920T030316Z/products/seed_42/cache_r1/result.json
learning	h100	products	hpcasia_final/pegasus_native_20260920T030316Z/products/seed_42/learning_r1	completed	gpu_consumed_seed_nodes	4	42	records/raw_logs/hpcasia/learning/h100/products/pegasus_native_20260920T030316Z/seed_42/learning_r1/train.log	records/model_dirs/hpcasia_final/pegasus_native_20260920T030316Z/products/seed_42/learning_r1/params.yaml	records/model_dirs/hpcasia_final/pegasus_native_20260920T030316Z/products/seed_42/learning_r1/result.json
throughput	h100	products	hpcasia_final/pegasus_native_20260920T030316Z/products/seed_42/throughput_r1	completed	gpu_consumed_seed_nodes	4	42	records/raw_logs/hpcasia/throughput/h100/products/pegasus_native_20260920T030316Z/seed_42/throughput_r1/train.log	records/model_dirs/hpcasia_final/pegasus_native_20260920T030316Z/products/seed_42/throughput_r1/params.yaml	records/model_dirs/hpcasia_final/pegasus_native_20260920T030316Z/products/seed_42/throughput_r1/result.json
throughput	h100	products	hpcasia_final/pegasus_native_20260920T030316Z/products/seed_42/throughput_r2	completed	gpu_consumed_seed_nodes	4	42	records/raw_logs/hpcasia/throughput/h100/products/pegasus_native_20260920T030316Z/seed_42/throughput_r2/train.log	records/model_dirs/hpcasia_final/pegasus_native_20260920T030316Z/products/seed_42/throughput_r2/params.yaml	records/model_dirs/hpcasia_final/pegasus_native_20260920T030316Z/products/seed_42/throughput_r2/result.json
throughput	h100	products	hpcasia_final/pegasus_native_20260920T030316Z/products/seed_42/throughput_r3	completed	gpu_consumed_seed_nodes	4	42	records/raw_logs/hpcasia/throughput/h100/products/pegasus_native_20260920T030316Z/seed_42/throughput_r3/train.log	records/model_dirs/hpcasia_final/pegasus_native_20260920T030316Z/products/seed_42/throughput_r3/params.yaml	records/model_dirs/hpcasia_final/pegasus_native_20260920T030316Z/products/seed_42/throughput_r3/result.json
throughput	h100	products	hpcasia_final/pegasus_native_20260920T030316Z/products/seed_43/cache_r1	completed	gpu_consumed_seed_nodes	4	43	records/raw_logs/hpcasia/throughput/h100/products/pegasus_native_20260920T030316Z/seed_43/cache_r1/train.log	records/model_dirs/hpcasia_final/pegasus_native_20260920T030316Z/products/seed_43/cache_r1/params.yaml	records/model_dirs/hpcasia_final/pegasus_native_20260920T030316Z/products/seed_43/cache_r1/result.json
learning	h100	products	hpcasia_final/pegasus_native_20260920T030316Z/products/seed_43/learning_r1	completed	gpu_consumed_seed_nodes	4	43	records/raw_logs/hpcasia/learning/h100/products/pegasus_native_20260920T030316Z/seed_43/learning_r1/train.log	records/model_dirs/hpcasia_final/pegasus_native_20260920T030316Z/products/seed_43/learning_r1/params.yaml	records/model_dirs/hpcasia_final/pegasus_native_20260920T030316Z/products/seed_43/learning_r1/result.json
throughput	h100	products	hpcasia_final/pegasus_native_20260920T030316Z/products/seed_43/throughput_r1	completed	gpu_consumed_seed_nodes	4	43	records/raw_logs/hpcasia/throughput/h100/products/pegasus_native_20260920T030316Z/seed_43/throughput_r1/train.log	records/model_dirs/hpcasia_final/pegasus_native_20260920T030316Z/products/seed_43/throughput_r1/params.yaml	records/model_dirs/hpcasia_final/pegasus_native_20260920T030316Z/products/seed_43/throughput_r1/result.json
throughput	h100	products	hpcasia_final/pegasus_native_20260920T030316Z/products/seed_43/throughput_r2	completed	gpu_consumed_seed_nodes	4	43	records/raw_logs/hpcasia/throughput/h100/products/pegasus_native_20260920T030316Z/seed_43/throughput_r2/train.log	records/model_dirs/hpcasia_final/pegasus_native_20260920T030316Z/products/seed_43/throughput_r2/params.yaml	records/model_dirs/hpcasia_final/pegasus_native_20260920T030316Z/products/seed_43/throughput_r2/result.json
throughput	h100	products	hpcasia_final/pegasus_native_20260920T030316Z/products/seed_43/throughput_r3	completed	gpu_consumed_seed_nodes	4	43	records/raw_logs/hpcasia/throughput/h100/products/pegasus_native_20260920T030316Z/seed_43/throughput_r3/train.log	records/model_dirs/hpcasia_final/pegasus_native_20260920T030316Z/products/seed_43/throughput_r3/params.yaml	records/model_dirs/hpcasia_final/pegasus_native_20260920T030316Z/products/seed_43/throughput_r3/result.json
throughput	h100	products	hpcasia_final/pegasus_native_20260920T030316Z/products/seed_44/cache_r1	completed	gpu_consumed_seed_nodes	4	44	records/raw_logs/hpcasia/throughput/h100/products/pegasus_native_20260920T030316Z/seed_44/cache_r1/train.log	records/model_dirs/hpcasia_final/pegasus_native_20260920T030316Z/products/seed_44/cache_r1/params.yaml	records/model_dirs/hpcasia_final/pegasus_native_20260920T030316Z/products/seed_44/cache_r1/result.json
learning	h100	products	hpcasia_final/pegasus_native_20260920T030316Z/products/seed_44/learning_r1	completed	gpu_consumed_seed_nodes	4	44	records/raw_logs/hpcasia/learning/h100/products/pegasus_native_20260920T030316Z/seed_44/learning_r1/train.log	records/model_dirs/hpcasia_final/pegasus_native_20260920T030316Z/products/seed_44/learning_r1/params.yaml	records/model_dirs/hpcasia_final/pegasus_native_20260920T030316Z/products/seed_44/learning_r1/result.json
throughput	h100	products	hpcasia_final/pegasus_native_20260920T030316Z/products/seed_44/throughput_r1	completed	gpu_consumed_seed_nodes	4	44	records/raw_logs/hpcasia/throughput/h100/products/pegasus_native_20260920T030316Z/seed_44/throughput_r1/train.log	records/model_dirs/hpcasia_final/pegasus_native_20260920T030316Z/products/seed_44/throughput_r1/params.yaml	records/model_dirs/hpcasia_final/pegasus_native_20260920T030316Z/products/seed_44/throughput_r1/result.json
throughput	h100	products	hpcasia_final/pegasus_native_20260920T030316Z/products/seed_44/throughput_r2	completed	gpu_consumed_seed_nodes	4	44	records/raw_logs/hpcasia/throughput/h100/products/pegasus_native_20260920T030316Z/seed_44/throughput_r2/train.log	records/model_dirs/hpcasia_final/pegasus_native_20260920T030316Z/products/seed_44/throughput_r2/params.yaml	records/model_dirs/hpcasia_final/pegasus_native_20260920T030316Z/products/seed_44/throughput_r2/result.json
throughput	h100	products	hpcasia_final/pegasus_native_20260920T030316Z/products/seed_44/throughput_r3	completed	gpu_consumed_seed_nodes	4	44	records/raw_logs/hpcasia/throughput/h100/products/pegasus_native_20260920T030316Z/seed_44/throughput_r3/train.log	records/model_dirs/hpcasia_final/pegasus_native_20260920T030316Z/products/seed_44/throughput_r3/params.yaml	records/model_dirs/hpcasia_final/pegasus_native_20260920T030316Z/products/seed_44/throughput_r3/result.json
input_pipeline	h100	arxiv	hpcasia_gpu_input/pyg_native_20260920T030343Z/arxiv/pyg/workers/w12/sensitivity_w12_p2_s1_r1	completed	gpu_consumed_seed_nodes	12	42	records/raw_logs/hpcasia/input_pipeline/h100/arxiv/pyg_native_20260920T030343Z/w12/sensitivity_w12_p2_s1_r1/train.log	records/model_dirs/hpcasia_gpu_input/pyg_native_20260920T030343Z/arxiv/pyg/workers/w12/sensitivity_w12_p2_s1_r1/params.yaml	records/model_dirs/hpcasia_gpu_input/pyg_native_20260920T030343Z/arxiv/pyg/workers/w12/sensitivity_w12_p2_s1_r1/result.json
input_pipeline	h100	arxiv	hpcasia_gpu_input/pyg_native_20260920T030343Z/arxiv/pyg/workers/w12/sensitivity_w12_p2_s1_r2	completed	gpu_consumed_seed_nodes	12	42	records/raw_logs/hpcasia/input_pipeline/h100/arxiv/pyg_native_20260920T030343Z/w12/sensitivity_w12_p2_s1_r2/train.log	records/model_dirs/hpcasia_gpu_input/pyg_native_20260920T030343Z/arxiv/pyg/workers/w12/sensitivity_w12_p2_s1_r2/params.yaml	records/model_dirs/hpcasia_gpu_input/pyg_native_20260920T030343Z/arxiv/pyg/workers/w12/sensitivity_w12_p2_s1_r2/result.json
input_pipeline	h100	arxiv	hpcasia_gpu_input/pyg_native_20260920T030343Z/arxiv/pyg/workers/w12/sensitivity_w12_p2_s1_r3	completed	gpu_consumed_seed_nodes	12	42	records/raw_logs/hpcasia/input_pipeline/h100/arxiv/pyg_native_20260920T030343Z/w12/sensitivity_w12_p2_s1_r3/train.log	records/model_dirs/hpcasia_gpu_input/pyg_native_20260920T030343Z/arxiv/pyg/workers/w12/sensitivity_w12_p2_s1_r3/params.yaml	records/model_dirs/hpcasia_gpu_input/pyg_native_20260920T030343Z/arxiv/pyg/workers/w12/sensitivity_w12_p2_s1_r3/result.json
input_pipeline	h100	arxiv	hpcasia_gpu_input/pyg_native_20260920T030343Z/arxiv/pyg/workers/w16/sensitivity_w16_p2_s1_r1	completed	gpu_consumed_seed_nodes	16	42	records/raw_logs/hpcasia/input_pipeline/h100/arxiv/pyg_native_20260920T030343Z/w16/sensitivity_w16_p2_s1_r1/train.log	records/model_dirs/hpcasia_gpu_input/pyg_native_20260920T030343Z/arxiv/pyg/workers/w16/sensitivity_w16_p2_s1_r1/params.yaml	records/model_dirs/hpcasia_gpu_input/pyg_native_20260920T030343Z/arxiv/pyg/workers/w16/sensitivity_w16_p2_s1_r1/result.json
input_pipeline	h100	arxiv	hpcasia_gpu_input/pyg_native_20260920T030343Z/arxiv/pyg/workers/w16/sensitivity_w16_p2_s1_r2	completed	gpu_consumed_seed_nodes	16	42	records/raw_logs/hpcasia/input_pipeline/h100/arxiv/pyg_native_20260920T030343Z/w16/sensitivity_w16_p2_s1_r2/train.log	records/model_dirs/hpcasia_gpu_input/pyg_native_20260920T030343Z/arxiv/pyg/workers/w16/sensitivity_w16_p2_s1_r2/params.yaml	records/model_dirs/hpcasia_gpu_input/pyg_native_20260920T030343Z/arxiv/pyg/workers/w16/sensitivity_w16_p2_s1_r2/result.json
input_pipeline	h100	arxiv	hpcasia_gpu_input/pyg_native_20260920T030343Z/arxiv/pyg/workers/w16/sensitivity_w16_p2_s1_r3	completed	gpu_consumed_seed_nodes	16	42	records/raw_logs/hpcasia/input_pipeline/h100/arxiv/pyg_native_20260920T030343Z/w16/sensitivity_w16_p2_s1_r3/train.log	records/model_dirs/hpcasia_gpu_input/pyg_native_20260920T030343Z/arxiv/pyg/workers/w16/sensitivity_w16_p2_s1_r3/params.yaml	records/model_dirs/hpcasia_gpu_input/pyg_native_20260920T030343Z/arxiv/pyg/workers/w16/sensitivity_w16_p2_s1_r3/result.json
input_pipeline	h100	arxiv	hpcasia_gpu_input/pyg_native_20260920T030343Z/arxiv/pyg/workers/w2/sensitivity_w02_p2_s1_r1	completed	gpu_consumed_seed_nodes	2	42	records/raw_logs/hpcasia/input_pipeline/h100/arxiv/pyg_native_20260920T030343Z/w2/sensitivity_w02_p2_s1_r1/train.log	records/model_dirs/hpcasia_gpu_input/pyg_native_20260920T030343Z/arxiv/pyg/workers/w2/sensitivity_w02_p2_s1_r1/params.yaml	records/model_dirs/hpcasia_gpu_input/pyg_native_20260920T030343Z/arxiv/pyg/workers/w2/sensitivity_w02_p2_s1_r1/result.json
input_pipeline	h100	arxiv	hpcasia_gpu_input/pyg_native_20260920T030343Z/arxiv/pyg/workers/w2/sensitivity_w02_p2_s1_r2	completed	gpu_consumed_seed_nodes	2	42	records/raw_logs/hpcasia/input_pipeline/h100/arxiv/pyg_native_20260920T030343Z/w2/sensitivity_w02_p2_s1_r2/train.log	records/model_dirs/hpcasia_gpu_input/pyg_native_20260920T030343Z/arxiv/pyg/workers/w2/sensitivity_w02_p2_s1_r2/params.yaml	records/model_dirs/hpcasia_gpu_input/pyg_native_20260920T030343Z/arxiv/pyg/workers/w2/sensitivity_w02_p2_s1_r2/result.json
input_pipeline	h100	arxiv	hpcasia_gpu_input/pyg_native_20260920T030343Z/arxiv/pyg/workers/w2/sensitivity_w02_p2_s1_r3	completed	gpu_consumed_seed_nodes	2	42	records/raw_logs/hpcasia/input_pipeline/h100/arxiv/pyg_native_20260920T030343Z/w2/sensitivity_w02_p2_s1_r3/train.log	records/model_dirs/hpcasia_gpu_input/pyg_native_20260920T030343Z/arxiv/pyg/workers/w2/sensitivity_w02_p2_s1_r3/params.yaml	records/model_dirs/hpcasia_gpu_input/pyg_native_20260920T030343Z/arxiv/pyg/workers/w2/sensitivity_w02_p2_s1_r3/result.json
input_pipeline	h100	arxiv	hpcasia_gpu_input/pyg_native_20260920T030343Z/arxiv/pyg/workers/w24/sensitivity_w24_p2_s1_r1	completed	gpu_consumed_seed_nodes	24	42	records/raw_logs/hpcasia/input_pipeline/h100/arxiv/pyg_native_20260920T030343Z/w24/sensitivity_w24_p2_s1_r1/train.log	records/model_dirs/hpcasia_gpu_input/pyg_native_20260920T030343Z/arxiv/pyg/workers/w24/sensitivity_w24_p2_s1_r1/params.yaml	records/model_dirs/hpcasia_gpu_input/pyg_native_20260920T030343Z/arxiv/pyg/workers/w24/sensitivity_w24_p2_s1_r1/result.json
input_pipeline	h100	arxiv	hpcasia_gpu_input/pyg_native_20260920T030343Z/arxiv/pyg/workers/w24/sensitivity_w24_p2_s1_r2	completed	gpu_consumed_seed_nodes	24	42	records/raw_logs/hpcasia/input_pipeline/h100/arxiv/pyg_native_20260920T030343Z/w24/sensitivity_w24_p2_s1_r2/train.log	records/model_dirs/hpcasia_gpu_input/pyg_native_20260920T030343Z/arxiv/pyg/workers/w24/sensitivity_w24_p2_s1_r2/params.yaml	records/model_dirs/hpcasia_gpu_input/pyg_native_20260920T030343Z/arxiv/pyg/workers/w24/sensitivity_w24_p2_s1_r2/result.json
input_pipeline	h100	arxiv	hpcasia_gpu_input/pyg_native_20260920T030343Z/arxiv/pyg/workers/w24/sensitivity_w24_p2_s1_r3	completed	gpu_consumed_seed_nodes	24	42	records/raw_logs/hpcasia/input_pipeline/h100/arxiv/pyg_native_20260920T030343Z/w24/sensitivity_w24_p2_s1_r3/train.log	records/model_dirs/hpcasia_gpu_input/pyg_native_20260920T030343Z/arxiv/pyg/workers/w24/sensitivity_w24_p2_s1_r3/params.yaml	records/model_dirs/hpcasia_gpu_input/pyg_native_20260920T030343Z/arxiv/pyg/workers/w24/sensitivity_w24_p2_s1_r3/result.json
input_pipeline	h100	arxiv	hpcasia_gpu_input/pyg_native_20260920T030343Z/arxiv/pyg/workers/w32/sensitivity_w32_p2_s1_r1	completed	gpu_consumed_seed_nodes	32	42	records/raw_logs/hpcasia/input_pipeline/h100/arxiv/pyg_native_20260920T030343Z/w32/sensitivity_w32_p2_s1_r1/train.log	records/model_dirs/hpcasia_gpu_input/pyg_native_20260920T030343Z/arxiv/pyg/workers/w32/sensitivity_w32_p2_s1_r1/params.yaml	records/model_dirs/hpcasia_gpu_input/pyg_native_20260920T030343Z/arxiv/pyg/workers/w32/sensitivity_w32_p2_s1_r1/result.json
input_pipeline	h100	arxiv	hpcasia_gpu_input/pyg_native_20260920T030343Z/arxiv/pyg/workers/w32/sensitivity_w32_p2_s1_r2	completed	gpu_consumed_seed_nodes	32	42	records/raw_logs/hpcasia/input_pipeline/h100/arxiv/pyg_native_20260920T030343Z/w32/sensitivity_w32_p2_s1_r2/train.log	records/model_dirs/hpcasia_gpu_input/pyg_native_20260920T030343Z/arxiv/pyg/workers/w32/sensitivity_w32_p2_s1_r2/params.yaml	records/model_dirs/hpcasia_gpu_input/pyg_native_20260920T030343Z/arxiv/pyg/workers/w32/sensitivity_w32_p2_s1_r2/result.json
input_pipeline	h100	arxiv	hpcasia_gpu_input/pyg_native_20260920T030343Z/arxiv/pyg/workers/w32/sensitivity_w32_p2_s1_r3	completed	gpu_consumed_seed_nodes	32	42	records/raw_logs/hpcasia/input_pipeline/h100/arxiv/pyg_native_20260920T030343Z/w32/sensitivity_w32_p2_s1_r3/train.log	records/model_dirs/hpcasia_gpu_input/pyg_native_20260920T030343Z/arxiv/pyg/workers/w32/sensitivity_w32_p2_s1_r3/params.yaml	records/model_dirs/hpcasia_gpu_input/pyg_native_20260920T030343Z/arxiv/pyg/workers/w32/sensitivity_w32_p2_s1_r3/result.json
input_pipeline	h100	arxiv	hpcasia_gpu_input/pyg_native_20260920T030343Z/arxiv/pyg/workers/w4/sensitivity_w04_p2_s1_r1	completed	gpu_consumed_seed_nodes	4	42	records/raw_logs/hpcasia/input_pipeline/h100/arxiv/pyg_native_20260920T030343Z/w4/sensitivity_w04_p2_s1_r1/train.log	records/model_dirs/hpcasia_gpu_input/pyg_native_20260920T030343Z/arxiv/pyg/workers/w4/sensitivity_w04_p2_s1_r1/params.yaml	records/model_dirs/hpcasia_gpu_input/pyg_native_20260920T030343Z/arxiv/pyg/workers/w4/sensitivity_w04_p2_s1_r1/result.json
input_pipeline	h100	arxiv	hpcasia_gpu_input/pyg_native_20260920T030343Z/arxiv/pyg/workers/w4/sensitivity_w04_p2_s1_r2	completed	gpu_consumed_seed_nodes	4	42	records/raw_logs/hpcasia/input_pipeline/h100/arxiv/pyg_native_20260920T030343Z/w4/sensitivity_w04_p2_s1_r2/train.log	records/model_dirs/hpcasia_gpu_input/pyg_native_20260920T030343Z/arxiv/pyg/workers/w4/sensitivity_w04_p2_s1_r2/params.yaml	records/model_dirs/hpcasia_gpu_input/pyg_native_20260920T030343Z/arxiv/pyg/workers/w4/sensitivity_w04_p2_s1_r2/result.json
input_pipeline	h100	arxiv	hpcasia_gpu_input/pyg_native_20260920T030343Z/arxiv/pyg/workers/w4/sensitivity_w04_p2_s1_r3	completed	gpu_consumed_seed_nodes	4	42	records/raw_logs/hpcasia/input_pipeline/h100/arxiv/pyg_native_20260920T030343Z/w4/sensitivity_w04_p2_s1_r3/train.log	records/model_dirs/hpcasia_gpu_input/pyg_native_20260920T030343Z/arxiv/pyg/workers/w4/sensitivity_w04_p2_s1_r3/params.yaml	records/model_dirs/hpcasia_gpu_input/pyg_native_20260920T030343Z/arxiv/pyg/workers/w4/sensitivity_w04_p2_s1_r3/result.json
input_pipeline	h100	arxiv	hpcasia_gpu_input/pyg_native_20260920T030343Z/arxiv/pyg/workers/w40/sensitivity_w40_p2_s1_r1	completed	gpu_consumed_seed_nodes	40	42	records/raw_logs/hpcasia/input_pipeline/h100/arxiv/pyg_native_20260920T030343Z/w40/sensitivity_w40_p2_s1_r1/train.log	records/model_dirs/hpcasia_gpu_input/pyg_native_20260920T030343Z/arxiv/pyg/workers/w40/sensitivity_w40_p2_s1_r1/params.yaml	records/model_dirs/hpcasia_gpu_input/pyg_native_20260920T030343Z/arxiv/pyg/workers/w40/sensitivity_w40_p2_s1_r1/result.json
input_pipeline	h100	arxiv	hpcasia_gpu_input/pyg_native_20260920T030343Z/arxiv/pyg/workers/w40/sensitivity_w40_p2_s1_r2	completed	gpu_consumed_seed_nodes	40	42	records/raw_logs/hpcasia/input_pipeline/h100/arxiv/pyg_native_20260920T030343Z/w40/sensitivity_w40_p2_s1_r2/train.log	records/model_dirs/hpcasia_gpu_input/pyg_native_20260920T030343Z/arxiv/pyg/workers/w40/sensitivity_w40_p2_s1_r2/params.yaml	records/model_dirs/hpcasia_gpu_input/pyg_native_20260920T030343Z/arxiv/pyg/workers/w40/sensitivity_w40_p2_s1_r2/result.json
input_pipeline	h100	arxiv	hpcasia_gpu_input/pyg_native_20260920T030343Z/arxiv/pyg/workers/w40/sensitivity_w40_p2_s1_r3	completed	gpu_consumed_seed_nodes	40	42	records/raw_logs/hpcasia/input_pipeline/h100/arxiv/pyg_native_20260920T030343Z/w40/sensitivity_w40_p2_s1_r3/train.log	records/model_dirs/hpcasia_gpu_input/pyg_native_20260920T030343Z/arxiv/pyg/workers/w40/sensitivity_w40_p2_s1_r3/params.yaml	records/model_dirs/hpcasia_gpu_input/pyg_native_20260920T030343Z/arxiv/pyg/workers/w40/sensitivity_w40_p2_s1_r3/result.json
input_pipeline	h100	arxiv	hpcasia_gpu_input/pyg_native_20260920T030343Z/arxiv/pyg/workers/w48/sensitivity_w48_p2_s1_r1	completed	gpu_consumed_seed_nodes	48	42	records/raw_logs/hpcasia/input_pipeline/h100/arxiv/pyg_native_20260920T030343Z/w48/sensitivity_w48_p2_s1_r1/train.log	records/model_dirs/hpcasia_gpu_input/pyg_native_20260920T030343Z/arxiv/pyg/workers/w48/sensitivity_w48_p2_s1_r1/params.yaml	records/model_dirs/hpcasia_gpu_input/pyg_native_20260920T030343Z/arxiv/pyg/workers/w48/sensitivity_w48_p2_s1_r1/result.json
input_pipeline	h100	arxiv	hpcasia_gpu_input/pyg_native_20260920T030343Z/arxiv/pyg/workers/w48/sensitivity_w48_p2_s1_r2	completed	gpu_consumed_seed_nodes	48	42	records/raw_logs/hpcasia/input_pipeline/h100/arxiv/pyg_native_20260920T030343Z/w48/sensitivity_w48_p2_s1_r2/train.log	records/model_dirs/hpcasia_gpu_input/pyg_native_20260920T030343Z/arxiv/pyg/workers/w48/sensitivity_w48_p2_s1_r2/params.yaml	records/model_dirs/hpcasia_gpu_input/pyg_native_20260920T030343Z/arxiv/pyg/workers/w48/sensitivity_w48_p2_s1_r2/result.json
input_pipeline	h100	arxiv	hpcasia_gpu_input/pyg_native_20260920T030343Z/arxiv/pyg/workers/w48/sensitivity_w48_p2_s1_r3	completed	gpu_consumed_seed_nodes	48	42	records/raw_logs/hpcasia/input_pipeline/h100/arxiv/pyg_native_20260920T030343Z/w48/sensitivity_w48_p2_s1_r3/train.log	records/model_dirs/hpcasia_gpu_input/pyg_native_20260920T030343Z/arxiv/pyg/workers/w48/sensitivity_w48_p2_s1_r3/params.yaml	records/model_dirs/hpcasia_gpu_input/pyg_native_20260920T030343Z/arxiv/pyg/workers/w48/sensitivity_w48_p2_s1_r3/result.json
input_pipeline	h100	arxiv	hpcasia_gpu_input/pyg_native_20260920T030343Z/arxiv/pyg/workers/w8/sensitivity_w08_p2_s1_r1	completed	gpu_consumed_seed_nodes	8	42	records/raw_logs/hpcasia/input_pipeline/h100/arxiv/pyg_native_20260920T030343Z/w8/sensitivity_w08_p2_s1_r1/train.log	records/model_dirs/hpcasia_gpu_input/pyg_native_20260920T030343Z/arxiv/pyg/workers/w8/sensitivity_w08_p2_s1_r1/params.yaml	records/model_dirs/hpcasia_gpu_input/pyg_native_20260920T030343Z/arxiv/pyg/workers/w8/sensitivity_w08_p2_s1_r1/result.json
input_pipeline	h100	arxiv	hpcasia_gpu_input/pyg_native_20260920T030343Z/arxiv/pyg/workers/w8/sensitivity_w08_p2_s1_r2	completed	gpu_consumed_seed_nodes	8	42	records/raw_logs/hpcasia/input_pipeline/h100/arxiv/pyg_native_20260920T030343Z/w8/sensitivity_w08_p2_s1_r2/train.log	records/model_dirs/hpcasia_gpu_input/pyg_native_20260920T030343Z/arxiv/pyg/workers/w8/sensitivity_w08_p2_s1_r2/params.yaml	records/model_dirs/hpcasia_gpu_input/pyg_native_20260920T030343Z/arxiv/pyg/workers/w8/sensitivity_w08_p2_s1_r2/result.json
input_pipeline	h100	arxiv	hpcasia_gpu_input/pyg_native_20260920T030343Z/arxiv/pyg/workers/w8/sensitivity_w08_p2_s1_r3	completed	gpu_consumed_seed_nodes	8	42	records/raw_logs/hpcasia/input_pipeline/h100/arxiv/pyg_native_20260920T030343Z/w8/sensitivity_w08_p2_s1_r3/train.log	records/model_dirs/hpcasia_gpu_input/pyg_native_20260920T030343Z/arxiv/pyg/workers/w8/sensitivity_w08_p2_s1_r3/params.yaml	records/model_dirs/hpcasia_gpu_input/pyg_native_20260920T030343Z/arxiv/pyg/workers/w8/sensitivity_w08_p2_s1_r3/result.json
input_pipeline	h100	products	hpcasia_gpu_input/pyg_native_20260920T030343Z/products/pyg/workers/w12/sensitivity_w12_p2_s1_r1	completed	gpu_consumed_seed_nodes	12	42	records/raw_logs/hpcasia/input_pipeline/h100/products/pyg_native_20260920T030343Z/w12/sensitivity_w12_p2_s1_r1/train.log	records/model_dirs/hpcasia_gpu_input/pyg_native_20260920T030343Z/products/pyg/workers/w12/sensitivity_w12_p2_s1_r1/params.yaml	records/model_dirs/hpcasia_gpu_input/pyg_native_20260920T030343Z/products/pyg/workers/w12/sensitivity_w12_p2_s1_r1/result.json
input_pipeline	h100	products	hpcasia_gpu_input/pyg_native_20260920T030343Z/products/pyg/workers/w12/sensitivity_w12_p2_s1_r2	completed	gpu_consumed_seed_nodes	12	42	records/raw_logs/hpcasia/input_pipeline/h100/products/pyg_native_20260920T030343Z/w12/sensitivity_w12_p2_s1_r2/train.log	records/model_dirs/hpcasia_gpu_input/pyg_native_20260920T030343Z/products/pyg/workers/w12/sensitivity_w12_p2_s1_r2/params.yaml	records/model_dirs/hpcasia_gpu_input/pyg_native_20260920T030343Z/products/pyg/workers/w12/sensitivity_w12_p2_s1_r2/result.json
input_pipeline	h100	products	hpcasia_gpu_input/pyg_native_20260920T030343Z/products/pyg/workers/w12/sensitivity_w12_p2_s1_r3	completed	gpu_consumed_seed_nodes	12	42	records/raw_logs/hpcasia/input_pipeline/h100/products/pyg_native_20260920T030343Z/w12/sensitivity_w12_p2_s1_r3/train.log	records/model_dirs/hpcasia_gpu_input/pyg_native_20260920T030343Z/products/pyg/workers/w12/sensitivity_w12_p2_s1_r3/params.yaml	records/model_dirs/hpcasia_gpu_input/pyg_native_20260920T030343Z/products/pyg/workers/w12/sensitivity_w12_p2_s1_r3/result.json
input_pipeline	h100	products	hpcasia_gpu_input/pyg_native_20260920T030343Z/products/pyg/workers/w16/sensitivity_w16_p2_s1_r1	completed	gpu_consumed_seed_nodes	16	42	records/raw_logs/hpcasia/input_pipeline/h100/products/pyg_native_20260920T030343Z/w16/sensitivity_w16_p2_s1_r1/train.log	records/model_dirs/hpcasia_gpu_input/pyg_native_20260920T030343Z/products/pyg/workers/w16/sensitivity_w16_p2_s1_r1/params.yaml	records/model_dirs/hpcasia_gpu_input/pyg_native_20260920T030343Z/products/pyg/workers/w16/sensitivity_w16_p2_s1_r1/result.json
input_pipeline	h100	products	hpcasia_gpu_input/pyg_native_20260920T030343Z/products/pyg/workers/w16/sensitivity_w16_p2_s1_r2	completed	gpu_consumed_seed_nodes	16	42	records/raw_logs/hpcasia/input_pipeline/h100/products/pyg_native_20260920T030343Z/w16/sensitivity_w16_p2_s1_r2/train.log	records/model_dirs/hpcasia_gpu_input/pyg_native_20260920T030343Z/products/pyg/workers/w16/sensitivity_w16_p2_s1_r2/params.yaml	records/model_dirs/hpcasia_gpu_input/pyg_native_20260920T030343Z/products/pyg/workers/w16/sensitivity_w16_p2_s1_r2/result.json
input_pipeline	h100	products	hpcasia_gpu_input/pyg_native_20260920T030343Z/products/pyg/workers/w16/sensitivity_w16_p2_s1_r3	completed	gpu_consumed_seed_nodes	16	42	records/raw_logs/hpcasia/input_pipeline/h100/products/pyg_native_20260920T030343Z/w16/sensitivity_w16_p2_s1_r3/train.log	records/model_dirs/hpcasia_gpu_input/pyg_native_20260920T030343Z/products/pyg/workers/w16/sensitivity_w16_p2_s1_r3/params.yaml	records/model_dirs/hpcasia_gpu_input/pyg_native_20260920T030343Z/products/pyg/workers/w16/sensitivity_w16_p2_s1_r3/result.json
input_pipeline	h100	products	hpcasia_gpu_input/pyg_native_20260920T030343Z/products/pyg/workers/w2/sensitivity_w02_p2_s1_r1	completed	gpu_consumed_seed_nodes	2	42	records/raw_logs/hpcasia/input_pipeline/h100/products/pyg_native_20260920T030343Z/w2/sensitivity_w02_p2_s1_r1/train.log	records/model_dirs/hpcasia_gpu_input/pyg_native_20260920T030343Z/products/pyg/workers/w2/sensitivity_w02_p2_s1_r1/params.yaml	records/model_dirs/hpcasia_gpu_input/pyg_native_20260920T030343Z/products/pyg/workers/w2/sensitivity_w02_p2_s1_r1/result.json
input_pipeline	h100	products	hpcasia_gpu_input/pyg_native_20260920T030343Z/products/pyg/workers/w2/sensitivity_w02_p2_s1_r2	completed	gpu_consumed_seed_nodes	2	42	records/raw_logs/hpcasia/input_pipeline/h100/products/pyg_native_20260920T030343Z/w2/sensitivity_w02_p2_s1_r2/train.log	records/model_dirs/hpcasia_gpu_input/pyg_native_20260920T030343Z/products/pyg/workers/w2/sensitivity_w02_p2_s1_r2/params.yaml	records/model_dirs/hpcasia_gpu_input/pyg_native_20260920T030343Z/products/pyg/workers/w2/sensitivity_w02_p2_s1_r2/result.json
input_pipeline	h100	products	hpcasia_gpu_input/pyg_native_20260920T030343Z/products/pyg/workers/w2/sensitivity_w02_p2_s1_r3	completed	gpu_consumed_seed_nodes	2	42	records/raw_logs/hpcasia/input_pipeline/h100/products/pyg_native_20260920T030343Z/w2/sensitivity_w02_p2_s1_r3/train.log	records/model_dirs/hpcasia_gpu_input/pyg_native_20260920T030343Z/products/pyg/workers/w2/sensitivity_w02_p2_s1_r3/params.yaml	records/model_dirs/hpcasia_gpu_input/pyg_native_20260920T030343Z/products/pyg/workers/w2/sensitivity_w02_p2_s1_r3/result.json
input_pipeline	h100	products	hpcasia_gpu_input/pyg_native_20260920T030343Z/products/pyg/workers/w24/sensitivity_w24_p2_s1_r1	completed	gpu_consumed_seed_nodes	24	42	records/raw_logs/hpcasia/input_pipeline/h100/products/pyg_native_20260920T030343Z/w24/sensitivity_w24_p2_s1_r1/train.log	records/model_dirs/hpcasia_gpu_input/pyg_native_20260920T030343Z/products/pyg/workers/w24/sensitivity_w24_p2_s1_r1/params.yaml	records/model_dirs/hpcasia_gpu_input/pyg_native_20260920T030343Z/products/pyg/workers/w24/sensitivity_w24_p2_s1_r1/result.json
input_pipeline	h100	products	hpcasia_gpu_input/pyg_native_20260920T030343Z/products/pyg/workers/w24/sensitivity_w24_p2_s1_r2	completed	gpu_consumed_seed_nodes	24	42	records/raw_logs/hpcasia/input_pipeline/h100/products/pyg_native_20260920T030343Z/w24/sensitivity_w24_p2_s1_r2/train.log	records/model_dirs/hpcasia_gpu_input/pyg_native_20260920T030343Z/products/pyg/workers/w24/sensitivity_w24_p2_s1_r2/params.yaml	records/model_dirs/hpcasia_gpu_input/pyg_native_20260920T030343Z/products/pyg/workers/w24/sensitivity_w24_p2_s1_r2/result.json
input_pipeline	h100	products	hpcasia_gpu_input/pyg_native_20260920T030343Z/products/pyg/workers/w24/sensitivity_w24_p2_s1_r3	completed	gpu_consumed_seed_nodes	24	42	records/raw_logs/hpcasia/input_pipeline/h100/products/pyg_native_20260920T030343Z/w24/sensitivity_w24_p2_s1_r3/train.log	records/model_dirs/hpcasia_gpu_input/pyg_native_20260920T030343Z/products/pyg/workers/w24/sensitivity_w24_p2_s1_r3/params.yaml	records/model_dirs/hpcasia_gpu_input/pyg_native_20260920T030343Z/products/pyg/workers/w24/sensitivity_w24_p2_s1_r3/result.json
input_pipeline	h100	products	hpcasia_gpu_input/pyg_native_20260920T030343Z/products/pyg/workers/w32/sensitivity_w32_p2_s1_r1	completed	gpu_consumed_seed_nodes	32	42	records/raw_logs/hpcasia/input_pipeline/h100/products/pyg_native_20260920T030343Z/w32/sensitivity_w32_p2_s1_r1/train.log	records/model_dirs/hpcasia_gpu_input/pyg_native_20260920T030343Z/products/pyg/workers/w32/sensitivity_w32_p2_s1_r1/params.yaml	records/model_dirs/hpcasia_gpu_input/pyg_native_20260920T030343Z/products/pyg/workers/w32/sensitivity_w32_p2_s1_r1/result.json
input_pipeline	h100	products	hpcasia_gpu_input/pyg_native_20260920T030343Z/products/pyg/workers/w32/sensitivity_w32_p2_s1_r2	completed	gpu_consumed_seed_nodes	32	42	records/raw_logs/hpcasia/input_pipeline/h100/products/pyg_native_20260920T030343Z/w32/sensitivity_w32_p2_s1_r2/train.log	records/model_dirs/hpcasia_gpu_input/pyg_native_20260920T030343Z/products/pyg/workers/w32/sensitivity_w32_p2_s1_r2/params.yaml	records/model_dirs/hpcasia_gpu_input/pyg_native_20260920T030343Z/products/pyg/workers/w32/sensitivity_w32_p2_s1_r2/result.json
input_pipeline	h100	products	hpcasia_gpu_input/pyg_native_20260920T030343Z/products/pyg/workers/w32/sensitivity_w32_p2_s1_r3	completed	gpu_consumed_seed_nodes	32	42	records/raw_logs/hpcasia/input_pipeline/h100/products/pyg_native_20260920T030343Z/w32/sensitivity_w32_p2_s1_r3/train.log	records/model_dirs/hpcasia_gpu_input/pyg_native_20260920T030343Z/products/pyg/workers/w32/sensitivity_w32_p2_s1_r3/params.yaml	records/model_dirs/hpcasia_gpu_input/pyg_native_20260920T030343Z/products/pyg/workers/w32/sensitivity_w32_p2_s1_r3/result.json
input_pipeline	h100	products	hpcasia_gpu_input/pyg_native_20260920T030343Z/products/pyg/workers/w4/sensitivity_w04_p2_s1_r1	completed	gpu_consumed_seed_nodes	4	42	records/raw_logs/hpcasia/input_pipeline/h100/products/pyg_native_20260920T030343Z/w4/sensitivity_w04_p2_s1_r1/train.log	records/model_dirs/hpcasia_gpu_input/pyg_native_20260920T030343Z/products/pyg/workers/w4/sensitivity_w04_p2_s1_r1/params.yaml	records/model_dirs/hpcasia_gpu_input/pyg_native_20260920T030343Z/products/pyg/workers/w4/sensitivity_w04_p2_s1_r1/result.json
input_pipeline	h100	products	hpcasia_gpu_input/pyg_native_20260920T030343Z/products/pyg/workers/w4/sensitivity_w04_p2_s1_r2	completed	gpu_consumed_seed_nodes	4	42	records/raw_logs/hpcasia/input_pipeline/h100/products/pyg_native_20260920T030343Z/w4/sensitivity_w04_p2_s1_r2/train.log	records/model_dirs/hpcasia_gpu_input/pyg_native_20260920T030343Z/products/pyg/workers/w4/sensitivity_w04_p2_s1_r2/params.yaml	records/model_dirs/hpcasia_gpu_input/pyg_native_20260920T030343Z/products/pyg/workers/w4/sensitivity_w04_p2_s1_r2/result.json
input_pipeline	h100	products	hpcasia_gpu_input/pyg_native_20260920T030343Z/products/pyg/workers/w4/sensitivity_w04_p2_s1_r3	completed	gpu_consumed_seed_nodes	4	42	records/raw_logs/hpcasia/input_pipeline/h100/products/pyg_native_20260920T030343Z/w4/sensitivity_w04_p2_s1_r3/train.log	records/model_dirs/hpcasia_gpu_input/pyg_native_20260920T030343Z/products/pyg/workers/w4/sensitivity_w04_p2_s1_r3/params.yaml	records/model_dirs/hpcasia_gpu_input/pyg_native_20260920T030343Z/products/pyg/workers/w4/sensitivity_w04_p2_s1_r3/result.json
input_pipeline	h100	products	hpcasia_gpu_input/pyg_native_20260920T030343Z/products/pyg/workers/w40/sensitivity_w40_p2_s1_r1	completed	gpu_consumed_seed_nodes	40	42	records/raw_logs/hpcasia/input_pipeline/h100/products/pyg_native_20260920T030343Z/w40/sensitivity_w40_p2_s1_r1/train.log	records/model_dirs/hpcasia_gpu_input/pyg_native_20260920T030343Z/products/pyg/workers/w40/sensitivity_w40_p2_s1_r1/params.yaml	records/model_dirs/hpcasia_gpu_input/pyg_native_20260920T030343Z/products/pyg/workers/w40/sensitivity_w40_p2_s1_r1/result.json
input_pipeline	h100	products	hpcasia_gpu_input/pyg_native_20260920T030343Z/products/pyg/workers/w40/sensitivity_w40_p2_s1_r2	completed	gpu_consumed_seed_nodes	40	42	records/raw_logs/hpcasia/input_pipeline/h100/products/pyg_native_20260920T030343Z/w40/sensitivity_w40_p2_s1_r2/train.log	records/model_dirs/hpcasia_gpu_input/pyg_native_20260920T030343Z/products/pyg/workers/w40/sensitivity_w40_p2_s1_r2/params.yaml	records/model_dirs/hpcasia_gpu_input/pyg_native_20260920T030343Z/products/pyg/workers/w40/sensitivity_w40_p2_s1_r2/result.json
input_pipeline	h100	products	hpcasia_gpu_input/pyg_native_20260920T030343Z/products/pyg/workers/w40/sensitivity_w40_p2_s1_r3	completed	gpu_consumed_seed_nodes	40	42	records/raw_logs/hpcasia/input_pipeline/h100/products/pyg_native_20260920T030343Z/w40/sensitivity_w40_p2_s1_r3/train.log	records/model_dirs/hpcasia_gpu_input/pyg_native_20260920T030343Z/products/pyg/workers/w40/sensitivity_w40_p2_s1_r3/params.yaml	records/model_dirs/hpcasia_gpu_input/pyg_native_20260920T030343Z/products/pyg/workers/w40/sensitivity_w40_p2_s1_r3/result.json
input_pipeline	h100	products	hpcasia_gpu_input/pyg_native_20260920T030343Z/products/pyg/workers/w48/sensitivity_w48_p2_s1_r1	completed	gpu_consumed_seed_nodes	48	42	records/raw_logs/hpcasia/input_pipeline/h100/products/pyg_native_20260920T030343Z/w48/sensitivity_w48_p2_s1_r1/train.log	records/model_dirs/hpcasia_gpu_input/pyg_native_20260920T030343Z/products/pyg/workers/w48/sensitivity_w48_p2_s1_r1/params.yaml	records/model_dirs/hpcasia_gpu_input/pyg_native_20260920T030343Z/products/pyg/workers/w48/sensitivity_w48_p2_s1_r1/result.json
input_pipeline	h100	products	hpcasia_gpu_input/pyg_native_20260920T030343Z/products/pyg/workers/w48/sensitivity_w48_p2_s1_r2	unstable	gpu_consumed_seed_nodes	48	42	records/raw_logs/hpcasia/input_pipeline/h100/products/pyg_native_20260920T030343Z/w48/sensitivity_w48_p2_s1_r2/train.log	records/model_dirs/hpcasia_gpu_input/pyg_native_20260920T030343Z/products/pyg/workers/w48/sensitivity_w48_p2_s1_r2/params.yaml	records/model_dirs/hpcasia_gpu_input/pyg_native_20260920T030343Z/products/pyg/workers/w48/sensitivity_w48_p2_s1_r2/result.json
input_pipeline	h100	products	hpcasia_gpu_input/pyg_native_20260920T030343Z/products/pyg/workers/w48/sensitivity_w48_p2_s1_r3	completed	gpu_consumed_seed_nodes	48	42	records/raw_logs/hpcasia/input_pipeline/h100/products/pyg_native_20260920T030343Z/w48/sensitivity_w48_p2_s1_r3/train.log	records/model_dirs/hpcasia_gpu_input/pyg_native_20260920T030343Z/products/pyg/workers/w48/sensitivity_w48_p2_s1_r3/params.yaml	records/model_dirs/hpcasia_gpu_input/pyg_native_20260920T030343Z/products/pyg/workers/w48/sensitivity_w48_p2_s1_r3/result.json
input_pipeline	h100	products	hpcasia_gpu_input/pyg_native_20260920T030343Z/products/pyg/workers/w8/sensitivity_w08_p2_s1_r1	completed	gpu_consumed_seed_nodes	8	42	records/raw_logs/hpcasia/input_pipeline/h100/products/pyg_native_20260920T030343Z/w8/sensitivity_w08_p2_s1_r1/train.log	records/model_dirs/hpcasia_gpu_input/pyg_native_20260920T030343Z/products/pyg/workers/w8/sensitivity_w08_p2_s1_r1/params.yaml	records/model_dirs/hpcasia_gpu_input/pyg_native_20260920T030343Z/products/pyg/workers/w8/sensitivity_w08_p2_s1_r1/result.json
input_pipeline	h100	products	hpcasia_gpu_input/pyg_native_20260920T030343Z/products/pyg/workers/w8/sensitivity_w08_p2_s1_r2	completed	gpu_consumed_seed_nodes	8	42	records/raw_logs/hpcasia/input_pipeline/h100/products/pyg_native_20260920T030343Z/w8/sensitivity_w08_p2_s1_r2/train.log	records/model_dirs/hpcasia_gpu_input/pyg_native_20260920T030343Z/products/pyg/workers/w8/sensitivity_w08_p2_s1_r2/params.yaml	records/model_dirs/hpcasia_gpu_input/pyg_native_20260920T030343Z/products/pyg/workers/w8/sensitivity_w08_p2_s1_r2/result.json
input_pipeline	h100	products	hpcasia_gpu_input/pyg_native_20260920T030343Z/products/pyg/workers/w8/sensitivity_w08_p2_s1_r3	completed	gpu_consumed_seed_nodes	8	42	records/raw_logs/hpcasia/input_pipeline/h100/products/pyg_native_20260920T030343Z/w8/sensitivity_w08_p2_s1_r3/train.log	records/model_dirs/hpcasia_gpu_input/pyg_native_20260920T030343Z/products/pyg/workers/w8/sensitivity_w08_p2_s1_r3/params.yaml	records/model_dirs/hpcasia_gpu_input/pyg_native_20260920T030343Z/products/pyg/workers/w8/sensitivity_w08_p2_s1_r3/result.json
input_pipeline	h100	arxiv	hpcasia_gpu_input/fixed_shape_new/arxiv/fixed_shape/workers/w12/sensitivity_w12_p2_s1_r1	unstable	consumed_cpu_payload_masks	12	42	records/raw_logs/hpcasia/input_pipeline/h100/arxiv/fixed_shape_new/w12/sensitivity_w12_p2_s1_r1/train.log	records/model_dirs/hpcasia_gpu_input/fixed_shape_new/arxiv/fixed_shape/workers/w12/sensitivity_w12_p2_s1_r1/params.yaml	records/model_dirs/hpcasia_gpu_input/fixed_shape_new/arxiv/fixed_shape/workers/w12/sensitivity_w12_p2_s1_r1/result.json
input_pipeline	h100	arxiv	hpcasia_gpu_input/fixed_shape_new/arxiv/fixed_shape/workers/w12/sensitivity_w12_p2_s1_r2	unstable	consumed_cpu_payload_masks	12	42	records/raw_logs/hpcasia/input_pipeline/h100/arxiv/fixed_shape_new/w12/sensitivity_w12_p2_s1_r2/train.log	records/model_dirs/hpcasia_gpu_input/fixed_shape_new/arxiv/fixed_shape/workers/w12/sensitivity_w12_p2_s1_r2/params.yaml	records/model_dirs/hpcasia_gpu_input/fixed_shape_new/arxiv/fixed_shape/workers/w12/sensitivity_w12_p2_s1_r2/result.json
input_pipeline	h100	arxiv	hpcasia_gpu_input/fixed_shape_new/arxiv/fixed_shape/workers/w12/sensitivity_w12_p2_s1_r3	unstable	consumed_cpu_payload_masks	12	42	records/raw_logs/hpcasia/input_pipeline/h100/arxiv/fixed_shape_new/w12/sensitivity_w12_p2_s1_r3/train.log	records/model_dirs/hpcasia_gpu_input/fixed_shape_new/arxiv/fixed_shape/workers/w12/sensitivity_w12_p2_s1_r3/params.yaml	records/model_dirs/hpcasia_gpu_input/fixed_shape_new/arxiv/fixed_shape/workers/w12/sensitivity_w12_p2_s1_r3/result.json
input_pipeline	h100	arxiv	hpcasia_gpu_input/fixed_shape_new/arxiv/fixed_shape/workers/w16/sensitivity_w16_p2_s1_r1	unstable	consumed_cpu_payload_masks	16	42	records/raw_logs/hpcasia/input_pipeline/h100/arxiv/fixed_shape_new/w16/sensitivity_w16_p2_s1_r1/train.log	records/model_dirs/hpcasia_gpu_input/fixed_shape_new/arxiv/fixed_shape/workers/w16/sensitivity_w16_p2_s1_r1/params.yaml	records/model_dirs/hpcasia_gpu_input/fixed_shape_new/arxiv/fixed_shape/workers/w16/sensitivity_w16_p2_s1_r1/result.json
input_pipeline	h100	arxiv	hpcasia_gpu_input/fixed_shape_new/arxiv/fixed_shape/workers/w16/sensitivity_w16_p2_s1_r2	unstable	consumed_cpu_payload_masks	16	42	records/raw_logs/hpcasia/input_pipeline/h100/arxiv/fixed_shape_new/w16/sensitivity_w16_p2_s1_r2/train.log	records/model_dirs/hpcasia_gpu_input/fixed_shape_new/arxiv/fixed_shape/workers/w16/sensitivity_w16_p2_s1_r2/params.yaml	records/model_dirs/hpcasia_gpu_input/fixed_shape_new/arxiv/fixed_shape/workers/w16/sensitivity_w16_p2_s1_r2/result.json
input_pipeline	h100	arxiv	hpcasia_gpu_input/fixed_shape_new/arxiv/fixed_shape/workers/w16/sensitivity_w16_p2_s1_r3	unstable	consumed_cpu_payload_masks	16	42	records/raw_logs/hpcasia/input_pipeline/h100/arxiv/fixed_shape_new/w16/sensitivity_w16_p2_s1_r3/train.log	records/model_dirs/hpcasia_gpu_input/fixed_shape_new/arxiv/fixed_shape/workers/w16/sensitivity_w16_p2_s1_r3/params.yaml	records/model_dirs/hpcasia_gpu_input/fixed_shape_new/arxiv/fixed_shape/workers/w16/sensitivity_w16_p2_s1_r3/result.json
input_pipeline	h100	arxiv	hpcasia_gpu_input/fixed_shape_new/arxiv/fixed_shape/workers/w2/sensitivity_w02_p2_s1_r1	completed	consumed_cpu_payload_masks	2	42	records/raw_logs/hpcasia/input_pipeline/h100/arxiv/fixed_shape_new/w2/sensitivity_w02_p2_s1_r1/train.log	records/model_dirs/hpcasia_gpu_input/fixed_shape_new/arxiv/fixed_shape/workers/w2/sensitivity_w02_p2_s1_r1/params.yaml	records/model_dirs/hpcasia_gpu_input/fixed_shape_new/arxiv/fixed_shape/workers/w2/sensitivity_w02_p2_s1_r1/result.json
input_pipeline	h100	arxiv	hpcasia_gpu_input/fixed_shape_new/arxiv/fixed_shape/workers/w2/sensitivity_w02_p2_s1_r2	completed	consumed_cpu_payload_masks	2	42	records/raw_logs/hpcasia/input_pipeline/h100/arxiv/fixed_shape_new/w2/sensitivity_w02_p2_s1_r2/train.log	records/model_dirs/hpcasia_gpu_input/fixed_shape_new/arxiv/fixed_shape/workers/w2/sensitivity_w02_p2_s1_r2/params.yaml	records/model_dirs/hpcasia_gpu_input/fixed_shape_new/arxiv/fixed_shape/workers/w2/sensitivity_w02_p2_s1_r2/result.json
input_pipeline	h100	arxiv	hpcasia_gpu_input/fixed_shape_new/arxiv/fixed_shape/workers/w2/sensitivity_w02_p2_s1_r3	completed	consumed_cpu_payload_masks	2	42	records/raw_logs/hpcasia/input_pipeline/h100/arxiv/fixed_shape_new/w2/sensitivity_w02_p2_s1_r3/train.log	records/model_dirs/hpcasia_gpu_input/fixed_shape_new/arxiv/fixed_shape/workers/w2/sensitivity_w02_p2_s1_r3/params.yaml	records/model_dirs/hpcasia_gpu_input/fixed_shape_new/arxiv/fixed_shape/workers/w2/sensitivity_w02_p2_s1_r3/result.json
input_pipeline	h100	arxiv	hpcasia_gpu_input/fixed_shape_new/arxiv/fixed_shape/workers/w24/sensitivity_w24_p2_s1_r1	unstable	consumed_cpu_payload_masks	24	42	records/raw_logs/hpcasia/input_pipeline/h100/arxiv/fixed_shape_new/w24/sensitivity_w24_p2_s1_r1/train.log	records/model_dirs/hpcasia_gpu_input/fixed_shape_new/arxiv/fixed_shape/workers/w24/sensitivity_w24_p2_s1_r1/params.yaml	records/model_dirs/hpcasia_gpu_input/fixed_shape_new/arxiv/fixed_shape/workers/w24/sensitivity_w24_p2_s1_r1/result.json
input_pipeline	h100	arxiv	hpcasia_gpu_input/fixed_shape_new/arxiv/fixed_shape/workers/w24/sensitivity_w24_p2_s1_r2	unstable	consumed_cpu_payload_masks	24	42	records/raw_logs/hpcasia/input_pipeline/h100/arxiv/fixed_shape_new/w24/sensitivity_w24_p2_s1_r2/train.log	records/model_dirs/hpcasia_gpu_input/fixed_shape_new/arxiv/fixed_shape/workers/w24/sensitivity_w24_p2_s1_r2/params.yaml	records/model_dirs/hpcasia_gpu_input/fixed_shape_new/arxiv/fixed_shape/workers/w24/sensitivity_w24_p2_s1_r2/result.json
input_pipeline	h100	arxiv	hpcasia_gpu_input/fixed_shape_new/arxiv/fixed_shape/workers/w24/sensitivity_w24_p2_s1_r3	unstable	consumed_cpu_payload_masks	24	42	records/raw_logs/hpcasia/input_pipeline/h100/arxiv/fixed_shape_new/w24/sensitivity_w24_p2_s1_r3/train.log	records/model_dirs/hpcasia_gpu_input/fixed_shape_new/arxiv/fixed_shape/workers/w24/sensitivity_w24_p2_s1_r3/params.yaml	records/model_dirs/hpcasia_gpu_input/fixed_shape_new/arxiv/fixed_shape/workers/w24/sensitivity_w24_p2_s1_r3/result.json
input_pipeline	h100	arxiv	hpcasia_gpu_input/fixed_shape_new/arxiv/fixed_shape/workers/w32/sensitivity_w32_p2_s1_r1	unstable	consumed_cpu_payload_masks	32	42	records/raw_logs/hpcasia/input_pipeline/h100/arxiv/fixed_shape_new/w32/sensitivity_w32_p2_s1_r1/train.log	records/model_dirs/hpcasia_gpu_input/fixed_shape_new/arxiv/fixed_shape/workers/w32/sensitivity_w32_p2_s1_r1/params.yaml	records/model_dirs/hpcasia_gpu_input/fixed_shape_new/arxiv/fixed_shape/workers/w32/sensitivity_w32_p2_s1_r1/result.json
input_pipeline	h100	arxiv	hpcasia_gpu_input/fixed_shape_new/arxiv/fixed_shape/workers/w32/sensitivity_w32_p2_s1_r2	unstable	consumed_cpu_payload_masks	32	42	records/raw_logs/hpcasia/input_pipeline/h100/arxiv/fixed_shape_new/w32/sensitivity_w32_p2_s1_r2/train.log	records/model_dirs/hpcasia_gpu_input/fixed_shape_new/arxiv/fixed_shape/workers/w32/sensitivity_w32_p2_s1_r2/params.yaml	records/model_dirs/hpcasia_gpu_input/fixed_shape_new/arxiv/fixed_shape/workers/w32/sensitivity_w32_p2_s1_r2/result.json
input_pipeline	h100	arxiv	hpcasia_gpu_input/fixed_shape_new/arxiv/fixed_shape/workers/w32/sensitivity_w32_p2_s1_r3	unstable	consumed_cpu_payload_masks	32	42	records/raw_logs/hpcasia/input_pipeline/h100/arxiv/fixed_shape_new/w32/sensitivity_w32_p2_s1_r3/train.log	records/model_dirs/hpcasia_gpu_input/fixed_shape_new/arxiv/fixed_shape/workers/w32/sensitivity_w32_p2_s1_r3/params.yaml	records/model_dirs/hpcasia_gpu_input/fixed_shape_new/arxiv/fixed_shape/workers/w32/sensitivity_w32_p2_s1_r3/result.json
input_pipeline	h100	arxiv	hpcasia_gpu_input/fixed_shape_new/arxiv/fixed_shape/workers/w4/sensitivity_w04_p2_s1_r1	completed	consumed_cpu_payload_masks	4	42	records/raw_logs/hpcasia/input_pipeline/h100/arxiv/fixed_shape_new/w4/sensitivity_w04_p2_s1_r1/train.log	records/model_dirs/hpcasia_gpu_input/fixed_shape_new/arxiv/fixed_shape/workers/w4/sensitivity_w04_p2_s1_r1/params.yaml	records/model_dirs/hpcasia_gpu_input/fixed_shape_new/arxiv/fixed_shape/workers/w4/sensitivity_w04_p2_s1_r1/result.json
input_pipeline	h100	arxiv	hpcasia_gpu_input/fixed_shape_new/arxiv/fixed_shape/workers/w4/sensitivity_w04_p2_s1_r2	completed	consumed_cpu_payload_masks	4	42	records/raw_logs/hpcasia/input_pipeline/h100/arxiv/fixed_shape_new/w4/sensitivity_w04_p2_s1_r2/train.log	records/model_dirs/hpcasia_gpu_input/fixed_shape_new/arxiv/fixed_shape/workers/w4/sensitivity_w04_p2_s1_r2/params.yaml	records/model_dirs/hpcasia_gpu_input/fixed_shape_new/arxiv/fixed_shape/workers/w4/sensitivity_w04_p2_s1_r2/result.json
input_pipeline	h100	arxiv	hpcasia_gpu_input/fixed_shape_new/arxiv/fixed_shape/workers/w4/sensitivity_w04_p2_s1_r3	completed	consumed_cpu_payload_masks	4	42	records/raw_logs/hpcasia/input_pipeline/h100/arxiv/fixed_shape_new/w4/sensitivity_w04_p2_s1_r3/train.log	records/model_dirs/hpcasia_gpu_input/fixed_shape_new/arxiv/fixed_shape/workers/w4/sensitivity_w04_p2_s1_r3/params.yaml	records/model_dirs/hpcasia_gpu_input/fixed_shape_new/arxiv/fixed_shape/workers/w4/sensitivity_w04_p2_s1_r3/result.json
input_pipeline	h100	arxiv	hpcasia_gpu_input/fixed_shape_new/arxiv/fixed_shape/workers/w40/sensitivity_w40_p2_s1_r1	unstable	consumed_cpu_payload_masks	40	42	records/raw_logs/hpcasia/input_pipeline/h100/arxiv/fixed_shape_new/w40/sensitivity_w40_p2_s1_r1/train.log	records/model_dirs/hpcasia_gpu_input/fixed_shape_new/arxiv/fixed_shape/workers/w40/sensitivity_w40_p2_s1_r1/params.yaml	records/model_dirs/hpcasia_gpu_input/fixed_shape_new/arxiv/fixed_shape/workers/w40/sensitivity_w40_p2_s1_r1/result.json
input_pipeline	h100	arxiv	hpcasia_gpu_input/fixed_shape_new/arxiv/fixed_shape/workers/w40/sensitivity_w40_p2_s1_r2	unstable	consumed_cpu_payload_masks	40	42	records/raw_logs/hpcasia/input_pipeline/h100/arxiv/fixed_shape_new/w40/sensitivity_w40_p2_s1_r2/train.log	records/model_dirs/hpcasia_gpu_input/fixed_shape_new/arxiv/fixed_shape/workers/w40/sensitivity_w40_p2_s1_r2/params.yaml	records/model_dirs/hpcasia_gpu_input/fixed_shape_new/arxiv/fixed_shape/workers/w40/sensitivity_w40_p2_s1_r2/result.json
input_pipeline	h100	arxiv	hpcasia_gpu_input/fixed_shape_new/arxiv/fixed_shape/workers/w40/sensitivity_w40_p2_s1_r3	unstable	consumed_cpu_payload_masks	40	42	records/raw_logs/hpcasia/input_pipeline/h100/arxiv/fixed_shape_new/w40/sensitivity_w40_p2_s1_r3/train.log	records/model_dirs/hpcasia_gpu_input/fixed_shape_new/arxiv/fixed_shape/workers/w40/sensitivity_w40_p2_s1_r3/params.yaml	records/model_dirs/hpcasia_gpu_input/fixed_shape_new/arxiv/fixed_shape/workers/w40/sensitivity_w40_p2_s1_r3/result.json
input_pipeline	h100	arxiv	hpcasia_gpu_input/fixed_shape_new/arxiv/fixed_shape/workers/w48/sensitivity_w48_p2_s1_r1	unstable	consumed_cpu_payload_masks	48	42	records/raw_logs/hpcasia/input_pipeline/h100/arxiv/fixed_shape_new/w48/sensitivity_w48_p2_s1_r1/train.log	records/model_dirs/hpcasia_gpu_input/fixed_shape_new/arxiv/fixed_shape/workers/w48/sensitivity_w48_p2_s1_r1/params.yaml	records/model_dirs/hpcasia_gpu_input/fixed_shape_new/arxiv/fixed_shape/workers/w48/sensitivity_w48_p2_s1_r1/result.json
input_pipeline	h100	arxiv	hpcasia_gpu_input/fixed_shape_new/arxiv/fixed_shape/workers/w48/sensitivity_w48_p2_s1_r2	unstable	consumed_cpu_payload_masks	48	42	records/raw_logs/hpcasia/input_pipeline/h100/arxiv/fixed_shape_new/w48/sensitivity_w48_p2_s1_r2/train.log	records/model_dirs/hpcasia_gpu_input/fixed_shape_new/arxiv/fixed_shape/workers/w48/sensitivity_w48_p2_s1_r2/params.yaml	records/model_dirs/hpcasia_gpu_input/fixed_shape_new/arxiv/fixed_shape/workers/w48/sensitivity_w48_p2_s1_r2/result.json
input_pipeline	h100	arxiv	hpcasia_gpu_input/fixed_shape_new/arxiv/fixed_shape/workers/w48/sensitivity_w48_p2_s1_r3	unstable	consumed_cpu_payload_masks	48	42	records/raw_logs/hpcasia/input_pipeline/h100/arxiv/fixed_shape_new/w48/sensitivity_w48_p2_s1_r3/train.log	records/model_dirs/hpcasia_gpu_input/fixed_shape_new/arxiv/fixed_shape/workers/w48/sensitivity_w48_p2_s1_r3/params.yaml	records/model_dirs/hpcasia_gpu_input/fixed_shape_new/arxiv/fixed_shape/workers/w48/sensitivity_w48_p2_s1_r3/result.json
input_pipeline	h100	arxiv	hpcasia_gpu_input/fixed_shape_new/arxiv/fixed_shape/workers/w8/sensitivity_w08_p2_s1_r1	completed	consumed_cpu_payload_masks	8	42	records/raw_logs/hpcasia/input_pipeline/h100/arxiv/fixed_shape_new/w8/sensitivity_w08_p2_s1_r1/train.log	records/model_dirs/hpcasia_gpu_input/fixed_shape_new/arxiv/fixed_shape/workers/w8/sensitivity_w08_p2_s1_r1/params.yaml	records/model_dirs/hpcasia_gpu_input/fixed_shape_new/arxiv/fixed_shape/workers/w8/sensitivity_w08_p2_s1_r1/result.json
input_pipeline	h100	arxiv	hpcasia_gpu_input/fixed_shape_new/arxiv/fixed_shape/workers/w8/sensitivity_w08_p2_s1_r2	completed	consumed_cpu_payload_masks	8	42	records/raw_logs/hpcasia/input_pipeline/h100/arxiv/fixed_shape_new/w8/sensitivity_w08_p2_s1_r2/train.log	records/model_dirs/hpcasia_gpu_input/fixed_shape_new/arxiv/fixed_shape/workers/w8/sensitivity_w08_p2_s1_r2/params.yaml	records/model_dirs/hpcasia_gpu_input/fixed_shape_new/arxiv/fixed_shape/workers/w8/sensitivity_w08_p2_s1_r2/result.json
input_pipeline	h100	arxiv	hpcasia_gpu_input/fixed_shape_new/arxiv/fixed_shape/workers/w8/sensitivity_w08_p2_s1_r3	completed	consumed_cpu_payload_masks	8	42	records/raw_logs/hpcasia/input_pipeline/h100/arxiv/fixed_shape_new/w8/sensitivity_w08_p2_s1_r3/train.log	records/model_dirs/hpcasia_gpu_input/fixed_shape_new/arxiv/fixed_shape/workers/w8/sensitivity_w08_p2_s1_r3/params.yaml	records/model_dirs/hpcasia_gpu_input/fixed_shape_new/arxiv/fixed_shape/workers/w8/sensitivity_w08_p2_s1_r3/result.json
input_pipeline	h100	products	hpcasia_gpu_input/fixed_shape_new/products/fixed_shape/workers/w12/sensitivity_w12_p2_s1_r1	completed	consumed_cpu_payload_masks	12	42	records/raw_logs/hpcasia/input_pipeline/h100/products/fixed_shape/w12/sensitivity_w12_p2_s1_r1/train.log	records/model_dirs/hpcasia_gpu_input/fixed_shape_new/products/fixed_shape/workers/w12/sensitivity_w12_p2_s1_r1/params.yaml	records/model_dirs/hpcasia_gpu_input/fixed_shape_new/products/fixed_shape/workers/w12/sensitivity_w12_p2_s1_r1/result.json
input_pipeline	h100	products	hpcasia_gpu_input/fixed_shape_new/products/fixed_shape/workers/w12/sensitivity_w12_p2_s1_r2	completed	consumed_cpu_payload_masks	12	42	records/raw_logs/hpcasia/input_pipeline/h100/products/fixed_shape/w12/sensitivity_w12_p2_s1_r2/train.log	records/model_dirs/hpcasia_gpu_input/fixed_shape_new/products/fixed_shape/workers/w12/sensitivity_w12_p2_s1_r2/params.yaml	records/model_dirs/hpcasia_gpu_input/fixed_shape_new/products/fixed_shape/workers/w12/sensitivity_w12_p2_s1_r2/result.json
input_pipeline	h100	products	hpcasia_gpu_input/fixed_shape_new/products/fixed_shape/workers/w12/sensitivity_w12_p2_s1_r3	completed	consumed_cpu_payload_masks	12	42	records/raw_logs/hpcasia/input_pipeline/h100/products/fixed_shape/w12/sensitivity_w12_p2_s1_r3/train.log	records/model_dirs/hpcasia_gpu_input/fixed_shape_new/products/fixed_shape/workers/w12/sensitivity_w12_p2_s1_r3/params.yaml	records/model_dirs/hpcasia_gpu_input/fixed_shape_new/products/fixed_shape/workers/w12/sensitivity_w12_p2_s1_r3/result.json
input_pipeline	h100	products	hpcasia_gpu_input/fixed_shape_new/products/fixed_shape/workers/w16/sensitivity_w16_p2_s1_r1	completed	consumed_cpu_payload_masks	16	42	records/raw_logs/hpcasia/input_pipeline/h100/products/fixed_shape/w16/sensitivity_w16_p2_s1_r1/train.log	records/model_dirs/hpcasia_gpu_input/fixed_shape_new/products/fixed_shape/workers/w16/sensitivity_w16_p2_s1_r1/params.yaml	records/model_dirs/hpcasia_gpu_input/fixed_shape_new/products/fixed_shape/workers/w16/sensitivity_w16_p2_s1_r1/result.json
input_pipeline	h100	products	hpcasia_gpu_input/fixed_shape_new/products/fixed_shape/workers/w16/sensitivity_w16_p2_s1_r2	completed	consumed_cpu_payload_masks	16	42	records/raw_logs/hpcasia/input_pipeline/h100/products/fixed_shape/w16/sensitivity_w16_p2_s1_r2/train.log	records/model_dirs/hpcasia_gpu_input/fixed_shape_new/products/fixed_shape/workers/w16/sensitivity_w16_p2_s1_r2/params.yaml	records/model_dirs/hpcasia_gpu_input/fixed_shape_new/products/fixed_shape/workers/w16/sensitivity_w16_p2_s1_r2/result.json
input_pipeline	h100	products	hpcasia_gpu_input/fixed_shape_new/products/fixed_shape/workers/w16/sensitivity_w16_p2_s1_r3	completed	consumed_cpu_payload_masks	16	42	records/raw_logs/hpcasia/input_pipeline/h100/products/fixed_shape/w16/sensitivity_w16_p2_s1_r3/train.log	records/model_dirs/hpcasia_gpu_input/fixed_shape_new/products/fixed_shape/workers/w16/sensitivity_w16_p2_s1_r3/params.yaml	records/model_dirs/hpcasia_gpu_input/fixed_shape_new/products/fixed_shape/workers/w16/sensitivity_w16_p2_s1_r3/result.json
input_pipeline	h100	products	hpcasia_gpu_input/fixed_shape_new/products/fixed_shape/workers/w24/sensitivity_w24_p2_s1_r1	unstable	consumed_cpu_payload_masks	24	42	records/raw_logs/hpcasia/input_pipeline/h100/products/fixed_shape/w24/sensitivity_w24_p2_s1_r1/train.log	records/model_dirs/hpcasia_gpu_input/fixed_shape_new/products/fixed_shape/workers/w24/sensitivity_w24_p2_s1_r1/params.yaml	records/model_dirs/hpcasia_gpu_input/fixed_shape_new/products/fixed_shape/workers/w24/sensitivity_w24_p2_s1_r1/result.json
input_pipeline	h100	products	hpcasia_gpu_input/fixed_shape_new/products/fixed_shape/workers/w24/sensitivity_w24_p2_s1_r2	unstable	consumed_cpu_payload_masks	24	42	records/raw_logs/hpcasia/input_pipeline/h100/products/fixed_shape/w24/sensitivity_w24_p2_s1_r2/train.log	records/model_dirs/hpcasia_gpu_input/fixed_shape_new/products/fixed_shape/workers/w24/sensitivity_w24_p2_s1_r2/params.yaml	records/model_dirs/hpcasia_gpu_input/fixed_shape_new/products/fixed_shape/workers/w24/sensitivity_w24_p2_s1_r2/result.json
input_pipeline	h100	products	hpcasia_gpu_input/fixed_shape_new/products/fixed_shape/workers/w24/sensitivity_w24_p2_s1_r3	unstable	consumed_cpu_payload_masks	24	42	records/raw_logs/hpcasia/input_pipeline/h100/products/fixed_shape/w24/sensitivity_w24_p2_s1_r3/train.log	records/model_dirs/hpcasia_gpu_input/fixed_shape_new/products/fixed_shape/workers/w24/sensitivity_w24_p2_s1_r3/params.yaml	records/model_dirs/hpcasia_gpu_input/fixed_shape_new/products/fixed_shape/workers/w24/sensitivity_w24_p2_s1_r3/result.json
input_pipeline	h100	products	hpcasia_gpu_input/fixed_shape_new/products/fixed_shape/workers/w32/sensitivity_w32_p2_s1_r1	unstable	consumed_cpu_payload_masks	32	42	records/raw_logs/hpcasia/input_pipeline/h100/products/fixed_shape/w32/sensitivity_w32_p2_s1_r1/train.log	records/model_dirs/hpcasia_gpu_input/fixed_shape_new/products/fixed_shape/workers/w32/sensitivity_w32_p2_s1_r1/params.yaml	records/model_dirs/hpcasia_gpu_input/fixed_shape_new/products/fixed_shape/workers/w32/sensitivity_w32_p2_s1_r1/result.json
input_pipeline	h100	products	hpcasia_gpu_input/fixed_shape_new/products/fixed_shape/workers/w32/sensitivity_w32_p2_s1_r2	unstable	consumed_cpu_payload_masks	32	42	records/raw_logs/hpcasia/input_pipeline/h100/products/fixed_shape/w32/sensitivity_w32_p2_s1_r2/train.log	records/model_dirs/hpcasia_gpu_input/fixed_shape_new/products/fixed_shape/workers/w32/sensitivity_w32_p2_s1_r2/params.yaml	records/model_dirs/hpcasia_gpu_input/fixed_shape_new/products/fixed_shape/workers/w32/sensitivity_w32_p2_s1_r2/result.json
input_pipeline	h100	products	hpcasia_gpu_input/fixed_shape_new/products/fixed_shape/workers/w32/sensitivity_w32_p2_s1_r3	unstable	consumed_cpu_payload_masks	32	42	records/raw_logs/hpcasia/input_pipeline/h100/products/fixed_shape/w32/sensitivity_w32_p2_s1_r3/train.log	records/model_dirs/hpcasia_gpu_input/fixed_shape_new/products/fixed_shape/workers/w32/sensitivity_w32_p2_s1_r3/params.yaml	records/model_dirs/hpcasia_gpu_input/fixed_shape_new/products/fixed_shape/workers/w32/sensitivity_w32_p2_s1_r3/result.json
input_pipeline	h100	products	hpcasia_gpu_input/fixed_shape_new/products/fixed_shape/workers/w40/sensitivity_w40_p2_s1_r1	unstable	consumed_cpu_payload_masks	40	42	records/raw_logs/hpcasia/input_pipeline/h100/products/fixed_shape/w40/sensitivity_w40_p2_s1_r1/train.log	records/model_dirs/hpcasia_gpu_input/fixed_shape_new/products/fixed_shape/workers/w40/sensitivity_w40_p2_s1_r1/params.yaml	records/model_dirs/hpcasia_gpu_input/fixed_shape_new/products/fixed_shape/workers/w40/sensitivity_w40_p2_s1_r1/result.json
input_pipeline	h100	products	hpcasia_gpu_input/fixed_shape_new/products/fixed_shape/workers/w40/sensitivity_w40_p2_s1_r2	unstable	consumed_cpu_payload_masks	40	42	records/raw_logs/hpcasia/input_pipeline/h100/products/fixed_shape/w40/sensitivity_w40_p2_s1_r2/train.log	records/model_dirs/hpcasia_gpu_input/fixed_shape_new/products/fixed_shape/workers/w40/sensitivity_w40_p2_s1_r2/params.yaml	records/model_dirs/hpcasia_gpu_input/fixed_shape_new/products/fixed_shape/workers/w40/sensitivity_w40_p2_s1_r2/result.json
input_pipeline	h100	products	hpcasia_gpu_input/fixed_shape_new/products/fixed_shape/workers/w40/sensitivity_w40_p2_s1_r3	unstable	consumed_cpu_payload_masks	40	42	records/raw_logs/hpcasia/input_pipeline/h100/products/fixed_shape/w40/sensitivity_w40_p2_s1_r3/train.log	records/model_dirs/hpcasia_gpu_input/fixed_shape_new/products/fixed_shape/workers/w40/sensitivity_w40_p2_s1_r3/params.yaml	records/model_dirs/hpcasia_gpu_input/fixed_shape_new/products/fixed_shape/workers/w40/sensitivity_w40_p2_s1_r3/result.json
throughput	cs3	products	hpcasia_final/products_retry_20260920T014813Z/seed_43/cache_r1	completed	runtime_seed_schedule	4	43	records/raw_logs/hpcasia/throughput/cs3/products/seed_43/cache_r1/train.log	records/model_dirs/hpcasia_final/products_retry_20260920T014813Z/seed_43/cache_r1/params.yaml	records/model_dirs/hpcasia_final/products_retry_20260920T014813Z/seed_43/cache_r1/model/20260920_040400_restartable/summary.json
throughput	cs3	products	hpcasia_final/products_retry_20260920T014813Z/seed_43/throughput_r2	completed	runtime_seed_schedule	4	43	records/raw_logs/hpcasia/throughput/cs3/products/seed_43/throughput_r2/train.log	records/model_dirs/hpcasia_final/products_retry_20260920T014813Z/seed_43/throughput_r2/params.yaml	records/model_dirs/hpcasia_final/products_retry_20260920T014813Z/seed_43/throughput_r2/model/20260920_014823_restartable/summary.json
throughput	cs3	products	hpcasia_final/products_retry_20260920T014813Z/seed_43/throughput_r3	completed	runtime_seed_schedule	4	43	records/raw_logs/hpcasia/throughput/cs3/products/seed_43/throughput_r3/train.log	records/model_dirs/hpcasia_final/products_retry_20260920T014813Z/seed_43/throughput_r3/params.yaml	records/model_dirs/hpcasia_final/products_retry_20260920T014813Z/seed_43/throughput_r3/model/20260920_025802_restartable/summary.json
throughput	cs3	products	hpcasia_final/products_retry_20260920T014813Z/seed_44/cache_r1	completed	runtime_seed_schedule	4	44	records/raw_logs/hpcasia/throughput/cs3/products/seed_44/cache_r1/train.log	records/model_dirs/hpcasia_final/products_retry_20260920T014813Z/seed_44/cache_r1/params.yaml	records/model_dirs/hpcasia_final/products_retry_20260920T014813Z/seed_44/cache_r1/model/20260920_105713_restartable/summary.json
learning	cs3	products	hpcasia_final/products_retry_20260920T014813Z/seed_44/learning_r1	completed	runtime_seed_schedule	4	44	records/raw_logs/hpcasia/learning/cs3/products/seed_44/learning_r1/train.log	records/model_dirs/hpcasia_final/products_retry_20260920T014813Z/seed_44/learning_r1/params.yaml	records/model_dirs/hpcasia_final/products_retry_20260920T014813Z/seed_44/learning_r1/model/20260920_050339_restartable/summary.json
throughput	cs3	products	hpcasia_final/products_retry_20260920T014813Z/seed_44/throughput_r1	completed	runtime_seed_schedule	4	44	records/raw_logs/hpcasia/throughput/cs3/products/seed_44/throughput_r1/train.log	records/model_dirs/hpcasia_final/products_retry_20260920T014813Z/seed_44/throughput_r1/params.yaml	records/model_dirs/hpcasia_final/products_retry_20260920T014813Z/seed_44/throughput_r1/model/20260920_073828_restartable/summary.json
throughput	cs3	products	hpcasia_final/products_retry_20260920T014813Z/seed_44/throughput_r2	completed	runtime_seed_schedule	4	44	records/raw_logs/hpcasia/throughput/cs3/products/seed_44/throughput_r2/train.log	records/model_dirs/hpcasia_final/products_retry_20260920T014813Z/seed_44/throughput_r2/params.yaml	records/model_dirs/hpcasia_final/products_retry_20260920T014813Z/seed_44/throughput_r2/model/20260920_084447_restartable/summary.json
throughput	cs3	products	hpcasia_final/products_retry_20260920T014813Z/seed_44/throughput_r3	completed	runtime_seed_schedule	4	44	records/raw_logs/hpcasia/throughput/cs3/products/seed_44/throughput_r3/train.log	records/model_dirs/hpcasia_final/products_retry_20260920T014813Z/seed_44/throughput_r3/params.yaml	records/model_dirs/hpcasia_final/products_retry_20260920T014813Z/seed_44/throughput_r3/model/20260920_095125_restartable/summary.json
input_pipeline	h100	products	hpcasia_gpu_input/fixed_shape_retry_20260920T093643Z/products/fixed_shape/workers/w2/sensitivity_w02_p2_s1_r1	completed	consumed_cpu_payload_masks	2	42	records/raw_logs/hpcasia/input_pipeline/h100/products/fixed_shape/w2/sensitivity_w02_p2_s1_r1/train.log	records/model_dirs/hpcasia_gpu_input/fixed_shape_retry_20260920T093643Z/products/fixed_shape/workers/w2/sensitivity_w02_p2_s1_r1/params.yaml	records/model_dirs/hpcasia_gpu_input/fixed_shape_retry_20260920T093643Z/products/fixed_shape/workers/w2/sensitivity_w02_p2_s1_r1/result.json
input_pipeline	h100	products	hpcasia_gpu_input/fixed_shape_retry_20260920T093643Z/products/fixed_shape/workers/w2/sensitivity_w02_p2_s1_r2	completed	consumed_cpu_payload_masks	2	42	records/raw_logs/hpcasia/input_pipeline/h100/products/fixed_shape/w2/sensitivity_w02_p2_s1_r2/train.log	records/model_dirs/hpcasia_gpu_input/fixed_shape_retry_20260920T093643Z/products/fixed_shape/workers/w2/sensitivity_w02_p2_s1_r2/params.yaml	records/model_dirs/hpcasia_gpu_input/fixed_shape_retry_20260920T093643Z/products/fixed_shape/workers/w2/sensitivity_w02_p2_s1_r2/result.json
input_pipeline	h100	products	hpcasia_gpu_input/fixed_shape_retry_20260920T093643Z/products/fixed_shape/workers/w2/sensitivity_w02_p2_s1_r3	completed	consumed_cpu_payload_masks	2	42	records/raw_logs/hpcasia/input_pipeline/h100/products/fixed_shape/w2/sensitivity_w02_p2_s1_r3/train.log	records/model_dirs/hpcasia_gpu_input/fixed_shape_retry_20260920T093643Z/products/fixed_shape/workers/w2/sensitivity_w02_p2_s1_r3/params.yaml	records/model_dirs/hpcasia_gpu_input/fixed_shape_retry_20260920T093643Z/products/fixed_shape/workers/w2/sensitivity_w02_p2_s1_r3/result.json
input_pipeline	h100	products	hpcasia_gpu_input/fixed_shape_retry_20260920T093643Z/products/fixed_shape/workers/w4/sensitivity_w04_p2_s1_r1	completed	consumed_cpu_payload_masks	4	42	records/raw_logs/hpcasia/input_pipeline/h100/products/fixed_shape/w4/sensitivity_w04_p2_s1_r1/train.log	records/model_dirs/hpcasia_gpu_input/fixed_shape_retry_20260920T093643Z/products/fixed_shape/workers/w4/sensitivity_w04_p2_s1_r1/params.yaml	records/model_dirs/hpcasia_gpu_input/fixed_shape_retry_20260920T093643Z/products/fixed_shape/workers/w4/sensitivity_w04_p2_s1_r1/result.json
input_pipeline	h100	products	hpcasia_gpu_input/fixed_shape_retry_20260920T093643Z/products/fixed_shape/workers/w4/sensitivity_w04_p2_s1_r2	completed	consumed_cpu_payload_masks	4	42	records/raw_logs/hpcasia/input_pipeline/h100/products/fixed_shape/w4/sensitivity_w04_p2_s1_r2/train.log	records/model_dirs/hpcasia_gpu_input/fixed_shape_retry_20260920T093643Z/products/fixed_shape/workers/w4/sensitivity_w04_p2_s1_r2/params.yaml	records/model_dirs/hpcasia_gpu_input/fixed_shape_retry_20260920T093643Z/products/fixed_shape/workers/w4/sensitivity_w04_p2_s1_r2/result.json
input_pipeline	h100	products	hpcasia_gpu_input/fixed_shape_retry_20260920T093643Z/products/fixed_shape/workers/w4/sensitivity_w04_p2_s1_r3	completed	consumed_cpu_payload_masks	4	42	records/raw_logs/hpcasia/input_pipeline/h100/products/fixed_shape/w4/sensitivity_w04_p2_s1_r3/train.log	records/model_dirs/hpcasia_gpu_input/fixed_shape_retry_20260920T093643Z/products/fixed_shape/workers/w4/sensitivity_w04_p2_s1_r3/params.yaml	records/model_dirs/hpcasia_gpu_input/fixed_shape_retry_20260920T093643Z/products/fixed_shape/workers/w4/sensitivity_w04_p2_s1_r3/result.json
input_pipeline	h100	products	hpcasia_gpu_input/fixed_shape_retry_20260920T093643Z/products/fixed_shape/workers/w8/sensitivity_w08_p2_s1_r1	completed	consumed_cpu_payload_masks	8	42	records/raw_logs/hpcasia/input_pipeline/h100/products/fixed_shape/w8/sensitivity_w08_p2_s1_r1/train.log	records/model_dirs/hpcasia_gpu_input/fixed_shape_retry_20260920T093643Z/products/fixed_shape/workers/w8/sensitivity_w08_p2_s1_r1/params.yaml	records/model_dirs/hpcasia_gpu_input/fixed_shape_retry_20260920T093643Z/products/fixed_shape/workers/w8/sensitivity_w08_p2_s1_r1/result.json
input_pipeline	h100	products	hpcasia_gpu_input/fixed_shape_retry_20260920T093643Z/products/fixed_shape/workers/w8/sensitivity_w08_p2_s1_r2	completed	consumed_cpu_payload_masks	8	42	records/raw_logs/hpcasia/input_pipeline/h100/products/fixed_shape/w8/sensitivity_w08_p2_s1_r2/train.log	records/model_dirs/hpcasia_gpu_input/fixed_shape_retry_20260920T093643Z/products/fixed_shape/workers/w8/sensitivity_w08_p2_s1_r2/params.yaml	records/model_dirs/hpcasia_gpu_input/fixed_shape_retry_20260920T093643Z/products/fixed_shape/workers/w8/sensitivity_w08_p2_s1_r2/result.json
input_pipeline	h100	products	hpcasia_gpu_input/fixed_shape_retry_20260920T093643Z/products/fixed_shape/workers/w8/sensitivity_w08_p2_s1_r3	completed	consumed_cpu_payload_masks	8	42	records/raw_logs/hpcasia/input_pipeline/h100/products/fixed_shape/w8/sensitivity_w08_p2_s1_r3/train.log	records/model_dirs/hpcasia_gpu_input/fixed_shape_retry_20260920T093643Z/products/fixed_shape/workers/w8/sensitivity_w08_p2_s1_r3/params.yaml	records/model_dirs/hpcasia_gpu_input/fixed_shape_retry_20260920T093643Z/products/fixed_shape/workers/w8/sensitivity_w08_p2_s1_r3/result.json
reshuffle	cs3	products	hpcasia_final/products_20260921T154630.818034Z/seed_42/learning_r1	completed	runtime_seed_schedule	4	42	records/raw_logs/hpcasia/learning/cs3/products/seed_42/learning_r1/train.log	records/model_dirs/hpcasia_final/products_20260921T154630.818034Z/seed_42/learning_r1/params.yaml	records/model_dirs/hpcasia_final/products_20260921T154630.818034Z/seed_42/learning_r1/result.json
reshuffle_throughput	cs3	products	hpcasia_final/products_20260922T151528.153532Z/seed_42/throughput_r1	completed	runtime_seed_schedule	4	42	records/raw_logs/hpcasia/throughput/cs3/products/seed_42/throughput_r1_2/train.log	records/model_dirs/hpcasia_final/products_20260922T151528.153532Z/seed_42/throughput_r1/params.yaml	records/model_dirs/hpcasia_final/products_20260922T151528.153532Z/seed_42/throughput_r1/result.json
input_pipeline	cs3	arxiv	hpcasia_worker_n6_20260924T155039Z/balance_w04_p2_s1_r6	completed	runtime_seed_schedule	4	42	records/raw_logs/hpcasia/input_pipeline/cs3/arxiv/worker_balance/hpcasia_worker_n6_20260924T155039Z/balance_w04_p2_s1_r6/train.log	records/model_dirs/hpcasia_worker_n6_20260924T155039Z/balance_w04_p2_s1_r6/params.yaml	records/model_dirs/hpcasia_worker_n6_20260924T155039Z/balance_w04_p2_s1_r6/result.json
input_pipeline	cs3	arxiv	hpcasia_worker_n6_20260924T155039Z/balance_w08_p2_s1_r5	completed	runtime_seed_schedule	8	42	records/raw_logs/hpcasia/input_pipeline/cs3/arxiv/worker_balance/hpcasia_worker_n6_20260924T155039Z/balance_w08_p2_s1_r5/train.log	records/model_dirs/hpcasia_worker_n6_20260924T155039Z/balance_w08_p2_s1_r5/params.yaml	records/model_dirs/hpcasia_worker_n6_20260924T155039Z/balance_w08_p2_s1_r5/result.json
input_pipeline	cs3	arxiv	hpcasia_worker_n6_20260924T155039Z/balance_w08_p2_s1_r6	completed	runtime_seed_schedule	8	42	records/raw_logs/hpcasia/input_pipeline/cs3/arxiv/worker_balance/hpcasia_worker_n6_20260924T155039Z/balance_w08_p2_s1_r6/train.log	records/model_dirs/hpcasia_worker_n6_20260924T155039Z/balance_w08_p2_s1_r6/params.yaml	records/model_dirs/hpcasia_worker_n6_20260924T155039Z/balance_w08_p2_s1_r6/result.json
