run	path	sha256
hpcasia_final/arxiv_20260919T033125.784128Z/seed_42/cache_r1	records/model_dirs/hpcasia_final/arxiv_20260919T033125.784128Z/seed_42/cache_r1/model/cerebras_logs/20260919_054357/executors/000001/performance.json	c784c3c15348dc7a8195431b904d873c01b24d1e7d8875a6ebe2b459d066cf2c
hpcasia_final/arxiv_20260919T033125.784128Z/seed_42/cache_r1	records/model_dirs/hpcasia_final/arxiv_20260919T033125.784128Z/seed_42/cache_r1/model/cerebras_logs/20260919_054357/executors/000001/track.json	3d15212d1453018f6fcfb5b3819041e24c266bcdd70d171274142760a0190cb1
hpcasia_final/arxiv_20260919T033125.784128Z/seed_42/learning_r1	records/model_dirs/hpcasia_final/arxiv_20260919T033125.784128Z/seed_42/learning_r1/model/cerebras_logs/20260919_033144/executors/000001/performance.json	66ade6a03648cd64224748010df9798ec7dc4cda9abb393d0957a394410f5c37
hpcasia_final/arxiv_20260919T033125.784128Z/seed_42/learning_r1	records/model_dirs/hpcasia_final/arxiv_20260919T033125.784128Z/seed_42/learning_r1/model/cerebras_logs/20260919_033144/executors/000001/track.json	21036b821b0d8a05a375305139160326a054e39e2349ac3f5d9d3d2adf19e495
hpcasia_final/arxiv_20260919T033125.784128Z/seed_42/learning_r1	records/model_dirs/hpcasia_final/arxiv_20260919T033125.784128Z/seed_42/learning_r1/model/cerebras_logs/20260919_033144/executors/000002/performance.json	fcfb09e1794ebdf9934a70f8672ec5497776d741b03e8c9ff64f6acf4080cdd6
hpcasia_final/arxiv_20260919T033125.784128Z/seed_42/learning_r1	records/model_dirs/hpcasia_final/arxiv_20260919T033125.784128Z/seed_42/learning_r1/model/cerebras_logs/20260919_033144/executors/000002/track.json	c579ca5bccc0204153c9e42665645977fa5221070d1ade08e39d3d7346e38e02
hpcasia_final/arxiv_20260919T033125.784128Z/seed_42/learning_r1	records/model_dirs/hpcasia_final/arxiv_20260919T033125.784128Z/seed_42/learning_r1/model/cerebras_logs/20260919_033144/executors/000003/performance.json	e7ccb8693ab7bab3802feca170d9462558c3f4573b05faf53ca1108434a5aa6a
hpcasia_final/arxiv_20260919T033125.784128Z/seed_42/learning_r1	records/model_dirs/hpcasia_final/arxiv_20260919T033125.784128Z/seed_42/learning_r1/model/cerebras_logs/20260919_033144/executors/000003/track.json	e0347ea89def5702c59a65c8e4862d945ae9f4885c6bf99b5fdca4ae0d8bff3b
hpcasia_final/arxiv_20260919T033125.784128Z/seed_42/learning_r1	records/model_dirs/hpcasia_final/arxiv_20260919T033125.784128Z/seed_42/learning_r1/model/cerebras_logs/20260919_033144/executors/000004/performance.json	f979814a15c1f25016e7758e7262b72543bdd6831d7bb36bece43bb5a4d91b9e
hpcasia_final/arxiv_20260919T033125.784128Z/seed_42/learning_r1	records/model_dirs/hpcasia_final/arxiv_20260919T033125.784128Z/seed_42/learning_r1/model/cerebras_logs/20260919_033144/executors/000004/track.json	69b1a66f90a0ceec6a52ef007777c8cbcac37179c9b1792bac391f891bb1163e
hpcasia_final/arxiv_20260919T033125.784128Z/seed_42/learning_r1	records/model_dirs/hpcasia_final/arxiv_20260919T033125.784128Z/seed_42/learning_r1/model/cerebras_logs/20260919_033144/executors/000005/performance.json	e81704ef2d99ad2c68a57145d6b9c1d20369b31f9a1206965c9b09b0564250e4
hpcasia_final/arxiv_20260919T033125.784128Z/seed_42/learning_r1	records/model_dirs/hpcasia_final/arxiv_20260919T033125.784128Z/seed_42/learning_r1/model/cerebras_logs/20260919_033144/executors/000005/track.json	572848af830a6211abc50cd3606e068a8238ff2974e8b76d7f1cdc8903b14566
hpcasia_final/arxiv_20260919T033125.784128Z/seed_42/learning_r1	records/model_dirs/hpcasia_final/arxiv_20260919T033125.784128Z/seed_42/learning_r1/model/cerebras_logs/20260919_033144/executors/000006/performance.json	e7cfafc5d7a252a512cb7361fc93fe6fe01b74587a1bf4ed2d0ebbe8e8c722a7
hpcasia_final/arxiv_20260919T033125.784128Z/seed_42/learning_r1	records/model_dirs/hpcasia_final/arxiv_20260919T033125.784128Z/seed_42/learning_r1/model/cerebras_logs/20260919_033144/executors/000006/track.json	ccd9c0e6d4988bfc18872e048acea2bf4110e2152ce66ab6232caf026dd0f484
hpcasia_final/arxiv_20260919T033125.784128Z/seed_42/learning_r1	records/model_dirs/hpcasia_final/arxiv_20260919T033125.784128Z/seed_42/learning_r1/model/cerebras_logs/20260919_033144/executors/000007/performance.json	86e911a2cd39be0348316fe4a26ae8e1f7b44186acd1769cf64175ae620813c5
hpcasia_final/arxiv_20260919T033125.784128Z/seed_42/learning_r1	records/model_dirs/hpcasia_final/arxiv_20260919T033125.784128Z/seed_42/learning_r1/model/cerebras_logs/20260919_033144/executors/000007/track.json	f278bca28179c9d463157ee41c2e7cedb0340661a3bf57e25788225d4f461bf8
hpcasia_final/arxiv_20260919T033125.784128Z/seed_42/learning_r1	records/model_dirs/hpcasia_final/arxiv_20260919T033125.784128Z/seed_42/learning_r1/model/cerebras_logs/20260919_033144/executors/000008/performance.json	eb04755d9a5ab20d3bcfd092a343335dc35ffcbd97178412a9d1bff8a4a03a8f
hpcasia_final/arxiv_20260919T033125.784128Z/seed_42/learning_r1	records/model_dirs/hpcasia_final/arxiv_20260919T033125.784128Z/seed_42/learning_r1/model/cerebras_logs/20260919_033144/executors/000008/track.json	19460903cd3dd6b1fdc8837947aa1940662643c7f66f5a428b6ffc74aa9ae5aa
hpcasia_final/arxiv_20260919T033125.784128Z/seed_42/learning_r1	records/model_dirs/hpcasia_final/arxiv_20260919T033125.784128Z/seed_42/learning_r1/model/cerebras_logs/20260919_033144/executors/000009/performance.json	456848ba0b4d61c21da9e0dfcd412011189909f1505711250bf0d3d1ec4165f5
hpcasia_final/arxiv_20260919T033125.784128Z/seed_42/learning_r1	records/model_dirs/hpcasia_final/arxiv_20260919T033125.784128Z/seed_42/learning_r1/model/cerebras_logs/20260919_033144/executors/000009/track.json	dead4ab6c3987760f69862d1a1f96dc6052b853be59c1141c5ec745531c0c678
hpcasia_final/arxiv_20260919T033125.784128Z/seed_42/learning_r1	records/model_dirs/hpcasia_final/arxiv_20260919T033125.784128Z/seed_42/learning_r1/model/cerebras_logs/20260919_033144/executors/000010/performance.json	671ce54aaad7e5054d56c0374ba5d73f3864bc7452791d60dcf6b2e26e8c16e6
hpcasia_final/arxiv_20260919T033125.784128Z/seed_42/learning_r1	records/model_dirs/hpcasia_final/arxiv_20260919T033125.784128Z/seed_42/learning_r1/model/cerebras_logs/20260919_033144/executors/000010/track.json	4e3307e70a9fe9343ae67bdb60fafe12780d241fe64b626652f65a1184e2da22
hpcasia_final/arxiv_20260919T033125.784128Z/seed_42/learning_r1	records/model_dirs/hpcasia_final/arxiv_20260919T033125.784128Z/seed_42/learning_r1/model/cerebras_logs/20260919_033144/executors/000011/performance.json	eb97fd8985e06c1343a9ff99557e2f44dc3c7232ae1f152c1acaed8be0969bb6
hpcasia_final/arxiv_20260919T033125.784128Z/seed_42/learning_r1	records/model_dirs/hpcasia_final/arxiv_20260919T033125.784128Z/seed_42/learning_r1/model/cerebras_logs/20260919_033144/executors/000011/track.json	df8e98340b80a85aaea385d17a8adf33214e8cd5f760b13141bf7321a3230403
hpcasia_final/arxiv_20260919T033125.784128Z/seed_42/learning_r1	records/model_dirs/hpcasia_final/arxiv_20260919T033125.784128Z/seed_42/learning_r1/model/cerebras_logs/20260919_033144/executors/000012/performance.json	ae86d36683eb942df1cb5d21baef07983a53cc7bec6dd6150a7232b1aa732910
hpcasia_final/arxiv_20260919T033125.784128Z/seed_42/learning_r1	records/model_dirs/hpcasia_final/arxiv_20260919T033125.784128Z/seed_42/learning_r1/model/cerebras_logs/20260919_033144/executors/000012/track.json	9d7c46df850da30282198f3e1449b63cadc7b6f0c7245b9b6c55e83d6278412d
hpcasia_final/arxiv_20260919T033125.784128Z/seed_42/learning_r1	records/model_dirs/hpcasia_final/arxiv_20260919T033125.784128Z/seed_42/learning_r1/model/cerebras_logs/20260919_033144/executors/000013/performance.json	562e43dad376c9b955ab742bc4c7f901ba0da0a4932c9b6df5a49103fa2d7e90
hpcasia_final/arxiv_20260919T033125.784128Z/seed_42/learning_r1	records/model_dirs/hpcasia_final/arxiv_20260919T033125.784128Z/seed_42/learning_r1/model/cerebras_logs/20260919_033144/executors/000013/track.json	f743f85c34759ac9948b156e53d1e807fb4dc4588758e90fb1a170d4eae3fa11
hpcasia_final/arxiv_20260919T033125.784128Z/seed_42/learning_r1	records/model_dirs/hpcasia_final/arxiv_20260919T033125.784128Z/seed_42/learning_r1/model/cerebras_logs/20260919_033144/executors/000014/performance.json	437a73098acb99f40de39afc6d7633dd55d9d43de75a7c33bf30cf16d13a0252
hpcasia_final/arxiv_20260919T033125.784128Z/seed_42/learning_r1	records/model_dirs/hpcasia_final/arxiv_20260919T033125.784128Z/seed_42/learning_r1/model/cerebras_logs/20260919_033144/executors/000014/track.json	70eab00d9eba98a2adefd153385dec97809e79f05b197d40fa8fc0e19dbf17e4
hpcasia_final/arxiv_20260919T033125.784128Z/seed_42/learning_r1	records/model_dirs/hpcasia_final/arxiv_20260919T033125.784128Z/seed_42/learning_r1/model/cerebras_logs/20260919_033144/executors/000015/performance.json	39754d51b2cc83a647601c32a33f383a92d245549912f7bbf82d2a444a7c6019
hpcasia_final/arxiv_20260919T033125.784128Z/seed_42/learning_r1	records/model_dirs/hpcasia_final/arxiv_20260919T033125.784128Z/seed_42/learning_r1/model/cerebras_logs/20260919_033144/executors/000015/track.json	0927b6c6824d2c1834820f46634c0c2335f6142fa36e3a9f27ddb8798b513750
hpcasia_final/arxiv_20260919T033125.784128Z/seed_42/learning_r1	records/model_dirs/hpcasia_final/arxiv_20260919T033125.784128Z/seed_42/learning_r1/model/cerebras_logs/20260919_033144/executors/000016/performance.json	4745b8f2c8bad86e11f3b5e0d2dea3761a61e912a12b63ec0dc3bac6eff31794
hpcasia_final/arxiv_20260919T033125.784128Z/seed_42/learning_r1	records/model_dirs/hpcasia_final/arxiv_20260919T033125.784128Z/seed_42/learning_r1/model/cerebras_logs/20260919_033144/executors/000016/track.json	e66e845b104f0d3c8c4264e0619f08891ca9d1d767cd7655108937514b56e620
hpcasia_final/arxiv_20260919T033125.784128Z/seed_42/learning_r1	records/model_dirs/hpcasia_final/arxiv_20260919T033125.784128Z/seed_42/learning_r1/model/cerebras_logs/20260919_033144/executors/000017/performance.json	844386f70c148bf3df0718bc75458f98b4a7760015306eed2a1e9bc084e3dea7
hpcasia_final/arxiv_20260919T033125.784128Z/seed_42/learning_r1	records/model_dirs/hpcasia_final/arxiv_20260919T033125.784128Z/seed_42/learning_r1/model/cerebras_logs/20260919_033144/executors/000017/track.json	522961cb64f7d965fa07f3f82872170504e7dcba0d5e03770f03db3c3d8cf22b
hpcasia_final/arxiv_20260919T033125.784128Z/seed_42/learning_r1	records/model_dirs/hpcasia_final/arxiv_20260919T033125.784128Z/seed_42/learning_r1/model/cerebras_logs/20260919_033144/executors/000018/performance.json	e05b0d7714028882d9b84ffe01c5602dd8174ea2f5fcbc81980fec9af8379a23
hpcasia_final/arxiv_20260919T033125.784128Z/seed_42/learning_r1	records/model_dirs/hpcasia_final/arxiv_20260919T033125.784128Z/seed_42/learning_r1/model/cerebras_logs/20260919_033144/executors/000018/track.json	aafa9df9b5bedef15a4816f6c0579a5707a855ae2097ce4b151ed8fd19c3989f
hpcasia_final/arxiv_20260919T033125.784128Z/seed_42/learning_r1	records/model_dirs/hpcasia_final/arxiv_20260919T033125.784128Z/seed_42/learning_r1/model/cerebras_logs/20260919_033144/executors/000019/performance.json	12f13c5867877bcdfedab6fcff04a709951747e9daebc62a73f42220978af822
hpcasia_final/arxiv_20260919T033125.784128Z/seed_42/learning_r1	records/model_dirs/hpcasia_final/arxiv_20260919T033125.784128Z/seed_42/learning_r1/model/cerebras_logs/20260919_033144/executors/000019/track.json	569cd2cf9d26d664ea31a167cd6ba6255501c8424a43c2072a44498e39485ae2
hpcasia_final/arxiv_20260919T033125.784128Z/seed_42/learning_r1	records/model_dirs/hpcasia_final/arxiv_20260919T033125.784128Z/seed_42/learning_r1/model/cerebras_logs/20260919_033144/executors/000020/performance.json	74ce49a688455b4cc7b63bb98f256a9dcaccf54f42557f4648192a1c5eb6d37a
hpcasia_final/arxiv_20260919T033125.784128Z/seed_42/learning_r1	records/model_dirs/hpcasia_final/arxiv_20260919T033125.784128Z/seed_42/learning_r1/model/cerebras_logs/20260919_033144/executors/000020/track.json	a0960cc894efcabe25f5acdee455877989a67e25cfefbd67f1d7180f000ee0c9
hpcasia_final/arxiv_20260919T033125.784128Z/seed_42/learning_r1	records/model_dirs/hpcasia_final/arxiv_20260919T033125.784128Z/seed_42/learning_r1/model/cerebras_logs/20260919_033144/executors/000021/performance.json	2566fad21aa741d7fab2f009ab0d21d89066ec0fb6cd70dc1121a147b58cb279
hpcasia_final/arxiv_20260919T033125.784128Z/seed_42/learning_r1	records/model_dirs/hpcasia_final/arxiv_20260919T033125.784128Z/seed_42/learning_r1/model/cerebras_logs/20260919_033144/executors/000021/track.json	79092abbdb6a01a4ad1f93fc8378f6ea8add2b73ddfe879d2aec3b341b7bb97c
hpcasia_final/arxiv_20260919T033125.784128Z/seed_42/learning_r1	records/model_dirs/hpcasia_final/arxiv_20260919T033125.784128Z/seed_42/learning_r1/model/cerebras_logs/20260919_033144/executors/000022/performance.json	d3196f297f694cb26b0ffe2c83606b443e8922aae0163af70d61ae9bbff6e589
hpcasia_final/arxiv_20260919T033125.784128Z/seed_42/learning_r1	records/model_dirs/hpcasia_final/arxiv_20260919T033125.784128Z/seed_42/learning_r1/model/cerebras_logs/20260919_033144/executors/000022/track.json	3e8ce7818ae4aa4787ac12887387bd0e78afa2173da146d196349d86b3e4bf7c
hpcasia_final/arxiv_20260919T033125.784128Z/seed_42/learning_r1	records/model_dirs/hpcasia_final/arxiv_20260919T033125.784128Z/seed_42/learning_r1/model/cerebras_logs/20260919_033144/executors/000023/performance.json	cd27bd12163dabf22f10862ec2531c5482f639426de9b35fb28719169573ce9e
hpcasia_final/arxiv_20260919T033125.784128Z/seed_42/learning_r1	records/model_dirs/hpcasia_final/arxiv_20260919T033125.784128Z/seed_42/learning_r1/model/cerebras_logs/20260919_033144/executors/000023/track.json	c3997d72a3499ea8bc70d88f25a6c81a610328f881493547cec13a66679068e8
hpcasia_final/arxiv_20260919T033125.784128Z/seed_42/learning_r1	records/model_dirs/hpcasia_final/arxiv_20260919T033125.784128Z/seed_42/learning_r1/model/cerebras_logs/20260919_033144/executors/000024/performance.json	06ba7709665ad6277f3d26df865c22c53b55dcbd6eb0e618cd08e175db18fab3
hpcasia_final/arxiv_20260919T033125.784128Z/seed_42/learning_r1	records/model_dirs/hpcasia_final/arxiv_20260919T033125.784128Z/seed_42/learning_r1/model/cerebras_logs/20260919_033144/executors/000024/track.json	ef2c252a20fe3739096c03a905ca53b93b49d90fb1a7923964fd15894b7e90d1
hpcasia_final/arxiv_20260919T033125.784128Z/seed_42/learning_r1	records/model_dirs/hpcasia_final/arxiv_20260919T033125.784128Z/seed_42/learning_r1/model/cerebras_logs/20260919_033144/executors/000025/performance.json	33933b368a4339eb401310a3a98285bf928486fa0c67da72c669a9cbed1d3a24
hpcasia_final/arxiv_20260919T033125.784128Z/seed_42/learning_r1	records/model_dirs/hpcasia_final/arxiv_20260919T033125.784128Z/seed_42/learning_r1/model/cerebras_logs/20260919_033144/executors/000025/track.json	669499e14260ea91dfc71b27be457b04930da71ef39b3dc410a918ff922f406e
hpcasia_final/arxiv_20260919T033125.784128Z/seed_42/learning_r1	records/model_dirs/hpcasia_final/arxiv_20260919T033125.784128Z/seed_42/learning_r1/model/cerebras_logs/20260919_033144/executors/000026/performance.json	be4890f58199a62db90e7d1c58b550031511efd450385b65ebb7bca3055bdae2
hpcasia_final/arxiv_20260919T033125.784128Z/seed_42/learning_r1	records/model_dirs/hpcasia_final/arxiv_20260919T033125.784128Z/seed_42/learning_r1/model/cerebras_logs/20260919_033144/executors/000026/track.json	d8639a9e79950ff2c22fecf4ded3f481e94bd68deeb0f50993c337e8fcbef244
hpcasia_final/arxiv_20260919T033125.784128Z/seed_42/learning_r1	records/model_dirs/hpcasia_final/arxiv_20260919T033125.784128Z/seed_42/learning_r1/model/cerebras_logs/20260919_033144/executors/000027/performance.json	34a27d93ddea90aca939f07c9d9c2c07741fddf077786074e0c8c86cf9148ff0
hpcasia_final/arxiv_20260919T033125.784128Z/seed_42/learning_r1	records/model_dirs/hpcasia_final/arxiv_20260919T033125.784128Z/seed_42/learning_r1/model/cerebras_logs/20260919_033144/executors/000027/track.json	e7df321ddebc8b8e184b3c20bf7e526d3f61fd3c2c1d51391bc813294cb8a1c3
hpcasia_final/arxiv_20260919T033125.784128Z/seed_42/learning_r1	records/model_dirs/hpcasia_final/arxiv_20260919T033125.784128Z/seed_42/learning_r1/model/cerebras_logs/20260919_033144/executors/000028/performance.json	26ddaf3a29bc3aaf14cfa9094dab0625f77b88dfba2d2914a8703e43928ea715
hpcasia_final/arxiv_20260919T033125.784128Z/seed_42/learning_r1	records/model_dirs/hpcasia_final/arxiv_20260919T033125.784128Z/seed_42/learning_r1/model/cerebras_logs/20260919_033144/executors/000028/track.json	c729c6d5d387e5bb4233ddb0b8d2c9f530ee3ab7817ac7dd574aee67986db6f9
hpcasia_final/arxiv_20260919T033125.784128Z/seed_42/learning_r1	records/model_dirs/hpcasia_final/arxiv_20260919T033125.784128Z/seed_42/learning_r1/model/cerebras_logs/20260919_033144/executors/000029/performance.json	90d3ee9e9f497cbcf10c540b28bc71206e6675cc6235e059f909975914ef5b3f
hpcasia_final/arxiv_20260919T033125.784128Z/seed_42/learning_r1	records/model_dirs/hpcasia_final/arxiv_20260919T033125.784128Z/seed_42/learning_r1/model/cerebras_logs/20260919_033144/executors/000029/track.json	7e248b11f373a0b49b0e9508af3eeb2713d1b59c24dcd582fb38ee91711aea7c
hpcasia_final/arxiv_20260919T033125.784128Z/seed_42/learning_r1	records/model_dirs/hpcasia_final/arxiv_20260919T033125.784128Z/seed_42/learning_r1/model/cerebras_logs/20260919_033144/executors/000030/performance.json	3ecc24c5481febfa4acd178cd673bb282236c64ea304084449c53df6ae67aee0
hpcasia_final/arxiv_20260919T033125.784128Z/seed_42/learning_r1	records/model_dirs/hpcasia_final/arxiv_20260919T033125.784128Z/seed_42/learning_r1/model/cerebras_logs/20260919_033144/executors/000030/track.json	2bdfb434066fcd87805399fe4e05f66d63266f9b74956ad318f830934517db9c
hpcasia_final/arxiv_20260919T033125.784128Z/seed_42/learning_r1	records/model_dirs/hpcasia_final/arxiv_20260919T033125.784128Z/seed_42/learning_r1/model/cerebras_logs/20260919_033144/executors/000031/performance.json	00419ff56056cd04429e5e7ba815060bca896dc0bb54547c0083cd9f36301d1c
hpcasia_final/arxiv_20260919T033125.784128Z/seed_42/learning_r1	records/model_dirs/hpcasia_final/arxiv_20260919T033125.784128Z/seed_42/learning_r1/model/cerebras_logs/20260919_033144/executors/000031/track.json	1897d7064e14564f715a020516100f6a3f1ab8831a2bf8d369c4bfca497fcf89
hpcasia_final/arxiv_20260919T033125.784128Z/seed_42/learning_r1	records/model_dirs/hpcasia_final/arxiv_20260919T033125.784128Z/seed_42/learning_r1/model/cerebras_logs/20260919_033144/executors/000032/performance.json	35192496c551a991c5119cfd46bf695ef29596e981c1529dc1430ad7feaf9788
hpcasia_final/arxiv_20260919T033125.784128Z/seed_42/learning_r1	records/model_dirs/hpcasia_final/arxiv_20260919T033125.784128Z/seed_42/learning_r1/model/cerebras_logs/20260919_033144/executors/000032/track.json	266538b211529a0d6aeb8fa404144e3aff440a8010c6b886781514947e921999
hpcasia_final/arxiv_20260919T033125.784128Z/seed_42/learning_r1	records/model_dirs/hpcasia_final/arxiv_20260919T033125.784128Z/seed_42/learning_r1/model/cerebras_logs/20260919_033144/executors/000033/performance.json	11371afcc6984e1681381304c7c968a8573547ba4e1ee199cccf50350010473f
hpcasia_final/arxiv_20260919T033125.784128Z/seed_42/learning_r1	records/model_dirs/hpcasia_final/arxiv_20260919T033125.784128Z/seed_42/learning_r1/model/cerebras_logs/20260919_033144/executors/000033/track.json	07e4041e849f6233a6020b552323a1ad0b1f0b67be1e6b3edb3822ba21b400c7
hpcasia_final/arxiv_20260919T033125.784128Z/seed_42/learning_r1	records/model_dirs/hpcasia_final/arxiv_20260919T033125.784128Z/seed_42/learning_r1/model/cerebras_logs/20260919_033144/executors/000034/performance.json	cd6605a0692fde1d45c9461d7d51cc0e2895c2d9f4955bfe96be1da16513ffce
hpcasia_final/arxiv_20260919T033125.784128Z/seed_42/learning_r1	records/model_dirs/hpcasia_final/arxiv_20260919T033125.784128Z/seed_42/learning_r1/model/cerebras_logs/20260919_033144/executors/000034/track.json	b52f8c20ba7561999300435e9a5afee484aef392de7c2b328f9c0186444b7d30
hpcasia_final/arxiv_20260919T033125.784128Z/seed_42/learning_r1	records/model_dirs/hpcasia_final/arxiv_20260919T033125.784128Z/seed_42/learning_r1/model/cerebras_logs/20260919_033144/executors/000035/performance.json	fcd98479f8ed76ac13f1ecdfe4656784cbf5f5026423dddfa41ff78a2397c630
hpcasia_final/arxiv_20260919T033125.784128Z/seed_42/learning_r1	records/model_dirs/hpcasia_final/arxiv_20260919T033125.784128Z/seed_42/learning_r1/model/cerebras_logs/20260919_033144/executors/000035/track.json	7458fb286e8d4a7c13859c40a21b79f5345bec6df1208c2c1e36fa23f7ab36f2
hpcasia_final/arxiv_20260919T033125.784128Z/seed_42/learning_r1	records/model_dirs/hpcasia_final/arxiv_20260919T033125.784128Z/seed_42/learning_r1/model/cerebras_logs/20260919_033144/executors/000036/performance.json	f39f2601a1908d45193beed351d87c9124874e8abfddf02effcd7003625dbe28
hpcasia_final/arxiv_20260919T033125.784128Z/seed_42/learning_r1	records/model_dirs/hpcasia_final/arxiv_20260919T033125.784128Z/seed_42/learning_r1/model/cerebras_logs/20260919_033144/executors/000036/track.json	41e29dea5ca079d94778a7bac9b4ac65eb54340fb50156099b7bc9d1e02acb0a
hpcasia_final/arxiv_20260919T033125.784128Z/seed_42/learning_r1	records/model_dirs/hpcasia_final/arxiv_20260919T033125.784128Z/seed_42/learning_r1/model/cerebras_logs/20260919_033144/executors/000037/performance.json	b351534f4e3556fd4492807e13159507564c1a8b12478b29a3359c7950c94da8
hpcasia_final/arxiv_20260919T033125.784128Z/seed_42/learning_r1	records/model_dirs/hpcasia_final/arxiv_20260919T033125.784128Z/seed_42/learning_r1/model/cerebras_logs/20260919_033144/executors/000037/track.json	64d385889106d8571cfa0d22cb5c4732d376cb3ae9a6268b00d21aee21b60841
hpcasia_final/arxiv_20260919T033125.784128Z/seed_42/learning_r1	records/model_dirs/hpcasia_final/arxiv_20260919T033125.784128Z/seed_42/learning_r1/model/cerebras_logs/20260919_033144/executors/000038/performance.json	422d09073584dff260644d62268c0113f6e763e95a2ae70fcdcc979b0c96b043
hpcasia_final/arxiv_20260919T033125.784128Z/seed_42/learning_r1	records/model_dirs/hpcasia_final/arxiv_20260919T033125.784128Z/seed_42/learning_r1/model/cerebras_logs/20260919_033144/executors/000038/track.json	c39dc97333f172ef1979c65105889b108fea14434c8893aecb2f4141e5476989
hpcasia_final/arxiv_20260919T033125.784128Z/seed_42/learning_r1	records/model_dirs/hpcasia_final/arxiv_20260919T033125.784128Z/seed_42/learning_r1/model/cerebras_logs/20260919_033144/executors/000039/performance.json	1a981bdcd53ab0278c287d7af23f35221968405950a8baf09caff651f9af275d
hpcasia_final/arxiv_20260919T033125.784128Z/seed_42/learning_r1	records/model_dirs/hpcasia_final/arxiv_20260919T033125.784128Z/seed_42/learning_r1/model/cerebras_logs/20260919_033144/executors/000039/track.json	64b0964a705192a5777bd244a0d75682f5a29f2b42664a1fbbe335a59e7ed22c
hpcasia_final/arxiv_20260919T033125.784128Z/seed_42/learning_r1	records/model_dirs/hpcasia_final/arxiv_20260919T033125.784128Z/seed_42/learning_r1/model/cerebras_logs/20260919_033144/executors/000040/performance.json	eea189b4f92e34fa9d4965ed42d867b0c82416c5a8d1f3696c49dd6a53cf8744
hpcasia_final/arxiv_20260919T033125.784128Z/seed_42/learning_r1	records/model_dirs/hpcasia_final/arxiv_20260919T033125.784128Z/seed_42/learning_r1/model/cerebras_logs/20260919_033144/executors/000040/track.json	8674813807de7f99978e66c176550ca410240aa3458406b62145ddb0b91f5753
hpcasia_final/arxiv_20260919T033125.784128Z/seed_42/learning_r1	records/model_dirs/hpcasia_final/arxiv_20260919T033125.784128Z/seed_42/learning_r1/model/cerebras_logs/20260919_033144/executors/000041/performance.json	341eed33783388f760f9727c7f24a75b5eaf983d3340f4ea392a21b7f33bf2e5
hpcasia_final/arxiv_20260919T033125.784128Z/seed_42/learning_r1	records/model_dirs/hpcasia_final/arxiv_20260919T033125.784128Z/seed_42/learning_r1/model/cerebras_logs/20260919_033144/executors/000041/track.json	05d205f02190e50d992e1e0ca375e61760edf4fec6e519e0e4d2d2d58dfbfc69
hpcasia_final/arxiv_20260919T033125.784128Z/seed_42/learning_r1	records/model_dirs/hpcasia_final/arxiv_20260919T033125.784128Z/seed_42/learning_r1/model/cerebras_logs/20260919_033144/executors/000042/performance.json	d532d9f55c4dc60768f23aa94fc232c65a5ead60d494e191830ad6795c66e5c1
hpcasia_final/arxiv_20260919T033125.784128Z/seed_42/learning_r1	records/model_dirs/hpcasia_final/arxiv_20260919T033125.784128Z/seed_42/learning_r1/model/cerebras_logs/20260919_033144/executors/000042/track.json	84c7cd06d72e901ff663ab8cbd59a29c889fa7874c171b773f60bc2fdc66f89a
hpcasia_final/arxiv_20260919T033125.784128Z/seed_42/learning_r1	records/model_dirs/hpcasia_final/arxiv_20260919T033125.784128Z/seed_42/learning_r1/model/cerebras_logs/20260919_033144/executors/000043/performance.json	9fc331fadb7c4afbe584e22b6710ce2651734ee159314d94eb44fd8dc77efb13
hpcasia_final/arxiv_20260919T033125.784128Z/seed_42/learning_r1	records/model_dirs/hpcasia_final/arxiv_20260919T033125.784128Z/seed_42/learning_r1/model/cerebras_logs/20260919_033144/executors/000043/track.json	c50c0f78e51e0fd0220c849eaa7074aa585a302356c65940613841bf66bda7e5
hpcasia_final/arxiv_20260919T033125.784128Z/seed_42/learning_r1	records/model_dirs/hpcasia_final/arxiv_20260919T033125.784128Z/seed_42/learning_r1/model/cerebras_logs/20260919_033144/executors/000044/performance.json	06ebf965c64d3438d43e211737826ceb0db4b2d1b0dba75acf2d9d66758f3ebe
hpcasia_final/arxiv_20260919T033125.784128Z/seed_42/learning_r1	records/model_dirs/hpcasia_final/arxiv_20260919T033125.784128Z/seed_42/learning_r1/model/cerebras_logs/20260919_033144/executors/000044/track.json	2a46baa65bb1e7cfd2f2013b4222640a8001ca86d8d7b818081369319ea6d3ef
hpcasia_final/arxiv_20260919T033125.784128Z/seed_42/learning_r1	records/model_dirs/hpcasia_final/arxiv_20260919T033125.784128Z/seed_42/learning_r1/model/cerebras_logs/20260919_033144/executors/000045/performance.json	0484442b56983408a60325d9b7ca1dc2c25c5027e6853c016141441e1c5e40d0
hpcasia_final/arxiv_20260919T033125.784128Z/seed_42/learning_r1	records/model_dirs/hpcasia_final/arxiv_20260919T033125.784128Z/seed_42/learning_r1/model/cerebras_logs/20260919_033144/executors/000045/track.json	0283ebfafb441f9bb872fa0f2b938b0f85d87f30d9f33f03634a642df60119d3
hpcasia_final/arxiv_20260919T033125.784128Z/seed_42/learning_r1	records/model_dirs/hpcasia_final/arxiv_20260919T033125.784128Z/seed_42/learning_r1/model/cerebras_logs/20260919_033144/executors/000046/performance.json	f04a68c5e82498448c51becd4a27988f0df9f5591bb2492e1e84c8495718863f
hpcasia_final/arxiv_20260919T033125.784128Z/seed_42/learning_r1	records/model_dirs/hpcasia_final/arxiv_20260919T033125.784128Z/seed_42/learning_r1/model/cerebras_logs/20260919_033144/executors/000046/track.json	a62780c59fd12565f21027ba6ec7b20875473050b9a8680c4af988a0ceb38f46
hpcasia_final/arxiv_20260919T033125.784128Z/seed_42/learning_r1	records/model_dirs/hpcasia_final/arxiv_20260919T033125.784128Z/seed_42/learning_r1/model/cerebras_logs/20260919_033144/executors/000047/performance.json	ea27a8e2cb4d8796a92bede9dfccefd90ab09b9a2cf1c072ba32bc115d19ceae
hpcasia_final/arxiv_20260919T033125.784128Z/seed_42/learning_r1	records/model_dirs/hpcasia_final/arxiv_20260919T033125.784128Z/seed_42/learning_r1/model/cerebras_logs/20260919_033144/executors/000047/track.json	1a05887177166e03ef33715198e400bee5afadab166cc3fbd5fdb5bd9240472c
hpcasia_final/arxiv_20260919T033125.784128Z/seed_42/learning_r1	records/model_dirs/hpcasia_final/arxiv_20260919T033125.784128Z/seed_42/learning_r1/model/cerebras_logs/20260919_033144/executors/000048/performance.json	3f27514a4a6c645393624a524b33bafa0a0ed1333aadbf78f637ef9132c1500c
hpcasia_final/arxiv_20260919T033125.784128Z/seed_42/learning_r1	records/model_dirs/hpcasia_final/arxiv_20260919T033125.784128Z/seed_42/learning_r1/model/cerebras_logs/20260919_033144/executors/000048/track.json	1e954fe6cb74c43d0a9df754e97bf500a1bb3d93f300487622fac65ae08a111f
hpcasia_final/arxiv_20260919T033125.784128Z/seed_42/learning_r1	records/model_dirs/hpcasia_final/arxiv_20260919T033125.784128Z/seed_42/learning_r1/model/cerebras_logs/20260919_033144/executors/000049/performance.json	ac196bec7e3eb92f6e553c19248a4ab94dddfac3381834d90c51fd7f562ac27d
hpcasia_final/arxiv_20260919T033125.784128Z/seed_42/learning_r1	records/model_dirs/hpcasia_final/arxiv_20260919T033125.784128Z/seed_42/learning_r1/model/cerebras_logs/20260919_033144/executors/000049/track.json	63c5be81e3a497523b5814e2f9bb329b4e3b6cbea14797e0f09966859689b318
hpcasia_final/arxiv_20260919T033125.784128Z/seed_42/learning_r1	records/model_dirs/hpcasia_final/arxiv_20260919T033125.784128Z/seed_42/learning_r1/model/cerebras_logs/20260919_033144/executors/000050/performance.json	1450b3a7097509cd2c89c19e7649f00f1db4da81e835463b3de5b1f4c1685c81
hpcasia_final/arxiv_20260919T033125.784128Z/seed_42/learning_r1	records/model_dirs/hpcasia_final/arxiv_20260919T033125.784128Z/seed_42/learning_r1/model/cerebras_logs/20260919_033144/executors/000050/track.json	1ad6026760ecfbccd99012eac178755e801ab5f60563d0caea3555d59b29b5ff
hpcasia_final/arxiv_20260919T033125.784128Z/seed_42/throughput_r1	records/model_dirs/hpcasia_final/arxiv_20260919T033125.784128Z/seed_42/throughput_r1/model/cerebras_logs/20260919_042639/executors/000001/performance.json	fce58e4b5d3ef034051d981a5fa6e6860d80d6e2d487c87be8d57e25c1c80c41
hpcasia_final/arxiv_20260919T033125.784128Z/seed_42/throughput_r1	records/model_dirs/hpcasia_final/arxiv_20260919T033125.784128Z/seed_42/throughput_r1/model/cerebras_logs/20260919_042639/executors/000001/track.json	7a284fe560b403375f9ac19ddb4e83d7328da3a3f8b570dec3c136ef4eb035fa
hpcasia_final/arxiv_20260919T033125.784128Z/seed_42/throughput_r2	records/model_dirs/hpcasia_final/arxiv_20260919T033125.784128Z/seed_42/throughput_r2/model/cerebras_logs/20260919_045201/executors/000001/performance.json	efccf9336f2f60991ab3cb78d98fd1700369af9ba5b9cba6d652abcad496c2d9
hpcasia_final/arxiv_20260919T033125.784128Z/seed_42/throughput_r2	records/model_dirs/hpcasia_final/arxiv_20260919T033125.784128Z/seed_42/throughput_r2/model/cerebras_logs/20260919_045201/executors/000001/track.json	1fbeea05ae5d2f399d34c514e0ca370cce6282302ddb839261540eeb2a9f10e3
hpcasia_final/arxiv_20260919T033125.784128Z/seed_42/throughput_r3	records/model_dirs/hpcasia_final/arxiv_20260919T033125.784128Z/seed_42/throughput_r3/model/cerebras_logs/20260919_051749/executors/000001/performance.json	0d61201d61ad7444e89911f10db478a03e6023bb0c15e08f690932b84094da3e
hpcasia_final/arxiv_20260919T033125.784128Z/seed_42/throughput_r3	records/model_dirs/hpcasia_final/arxiv_20260919T033125.784128Z/seed_42/throughput_r3/model/cerebras_logs/20260919_051749/executors/000001/track.json	3d9aa653c18eb7c8e793e6478312c04d722af018b159f5b4e55f32d5507a5cf6
hpcasia_final/arxiv_20260919T033125.784128Z/seed_43/cache_r1	records/model_dirs/hpcasia_final/arxiv_20260919T033125.784128Z/seed_43/cache_r1/model/cerebras_logs/20260919_084101/executors/000001/performance.json	658e8a9c52f0cf9631d95901d7ab5a3bd67ed3a67b9b7b6c6f442ca2d8e64b8d
hpcasia_final/arxiv_20260919T033125.784128Z/seed_43/cache_r1	records/model_dirs/hpcasia_final/arxiv_20260919T033125.784128Z/seed_43/cache_r1/model/cerebras_logs/20260919_084101/executors/000001/track.json	fc881d467748149d07a279a264114d49681966a02719d5291f70fca532226147
hpcasia_final/arxiv_20260919T033125.784128Z/seed_43/learning_r1	records/model_dirs/hpcasia_final/arxiv_20260919T033125.784128Z/seed_43/learning_r1/model/cerebras_logs/20260919_060946/executors/000001/performance.json	34011438f36db9887912405bf1e5668dfce735664fc9e508d2998caf215d5462
hpcasia_final/arxiv_20260919T033125.784128Z/seed_43/learning_r1	records/model_dirs/hpcasia_final/arxiv_20260919T033125.784128Z/seed_43/learning_r1/model/cerebras_logs/20260919_060946/executors/000001/track.json	a7f3b0248eedcbee386649910678df0b2ee7f175f8ef6db068751015b5fd2e7f
hpcasia_final/arxiv_20260919T033125.784128Z/seed_43/learning_r1	records/model_dirs/hpcasia_final/arxiv_20260919T033125.784128Z/seed_43/learning_r1/model/cerebras_logs/20260919_060946/executors/000002/performance.json	eb3f3cf1bcad7ee680d89df380036d4b7141d61a7df502fa5038b70eec9cc46c
hpcasia_final/arxiv_20260919T033125.784128Z/seed_43/learning_r1	records/model_dirs/hpcasia_final/arxiv_20260919T033125.784128Z/seed_43/learning_r1/model/cerebras_logs/20260919_060946/executors/000002/track.json	f34096ea6851b9b0579bfe6ff1376ba44bc5e8b5ae016f7db75533112c519b37
hpcasia_final/arxiv_20260919T033125.784128Z/seed_43/learning_r1	records/model_dirs/hpcasia_final/arxiv_20260919T033125.784128Z/seed_43/learning_r1/model/cerebras_logs/20260919_060946/executors/000003/performance.json	850d9a4a1047bd58d7d7f09b8fe8b50e35ffd5502f264994f209e9c3760f120a
hpcasia_final/arxiv_20260919T033125.784128Z/seed_43/learning_r1	records/model_dirs/hpcasia_final/arxiv_20260919T033125.784128Z/seed_43/learning_r1/model/cerebras_logs/20260919_060946/executors/000003/track.json	22ff0ee13253de16655419e0860536004747bb78c83e75fca71335c948d7148a
hpcasia_final/arxiv_20260919T033125.784128Z/seed_43/learning_r1	records/model_dirs/hpcasia_final/arxiv_20260919T033125.784128Z/seed_43/learning_r1/model/cerebras_logs/20260919_060946/executors/000004/performance.json	6d55513693d54ecb88bd91f5779ed08f59a7bb3922da50ad88f9114519bd54f5
hpcasia_final/arxiv_20260919T033125.784128Z/seed_43/learning_r1	records/model_dirs/hpcasia_final/arxiv_20260919T033125.784128Z/seed_43/learning_r1/model/cerebras_logs/20260919_060946/executors/000004/track.json	f1f56afdc3d351ac53ee5a6f20aa97a54908f9d10beb33e9001053807f8fbc09
hpcasia_final/arxiv_20260919T033125.784128Z/seed_43/learning_r1	records/model_dirs/hpcasia_final/arxiv_20260919T033125.784128Z/seed_43/learning_r1/model/cerebras_logs/20260919_060946/executors/000005/performance.json	7a49e2cc6a01d0ad29f0f1e8bbe809b62ef12c89426ef18435baf9f15992644b
hpcasia_final/arxiv_20260919T033125.784128Z/seed_43/learning_r1	records/model_dirs/hpcasia_final/arxiv_20260919T033125.784128Z/seed_43/learning_r1/model/cerebras_logs/20260919_060946/executors/000005/track.json	fbf23b046349d1ec792d90afc6fa4ef50c1a2efd4fcd8eb14108cb4667c9fa1e
hpcasia_final/arxiv_20260919T033125.784128Z/seed_43/learning_r1	records/model_dirs/hpcasia_final/arxiv_20260919T033125.784128Z/seed_43/learning_r1/model/cerebras_logs/20260919_060946/executors/000006/performance.json	d459cc64a3c0822254ee1b83bd2e13332621a0cfd944f2c8947994525c0814c0
hpcasia_final/arxiv_20260919T033125.784128Z/seed_43/learning_r1	records/model_dirs/hpcasia_final/arxiv_20260919T033125.784128Z/seed_43/learning_r1/model/cerebras_logs/20260919_060946/executors/000006/track.json	4553ea4f362696cb60fb31e759bdee51f465f961fe34777727a391612e46b9ce
hpcasia_final/arxiv_20260919T033125.784128Z/seed_43/learning_r1	records/model_dirs/hpcasia_final/arxiv_20260919T033125.784128Z/seed_43/learning_r1/model/cerebras_logs/20260919_060946/executors/000007/performance.json	196ed996a554a1414bd32581c67e05a8d7df24e4c6c6d284ddcfa92e9ce4c909
hpcasia_final/arxiv_20260919T033125.784128Z/seed_43/learning_r1	records/model_dirs/hpcasia_final/arxiv_20260919T033125.784128Z/seed_43/learning_r1/model/cerebras_logs/20260919_060946/executors/000007/track.json	798adfa5d58e1739e41fd0c451b72334fa43294ae57af07958a421c70451e853
hpcasia_final/arxiv_20260919T033125.784128Z/seed_43/learning_r1	records/model_dirs/hpcasia_final/arxiv_20260919T033125.784128Z/seed_43/learning_r1/model/cerebras_logs/20260919_060946/executors/000008/performance.json	c0c31e4892b417e311f029a501e42f94db1bbec01696a81a2c9888427b737558
hpcasia_final/arxiv_20260919T033125.784128Z/seed_43/learning_r1	records/model_dirs/hpcasia_final/arxiv_20260919T033125.784128Z/seed_43/learning_r1/model/cerebras_logs/20260919_060946/executors/000008/track.json	11db121d8d9689596b649e484462233275f30b5569b686efcf9e118202b6cf01
hpcasia_final/arxiv_20260919T033125.784128Z/seed_43/learning_r1	records/model_dirs/hpcasia_final/arxiv_20260919T033125.784128Z/seed_43/learning_r1/model/cerebras_logs/20260919_060946/executors/000009/performance.json	b9f1672626a692e74744edee2748bbe274ab811fe8e993f2260dacab45fff1c9
hpcasia_final/arxiv_20260919T033125.784128Z/seed_43/learning_r1	records/model_dirs/hpcasia_final/arxiv_20260919T033125.784128Z/seed_43/learning_r1/model/cerebras_logs/20260919_060946/executors/000009/track.json	848d561e538dab2ef47d1750606456f3f6689fff47b97abc8c76db1ece48cea4
hpcasia_final/arxiv_20260919T033125.784128Z/seed_43/learning_r1	records/model_dirs/hpcasia_final/arxiv_20260919T033125.784128Z/seed_43/learning_r1/model/cerebras_logs/20260919_060946/executors/000010/performance.json	6eb2c00fe56578f13351f40207984cf7b3e7007ac5f0b409b9b33fe2f55c0311
hpcasia_final/arxiv_20260919T033125.784128Z/seed_43/learning_r1	records/model_dirs/hpcasia_final/arxiv_20260919T033125.784128Z/seed_43/learning_r1/model/cerebras_logs/20260919_060946/executors/000010/track.json	d860b060641c72cf001cafae618ecc54c5ae068276a22cf76114bf92f98e07e9
hpcasia_final/arxiv_20260919T033125.784128Z/seed_43/learning_r1	records/model_dirs/hpcasia_final/arxiv_20260919T033125.784128Z/seed_43/learning_r1/model/cerebras_logs/20260919_060946/executors/000011/performance.json	77c607f8bb84babe22c925a7415fe3a5cfcd502ab49e6f76b4b546881ed20676
hpcasia_final/arxiv_20260919T033125.784128Z/seed_43/learning_r1	records/model_dirs/hpcasia_final/arxiv_20260919T033125.784128Z/seed_43/learning_r1/model/cerebras_logs/20260919_060946/executors/000011/track.json	a195fb9a530ed141666c1690bf50799690817a8a8ae8c499ef58fcf48b8f6a93
hpcasia_final/arxiv_20260919T033125.784128Z/seed_43/learning_r1	records/model_dirs/hpcasia_final/arxiv_20260919T033125.784128Z/seed_43/learning_r1/model/cerebras_logs/20260919_060946/executors/000012/performance.json	063b1500f9a2551ba0e2c396d8ec11c2a968f6c3e7b762b8890b24213218a42e
hpcasia_final/arxiv_20260919T033125.784128Z/seed_43/learning_r1	records/model_dirs/hpcasia_final/arxiv_20260919T033125.784128Z/seed_43/learning_r1/model/cerebras_logs/20260919_060946/executors/000012/track.json	13e50dafb9ab40f01f22d698ff3edb88ac118b42f56f397268f6b8cb772132d5
hpcasia_final/arxiv_20260919T033125.784128Z/seed_43/learning_r1	records/model_dirs/hpcasia_final/arxiv_20260919T033125.784128Z/seed_43/learning_r1/model/cerebras_logs/20260919_060946/executors/000013/performance.json	f8686cf723710bd0bac171698839b4b72e95fd616f1cc4fcee28c9a768cab1da
hpcasia_final/arxiv_20260919T033125.784128Z/seed_43/learning_r1	records/model_dirs/hpcasia_final/arxiv_20260919T033125.784128Z/seed_43/learning_r1/model/cerebras_logs/20260919_060946/executors/000013/track.json	7715baf46ba8169fb1c2d0e6b06cba960ae5ed03523fb7cb18e2c564ac391d6c
hpcasia_final/arxiv_20260919T033125.784128Z/seed_43/learning_r1	records/model_dirs/hpcasia_final/arxiv_20260919T033125.784128Z/seed_43/learning_r1/model/cerebras_logs/20260919_060946/executors/000014/performance.json	a03349ca8f3806ce5b9621b71561d2a2117bbbfd89de011f280440c73e483c19
hpcasia_final/arxiv_20260919T033125.784128Z/seed_43/learning_r1	records/model_dirs/hpcasia_final/arxiv_20260919T033125.784128Z/seed_43/learning_r1/model/cerebras_logs/20260919_060946/executors/000014/track.json	7b7e5c6306760f4500655a7e6fc567b7757e58a23c6b5ef89148edb302aa4b80
hpcasia_final/arxiv_20260919T033125.784128Z/seed_43/learning_r1	records/model_dirs/hpcasia_final/arxiv_20260919T033125.784128Z/seed_43/learning_r1/model/cerebras_logs/20260919_060946/executors/000015/performance.json	ab6c6b8c97f415a0d4c5c40046d40c639f6f22e7e6d5a978af032782a3327a24
hpcasia_final/arxiv_20260919T033125.784128Z/seed_43/learning_r1	records/model_dirs/hpcasia_final/arxiv_20260919T033125.784128Z/seed_43/learning_r1/model/cerebras_logs/20260919_060946/executors/000015/track.json	9f3bdd2dc09e22642cadd9abcd70d389fd9b31bbff50cc0706ef7aa6ca267ed8
hpcasia_final/arxiv_20260919T033125.784128Z/seed_43/learning_r1	records/model_dirs/hpcasia_final/arxiv_20260919T033125.784128Z/seed_43/learning_r1/model/cerebras_logs/20260919_060946/executors/000016/performance.json	0fc38603464cb04363fda1d7d5bb7e8798c9d672265634ed47a0d6517caae519
hpcasia_final/arxiv_20260919T033125.784128Z/seed_43/learning_r1	records/model_dirs/hpcasia_final/arxiv_20260919T033125.784128Z/seed_43/learning_r1/model/cerebras_logs/20260919_060946/executors/000016/track.json	d7d281293c600c5b886204891896db0475e6026b21b2970df73f0b604d151864
hpcasia_final/arxiv_20260919T033125.784128Z/seed_43/learning_r1	records/model_dirs/hpcasia_final/arxiv_20260919T033125.784128Z/seed_43/learning_r1/model/cerebras_logs/20260919_060946/executors/000017/performance.json	47d540df026bbf2f0a3f1e10a8be18999f7ecf196347c845f9a2f0392ebb3118
hpcasia_final/arxiv_20260919T033125.784128Z/seed_43/learning_r1	records/model_dirs/hpcasia_final/arxiv_20260919T033125.784128Z/seed_43/learning_r1/model/cerebras_logs/20260919_060946/executors/000017/track.json	fc5acd12bf83e380a2c95fd7cc9516c2b5aa0e92756375afba20b5fd7313a23f
hpcasia_final/arxiv_20260919T033125.784128Z/seed_43/learning_r1	records/model_dirs/hpcasia_final/arxiv_20260919T033125.784128Z/seed_43/learning_r1/model/cerebras_logs/20260919_060946/executors/000018/performance.json	3f8ee8a7346c6378a56d12d4a41c140995411b990e1fb51328db992edc0a1ee9
hpcasia_final/arxiv_20260919T033125.784128Z/seed_43/learning_r1	records/model_dirs/hpcasia_final/arxiv_20260919T033125.784128Z/seed_43/learning_r1/model/cerebras_logs/20260919_060946/executors/000018/track.json	88c2d3820940380bbaa108a3bd7af5d0dec3ce1b5396fc6eb9a11912b7b186e7
hpcasia_final/arxiv_20260919T033125.784128Z/seed_43/learning_r1	records/model_dirs/hpcasia_final/arxiv_20260919T033125.784128Z/seed_43/learning_r1/model/cerebras_logs/20260919_060946/executors/000019/performance.json	35323702d7d8d5547dc7960fd75b6e3775b889fd638b3e9474b798a0d55c15ce
hpcasia_final/arxiv_20260919T033125.784128Z/seed_43/learning_r1	records/model_dirs/hpcasia_final/arxiv_20260919T033125.784128Z/seed_43/learning_r1/model/cerebras_logs/20260919_060946/executors/000019/track.json	b35303e9e4d11062eb3999ec7a53a9d000840bb9835bc90f8d16bc7ee7f94031
hpcasia_final/arxiv_20260919T033125.784128Z/seed_43/learning_r1	records/model_dirs/hpcasia_final/arxiv_20260919T033125.784128Z/seed_43/learning_r1/model/cerebras_logs/20260919_060946/executors/000020/performance.json	29c7ff362b67d6b30c90e0a17a7912fb88549dcefd678a8a087fee5221bbfe50
hpcasia_final/arxiv_20260919T033125.784128Z/seed_43/learning_r1	records/model_dirs/hpcasia_final/arxiv_20260919T033125.784128Z/seed_43/learning_r1/model/cerebras_logs/20260919_060946/executors/000020/track.json	c9ddca960474017277d8442989d2094959a0635acdb32c34524fb2ac5de00c63
hpcasia_final/arxiv_20260919T033125.784128Z/seed_43/learning_r1	records/model_dirs/hpcasia_final/arxiv_20260919T033125.784128Z/seed_43/learning_r1/model/cerebras_logs/20260919_060946/executors/000021/performance.json	872bbdc5ad3da1520dc463e7bbe6bb5d767b4fad63ffd49681ac35fe903708bd
hpcasia_final/arxiv_20260919T033125.784128Z/seed_43/learning_r1	records/model_dirs/hpcasia_final/arxiv_20260919T033125.784128Z/seed_43/learning_r1/model/cerebras_logs/20260919_060946/executors/000021/track.json	4c6ca2bd8ce433a1b2e101d5e4dcc9c8fe90ce45356577caea8a9718a086a446
hpcasia_final/arxiv_20260919T033125.784128Z/seed_43/learning_r1	records/model_dirs/hpcasia_final/arxiv_20260919T033125.784128Z/seed_43/learning_r1/model/cerebras_logs/20260919_060946/executors/000022/performance.json	5697dfa561f2008df7bbdaa0a87ca71612a9882488d3da77b5481595ca00b4c1
hpcasia_final/arxiv_20260919T033125.784128Z/seed_43/learning_r1	records/model_dirs/hpcasia_final/arxiv_20260919T033125.784128Z/seed_43/learning_r1/model/cerebras_logs/20260919_060946/executors/000022/track.json	234c5517da2a3fcb07d1258a70a67499fe2e18e64aaaf2dd6e0073b8af40f6ec
hpcasia_final/arxiv_20260919T033125.784128Z/seed_43/learning_r1	records/model_dirs/hpcasia_final/arxiv_20260919T033125.784128Z/seed_43/learning_r1/model/cerebras_logs/20260919_060946/executors/000023/performance.json	894da4ca733812a56163d716304d4add80772e42ad53fbc23bf31d8b54b8c606
hpcasia_final/arxiv_20260919T033125.784128Z/seed_43/learning_r1	records/model_dirs/hpcasia_final/arxiv_20260919T033125.784128Z/seed_43/learning_r1/model/cerebras_logs/20260919_060946/executors/000023/track.json	1fa49844b01472033a8deb998fe6039163c9b2b9ca60b7b07396fe89971c98ad
hpcasia_final/arxiv_20260919T033125.784128Z/seed_43/learning_r1	records/model_dirs/hpcasia_final/arxiv_20260919T033125.784128Z/seed_43/learning_r1/model/cerebras_logs/20260919_060946/executors/000024/performance.json	120613932c4b8d913477009502ae51a14075332abc1cde36e7153664bd41322c
hpcasia_final/arxiv_20260919T033125.784128Z/seed_43/learning_r1	records/model_dirs/hpcasia_final/arxiv_20260919T033125.784128Z/seed_43/learning_r1/model/cerebras_logs/20260919_060946/executors/000024/track.json	5deb893b0fc58a71848804ba2a385d87bf97181af9b9dbc01021cfdd2aa604f5
hpcasia_final/arxiv_20260919T033125.784128Z/seed_43/learning_r1	records/model_dirs/hpcasia_final/arxiv_20260919T033125.784128Z/seed_43/learning_r1/model/cerebras_logs/20260919_060946/executors/000025/performance.json	a20ea3d278cf64dedd7111d8614e0229b78bbb39942ac0a77499f74a2b23a19c
hpcasia_final/arxiv_20260919T033125.784128Z/seed_43/learning_r1	records/model_dirs/hpcasia_final/arxiv_20260919T033125.784128Z/seed_43/learning_r1/model/cerebras_logs/20260919_060946/executors/000025/track.json	8c9e058d7d653ce1b30e5781614a06b6b0a3612bf2496c7bd1c1e5b6e165fb65
hpcasia_final/arxiv_20260919T033125.784128Z/seed_43/learning_r1	records/model_dirs/hpcasia_final/arxiv_20260919T033125.784128Z/seed_43/learning_r1/model/cerebras_logs/20260919_060946/executors/000026/performance.json	98e91c135a4deee69d9d01d91ef552b405befb1de37cd573f85f5e555ebbfb04
hpcasia_final/arxiv_20260919T033125.784128Z/seed_43/learning_r1	records/model_dirs/hpcasia_final/arxiv_20260919T033125.784128Z/seed_43/learning_r1/model/cerebras_logs/20260919_060946/executors/000026/track.json	a7a34e99408e347e31d730a865b3723feb373904798079e115224e8ab3775097
hpcasia_final/arxiv_20260919T033125.784128Z/seed_43/learning_r1	records/model_dirs/hpcasia_final/arxiv_20260919T033125.784128Z/seed_43/learning_r1/model/cerebras_logs/20260919_060946/executors/000027/performance.json	8e262523630823cb798dafe37f78d1d18a4e141b7dda55f7d5975519b0a06fb2
hpcasia_final/arxiv_20260919T033125.784128Z/seed_43/learning_r1	records/model_dirs/hpcasia_final/arxiv_20260919T033125.784128Z/seed_43/learning_r1/model/cerebras_logs/20260919_060946/executors/000027/track.json	e481fe22fb568154c56b58f9aa996b2328ff0d7ac5f7aaaf7387666e73993a6d
hpcasia_final/arxiv_20260919T033125.784128Z/seed_43/learning_r1	records/model_dirs/hpcasia_final/arxiv_20260919T033125.784128Z/seed_43/learning_r1/model/cerebras_logs/20260919_060946/executors/000028/performance.json	36e398434c1b4c683e7457555493ec6fa00f9781cfeb0f5b6b592813fad84dd6
hpcasia_final/arxiv_20260919T033125.784128Z/seed_43/learning_r1	records/model_dirs/hpcasia_final/arxiv_20260919T033125.784128Z/seed_43/learning_r1/model/cerebras_logs/20260919_060946/executors/000028/track.json	b82fbc1c3eff425f1addf5ef11ce416f22cde0a5166f70d634f62401afbc9916
hpcasia_final/arxiv_20260919T033125.784128Z/seed_43/learning_r1	records/model_dirs/hpcasia_final/arxiv_20260919T033125.784128Z/seed_43/learning_r1/model/cerebras_logs/20260919_060946/executors/000029/performance.json	9e8c95e17304fc23c437f031d7fef26147e9604c4d85efb7cfb7672837ba1207
hpcasia_final/arxiv_20260919T033125.784128Z/seed_43/learning_r1	records/model_dirs/hpcasia_final/arxiv_20260919T033125.784128Z/seed_43/learning_r1/model/cerebras_logs/20260919_060946/executors/000029/track.json	301e636772c28239b2722b024823b71d39a45908e26a9e2dd233464090bf80a7
hpcasia_final/arxiv_20260919T033125.784128Z/seed_43/learning_r1	records/model_dirs/hpcasia_final/arxiv_20260919T033125.784128Z/seed_43/learning_r1/model/cerebras_logs/20260919_060946/executors/000030/performance.json	0fad10bf54ff122f18c1a9f6dead759e0469bcc87015307de95070647bc42275
hpcasia_final/arxiv_20260919T033125.784128Z/seed_43/learning_r1	records/model_dirs/hpcasia_final/arxiv_20260919T033125.784128Z/seed_43/learning_r1/model/cerebras_logs/20260919_060946/executors/000030/track.json	236040d166943f5e53ca6cb16d5c4a8b1f0e8a81f6966bfecd383f09c0346c83
hpcasia_final/arxiv_20260919T033125.784128Z/seed_43/learning_r1	records/model_dirs/hpcasia_final/arxiv_20260919T033125.784128Z/seed_43/learning_r1/model/cerebras_logs/20260919_060946/executors/000031/performance.json	62d2073c2103a6dbe1e6cbe2649a1cdc7c890dd75d47c13c88e6641d01c68c6f
hpcasia_final/arxiv_20260919T033125.784128Z/seed_43/learning_r1	records/model_dirs/hpcasia_final/arxiv_20260919T033125.784128Z/seed_43/learning_r1/model/cerebras_logs/20260919_060946/executors/000031/track.json	e632eeda040fdd2292f26778be3bb610808b5be8a75adf57f3ad7bed22f0a00d
hpcasia_final/arxiv_20260919T033125.784128Z/seed_43/learning_r1	records/model_dirs/hpcasia_final/arxiv_20260919T033125.784128Z/seed_43/learning_r1/model/cerebras_logs/20260919_060946/executors/000032/performance.json	9f7fbbbe2356f67157e1e0282e0329dd46ad8938ee012bbc88f47435fcbdc1f8
hpcasia_final/arxiv_20260919T033125.784128Z/seed_43/learning_r1	records/model_dirs/hpcasia_final/arxiv_20260919T033125.784128Z/seed_43/learning_r1/model/cerebras_logs/20260919_060946/executors/000032/track.json	5053a9b4be4ff81cfb7e29909e1333e42343318c90e10d3624305cace93a5c47
hpcasia_final/arxiv_20260919T033125.784128Z/seed_43/learning_r1	records/model_dirs/hpcasia_final/arxiv_20260919T033125.784128Z/seed_43/learning_r1/model/cerebras_logs/20260919_060946/executors/000033/performance.json	79d62cb086e3bf2c39dafe19c144258ab1b0586e1a912b9e2e166173c9a5cd18
hpcasia_final/arxiv_20260919T033125.784128Z/seed_43/learning_r1	records/model_dirs/hpcasia_final/arxiv_20260919T033125.784128Z/seed_43/learning_r1/model/cerebras_logs/20260919_060946/executors/000033/track.json	67a7120833ba999feb6b96adfac76f8bdfaeddf0ae71738fa640127ed3a1a2d7
hpcasia_final/arxiv_20260919T033125.784128Z/seed_43/learning_r1	records/model_dirs/hpcasia_final/arxiv_20260919T033125.784128Z/seed_43/learning_r1/model/cerebras_logs/20260919_060946/executors/000034/performance.json	e38259344fdeaa6fd668d49935649a12b2866e56fe6cc18a614a2413d8712e71
hpcasia_final/arxiv_20260919T033125.784128Z/seed_43/learning_r1	records/model_dirs/hpcasia_final/arxiv_20260919T033125.784128Z/seed_43/learning_r1/model/cerebras_logs/20260919_060946/executors/000034/track.json	84022733b91b94d041b457dbd4df57b1689d626cbcd164cff63163e168671f65
hpcasia_final/arxiv_20260919T033125.784128Z/seed_43/learning_r1	records/model_dirs/hpcasia_final/arxiv_20260919T033125.784128Z/seed_43/learning_r1/model/cerebras_logs/20260919_060946/executors/000035/performance.json	629426cea95e242902fb59e687a99524b611502fa4ff478c4a931341344272a2
hpcasia_final/arxiv_20260919T033125.784128Z/seed_43/learning_r1	records/model_dirs/hpcasia_final/arxiv_20260919T033125.784128Z/seed_43/learning_r1/model/cerebras_logs/20260919_060946/executors/000035/track.json	22fb393a535de572be7a44584d226fef0bf8ba5084781c5db6a30d5c956e46cb
hpcasia_final/arxiv_20260919T033125.784128Z/seed_43/learning_r1	records/model_dirs/hpcasia_final/arxiv_20260919T033125.784128Z/seed_43/learning_r1/model/cerebras_logs/20260919_060946/executors/000036/performance.json	3e3647336ae11caf30c1e0bd6b6fd2c105a7f79c4937aa4098c20820d17eb4c9
hpcasia_final/arxiv_20260919T033125.784128Z/seed_43/learning_r1	records/model_dirs/hpcasia_final/arxiv_20260919T033125.784128Z/seed_43/learning_r1/model/cerebras_logs/20260919_060946/executors/000036/track.json	9147e89c753aa13b9d1fb1cef57ae9ba0e459512ec115b050dc393046918fcae
hpcasia_final/arxiv_20260919T033125.784128Z/seed_43/learning_r1	records/model_dirs/hpcasia_final/arxiv_20260919T033125.784128Z/seed_43/learning_r1/model/cerebras_logs/20260919_060946/executors/000037/performance.json	c8c8bd83398ab23c1bbf36e711ed2280975551490faf46aec6575300454a202b
hpcasia_final/arxiv_20260919T033125.784128Z/seed_43/learning_r1	records/model_dirs/hpcasia_final/arxiv_20260919T033125.784128Z/seed_43/learning_r1/model/cerebras_logs/20260919_060946/executors/000037/track.json	6524bebe6e63a12070e9d1004c6cc0d7499486ef6c46f577ea2d8594e55d77ab
hpcasia_final/arxiv_20260919T033125.784128Z/seed_43/learning_r1	records/model_dirs/hpcasia_final/arxiv_20260919T033125.784128Z/seed_43/learning_r1/model/cerebras_logs/20260919_060946/executors/000038/performance.json	4f94500dd595f42da17b18b87e9406ededf456237529b7ae9bb0e6e2b62863c2
hpcasia_final/arxiv_20260919T033125.784128Z/seed_43/learning_r1	records/model_dirs/hpcasia_final/arxiv_20260919T033125.784128Z/seed_43/learning_r1/model/cerebras_logs/20260919_060946/executors/000038/track.json	669eab8b9b2e3e675a87a2c4e87bc05f67d96d25b0247375d1e27330b8a19aff
hpcasia_final/arxiv_20260919T033125.784128Z/seed_43/learning_r1	records/model_dirs/hpcasia_final/arxiv_20260919T033125.784128Z/seed_43/learning_r1/model/cerebras_logs/20260919_060946/executors/000039/performance.json	493d2b36ed37d83be3387f74551f2a4afa341330b9c74245ca67bf4463e6c6dd
hpcasia_final/arxiv_20260919T033125.784128Z/seed_43/learning_r1	records/model_dirs/hpcasia_final/arxiv_20260919T033125.784128Z/seed_43/learning_r1/model/cerebras_logs/20260919_060946/executors/000039/track.json	e4ca1dfc27571c6d71b47db7348e88313c12c585c80a25f4acc46fa6fa83f1c1
hpcasia_final/arxiv_20260919T033125.784128Z/seed_43/learning_r1	records/model_dirs/hpcasia_final/arxiv_20260919T033125.784128Z/seed_43/learning_r1/model/cerebras_logs/20260919_060946/executors/000040/performance.json	8c4964430445a04228134cd4ab76e6369592402a5173a5f369c82118e1f69208
hpcasia_final/arxiv_20260919T033125.784128Z/seed_43/learning_r1	records/model_dirs/hpcasia_final/arxiv_20260919T033125.784128Z/seed_43/learning_r1/model/cerebras_logs/20260919_060946/executors/000040/track.json	a524e9fa97c350a110d31d7e1bfba8a7b776c3154dfd046ca562b44302466ba4
hpcasia_final/arxiv_20260919T033125.784128Z/seed_43/learning_r1	records/model_dirs/hpcasia_final/arxiv_20260919T033125.784128Z/seed_43/learning_r1/model/cerebras_logs/20260919_060946/executors/000041/performance.json	4df9bb0eeec91cebcda68398fa281b4b40a827193114866bd648963de5479f6c
hpcasia_final/arxiv_20260919T033125.784128Z/seed_43/learning_r1	records/model_dirs/hpcasia_final/arxiv_20260919T033125.784128Z/seed_43/learning_r1/model/cerebras_logs/20260919_060946/executors/000041/track.json	7d5f90c0a6962cb2d12a3afa43e29b536695e77fab1ad178c54b44172d8a7236
hpcasia_final/arxiv_20260919T033125.784128Z/seed_43/learning_r1	records/model_dirs/hpcasia_final/arxiv_20260919T033125.784128Z/seed_43/learning_r1/model/cerebras_logs/20260919_060946/executors/000042/performance.json	62a8af2b260347e66d1f023e6fbf3d5b68c499cfe919782e1f7e002bbea24815
hpcasia_final/arxiv_20260919T033125.784128Z/seed_43/learning_r1	records/model_dirs/hpcasia_final/arxiv_20260919T033125.784128Z/seed_43/learning_r1/model/cerebras_logs/20260919_060946/executors/000042/track.json	6bc105bdbbec9ff21352c0e7f560d10c15c21090080227e60a0950d4fa560399
hpcasia_final/arxiv_20260919T033125.784128Z/seed_43/learning_r1	records/model_dirs/hpcasia_final/arxiv_20260919T033125.784128Z/seed_43/learning_r1/model/cerebras_logs/20260919_060946/executors/000043/performance.json	16bea55649a1ae87bf770e1d9771039912427e426c0800509e2b3f08bbe38fc4
hpcasia_final/arxiv_20260919T033125.784128Z/seed_43/learning_r1	records/model_dirs/hpcasia_final/arxiv_20260919T033125.784128Z/seed_43/learning_r1/model/cerebras_logs/20260919_060946/executors/000043/track.json	36a643a6e914260c355f4a327ef68a9ae773eb726638a3c2f32388ae447bc329
hpcasia_final/arxiv_20260919T033125.784128Z/seed_43/learning_r1	records/model_dirs/hpcasia_final/arxiv_20260919T033125.784128Z/seed_43/learning_r1/model/cerebras_logs/20260919_060946/executors/000044/performance.json	8108cd07f7d67e5333b0efd3fe4fee5dd73091e09a4fcaca5a097d79a0aee8b1
hpcasia_final/arxiv_20260919T033125.784128Z/seed_43/learning_r1	records/model_dirs/hpcasia_final/arxiv_20260919T033125.784128Z/seed_43/learning_r1/model/cerebras_logs/20260919_060946/executors/000044/track.json	b39e50e242f25803848b6a3bb28776cb3c849eadee13973e3c85fe8708cb4adc
hpcasia_final/arxiv_20260919T033125.784128Z/seed_43/learning_r1	records/model_dirs/hpcasia_final/arxiv_20260919T033125.784128Z/seed_43/learning_r1/model/cerebras_logs/20260919_060946/executors/000045/performance.json	3a259652061f6ee2d03bfc01b35d7e667ffd249ce410a9d653bdc4ffaca11df5
hpcasia_final/arxiv_20260919T033125.784128Z/seed_43/learning_r1	records/model_dirs/hpcasia_final/arxiv_20260919T033125.784128Z/seed_43/learning_r1/model/cerebras_logs/20260919_060946/executors/000045/track.json	fdea9fdc0d21bcc0e4f323433afb0c8eb77dfabd18e69e1eb93b4ec9ca66d173
hpcasia_final/arxiv_20260919T033125.784128Z/seed_43/learning_r1	records/model_dirs/hpcasia_final/arxiv_20260919T033125.784128Z/seed_43/learning_r1/model/cerebras_logs/20260919_060946/executors/000046/performance.json	72980314af7d7052000eae16cae2530da5147a0a730b9cb1bf8b8681bdee39ab
hpcasia_final/arxiv_20260919T033125.784128Z/seed_43/learning_r1	records/model_dirs/hpcasia_final/arxiv_20260919T033125.784128Z/seed_43/learning_r1/model/cerebras_logs/20260919_060946/executors/000046/track.json	897ddbe3575afd32b919ec3ac7d149a5b0a7eba9afc27f0bdc168c5fea2f4d21
hpcasia_final/arxiv_20260919T033125.784128Z/seed_43/learning_r1	records/model_dirs/hpcasia_final/arxiv_20260919T033125.784128Z/seed_43/learning_r1/model/cerebras_logs/20260919_060946/executors/000047/performance.json	8f46218b25bab12f2925d6e872fb2dbbb70a4ad52f2fd876fc99ed510eccb7c0
hpcasia_final/arxiv_20260919T033125.784128Z/seed_43/learning_r1	records/model_dirs/hpcasia_final/arxiv_20260919T033125.784128Z/seed_43/learning_r1/model/cerebras_logs/20260919_060946/executors/000047/track.json	53f464802e88381057fc88e5aeee41fd2730a0d22e6489d3a444f5b5f4f04fe6
hpcasia_final/arxiv_20260919T033125.784128Z/seed_43/learning_r1	records/model_dirs/hpcasia_final/arxiv_20260919T033125.784128Z/seed_43/learning_r1/model/cerebras_logs/20260919_060946/executors/000048/performance.json	187b953edd2575ef978b82a9e5ea59286001a435c858f94afed0ea7d6283a029
hpcasia_final/arxiv_20260919T033125.784128Z/seed_43/learning_r1	records/model_dirs/hpcasia_final/arxiv_20260919T033125.784128Z/seed_43/learning_r1/model/cerebras_logs/20260919_060946/executors/000048/track.json	12e3870c48f3627d74f3bc6655ff294e191dabb498cd96c303329556b59f1da4
hpcasia_final/arxiv_20260919T033125.784128Z/seed_43/learning_r1	records/model_dirs/hpcasia_final/arxiv_20260919T033125.784128Z/seed_43/learning_r1/model/cerebras_logs/20260919_060946/executors/000049/performance.json	ac1df5d6bc6cc72cabb55cc69eb4e7b2ac67b2738b7a226286f4512f3e50149d
hpcasia_final/arxiv_20260919T033125.784128Z/seed_43/learning_r1	records/model_dirs/hpcasia_final/arxiv_20260919T033125.784128Z/seed_43/learning_r1/model/cerebras_logs/20260919_060946/executors/000049/track.json	ab9c7d4ff4efa6dc67c5709894b0ef85d5e72b86a8931c662f6df56f5856e059
hpcasia_final/arxiv_20260919T033125.784128Z/seed_43/learning_r1	records/model_dirs/hpcasia_final/arxiv_20260919T033125.784128Z/seed_43/learning_r1/model/cerebras_logs/20260919_060946/executors/000050/performance.json	0021f08dd82d8a9426d40350135679a3c998d90f10bc985fa2dbd3748d8b53f1
hpcasia_final/arxiv_20260919T033125.784128Z/seed_43/learning_r1	records/model_dirs/hpcasia_final/arxiv_20260919T033125.784128Z/seed_43/learning_r1/model/cerebras_logs/20260919_060946/executors/000050/track.json	69f525f0ef523e94ea985f81b3ec781860069b6035a78655ead785ccfdcf2885
hpcasia_final/arxiv_20260919T033125.784128Z/seed_43/throughput_r1	records/model_dirs/hpcasia_final/arxiv_20260919T033125.784128Z/seed_43/throughput_r1/model/cerebras_logs/20260919_072125/executors/000001/performance.json	d07ea52026579ca1321b9b8f14484a3c8e11b1ab9021cf89a335332b92783187
hpcasia_final/arxiv_20260919T033125.784128Z/seed_43/throughput_r1	records/model_dirs/hpcasia_final/arxiv_20260919T033125.784128Z/seed_43/throughput_r1/model/cerebras_logs/20260919_072125/executors/000001/track.json	c4ef4bfeb94f696db9c60a0a967bdb75e636054e9fd17ae6551b5eeb367ffb62
hpcasia_final/arxiv_20260919T033125.784128Z/seed_43/throughput_r2	records/model_dirs/hpcasia_final/arxiv_20260919T033125.784128Z/seed_43/throughput_r2/model/cerebras_logs/20260919_074703/executors/000001/performance.json	1108456d54fd757c4d510753dfe9e21b2c64ece48c6f9ca501d958fe3cbd0ea6
hpcasia_final/arxiv_20260919T033125.784128Z/seed_43/throughput_r2	records/model_dirs/hpcasia_final/arxiv_20260919T033125.784128Z/seed_43/throughput_r2/model/cerebras_logs/20260919_074703/executors/000001/track.json	637f7a39a914cded0152afd55cf0a37fbfc3f56596f7cec2684a131f570ddded
hpcasia_final/arxiv_20260919T033125.784128Z/seed_43/throughput_r3	records/model_dirs/hpcasia_final/arxiv_20260919T033125.784128Z/seed_43/throughput_r3/model/cerebras_logs/20260919_081302/executors/000001/performance.json	3544ee0585247f69c8d0d25b6a97d7831d2e500ee7c2a6a47a93fe60dc90b856
hpcasia_final/arxiv_20260919T033125.784128Z/seed_43/throughput_r3	records/model_dirs/hpcasia_final/arxiv_20260919T033125.784128Z/seed_43/throughput_r3/model/cerebras_logs/20260919_081302/executors/000001/track.json	63bd92a186e0faff5f6ca16a7d41bf26fe26091ece6989f7a9d25054248e73b9
hpcasia_final/arxiv_20260919T033125.784128Z/seed_44/cache_r1	records/model_dirs/hpcasia_final/arxiv_20260919T033125.784128Z/seed_44/cache_r1/model/cerebras_logs/20260919_123015/executors/000001/performance.json	35b652017fe3645d6c49f84860de71c2433dce5231c62f92f3d924dc69e35a8e
hpcasia_final/arxiv_20260919T033125.784128Z/seed_44/cache_r1	records/model_dirs/hpcasia_final/arxiv_20260919T033125.784128Z/seed_44/cache_r1/model/cerebras_logs/20260919_123015/executors/000001/track.json	9600ddc07f39bd7e87e810373caa4d360834e3d23e459d0decfbbfcd3a885976
hpcasia_final/arxiv_20260919T033125.784128Z/seed_44/learning_r1	records/model_dirs/hpcasia_final/arxiv_20260919T033125.784128Z/seed_44/learning_r1/model/cerebras_logs/20260919_090649/executors/000001/performance.json	1e821967530194f678f81bdbcaf0ff7be1d54e44b4f85f6c7c735f197b62b90f
hpcasia_final/arxiv_20260919T033125.784128Z/seed_44/learning_r1	records/model_dirs/hpcasia_final/arxiv_20260919T033125.784128Z/seed_44/learning_r1/model/cerebras_logs/20260919_090649/executors/000001/track.json	63f7f5e00ecb14c95370288a1eff70307c3d444fc595c3b23a396281df618bc0
hpcasia_final/arxiv_20260919T033125.784128Z/seed_44/learning_r1	records/model_dirs/hpcasia_final/arxiv_20260919T033125.784128Z/seed_44/learning_r1/model/cerebras_logs/20260919_090649/executors/000002/performance.json	0152111938f247c77b6b78f22578ee892275a48465ae7f28be7dfdbb16c01813
hpcasia_final/arxiv_20260919T033125.784128Z/seed_44/learning_r1	records/model_dirs/hpcasia_final/arxiv_20260919T033125.784128Z/seed_44/learning_r1/model/cerebras_logs/20260919_090649/executors/000002/track.json	c00a7b836ceee5bc7668767679259213b5b855a7843cde53d6b818d4296d08cc
hpcasia_final/arxiv_20260919T033125.784128Z/seed_44/learning_r1	records/model_dirs/hpcasia_final/arxiv_20260919T033125.784128Z/seed_44/learning_r1/model/cerebras_logs/20260919_090649/executors/000003/performance.json	f2c23f5c776f2c847603076365d573463015e411038966583791a33bb77133d7
hpcasia_final/arxiv_20260919T033125.784128Z/seed_44/learning_r1	records/model_dirs/hpcasia_final/arxiv_20260919T033125.784128Z/seed_44/learning_r1/model/cerebras_logs/20260919_090649/executors/000003/track.json	663166109ed5f7d67dee0def07c7cf440f30f1030b637c5f860d8ab8f7141452
hpcasia_final/arxiv_20260919T033125.784128Z/seed_44/learning_r1	records/model_dirs/hpcasia_final/arxiv_20260919T033125.784128Z/seed_44/learning_r1/model/cerebras_logs/20260919_090649/executors/000004/performance.json	fd67d6d7413c1d7c01cf2868a803abe90c8007cb0e09d86bbb08044e42a2e82d
hpcasia_final/arxiv_20260919T033125.784128Z/seed_44/learning_r1	records/model_dirs/hpcasia_final/arxiv_20260919T033125.784128Z/seed_44/learning_r1/model/cerebras_logs/20260919_090649/executors/000004/track.json	a68693c7c4dfc2f3ba86563b88a89c6fb7345ed0361ee9c50bdb62bca6805053
hpcasia_final/arxiv_20260919T033125.784128Z/seed_44/learning_r1	records/model_dirs/hpcasia_final/arxiv_20260919T033125.784128Z/seed_44/learning_r1/model/cerebras_logs/20260919_090649/executors/000005/performance.json	ec12ade2cbdbdb16b8d996101c3fbfb2bc5ef674e034208205fb233708822e73
hpcasia_final/arxiv_20260919T033125.784128Z/seed_44/learning_r1	records/model_dirs/hpcasia_final/arxiv_20260919T033125.784128Z/seed_44/learning_r1/model/cerebras_logs/20260919_090649/executors/000005/track.json	b25e45286b4df5e4c22327fc91645c5b8e15c60acc904d858af2d316937111b9
hpcasia_final/arxiv_20260919T033125.784128Z/seed_44/learning_r1	records/model_dirs/hpcasia_final/arxiv_20260919T033125.784128Z/seed_44/learning_r1/model/cerebras_logs/20260919_090649/executors/000006/performance.json	058388181a694c44381ae8e04fbf126d175d2403023bd2efefe9d8a4e3000dec
hpcasia_final/arxiv_20260919T033125.784128Z/seed_44/learning_r1	records/model_dirs/hpcasia_final/arxiv_20260919T033125.784128Z/seed_44/learning_r1/model/cerebras_logs/20260919_090649/executors/000006/track.json	81934174c9df646fc50c65c64996b6cf1381a574c90807b512d3d2af03f2871e
hpcasia_final/arxiv_20260919T033125.784128Z/seed_44/learning_r1	records/model_dirs/hpcasia_final/arxiv_20260919T033125.784128Z/seed_44/learning_r1/model/cerebras_logs/20260919_090649/executors/000007/performance.json	e9d8b530f0119bafecc46f185265423eafc18fa98c604f3480e692007e4c6181
hpcasia_final/arxiv_20260919T033125.784128Z/seed_44/learning_r1	records/model_dirs/hpcasia_final/arxiv_20260919T033125.784128Z/seed_44/learning_r1/model/cerebras_logs/20260919_090649/executors/000007/track.json	f3b594f5e55ca694955bfe41ad056ff0b1e648aaa615ec0287390cc6b9e1dc7b
hpcasia_final/arxiv_20260919T033125.784128Z/seed_44/learning_r1	records/model_dirs/hpcasia_final/arxiv_20260919T033125.784128Z/seed_44/learning_r1/model/cerebras_logs/20260919_090649/executors/000008/performance.json	cdeafa0607a19e654be9ae3a1d3c46a081d0ddf7849717a0435b5d87ffa5795f
hpcasia_final/arxiv_20260919T033125.784128Z/seed_44/learning_r1	records/model_dirs/hpcasia_final/arxiv_20260919T033125.784128Z/seed_44/learning_r1/model/cerebras_logs/20260919_090649/executors/000008/track.json	0a265fd1a61b4e06d835e7732e133e270bae1bfafc95ad41f840fb24b82d3335
hpcasia_final/arxiv_20260919T033125.784128Z/seed_44/learning_r1	records/model_dirs/hpcasia_final/arxiv_20260919T033125.784128Z/seed_44/learning_r1/model/cerebras_logs/20260919_090649/executors/000009/performance.json	f698af6d7570b319f93aef8ea86fdfb072eb10c0511b5b24f85c474bacab475e
hpcasia_final/arxiv_20260919T033125.784128Z/seed_44/learning_r1	records/model_dirs/hpcasia_final/arxiv_20260919T033125.784128Z/seed_44/learning_r1/model/cerebras_logs/20260919_090649/executors/000009/track.json	05b7e3b74f3da88815413a1cb60e8854a24e11a6892a542ac7c79d7957be5750
hpcasia_final/arxiv_20260919T033125.784128Z/seed_44/learning_r1	records/model_dirs/hpcasia_final/arxiv_20260919T033125.784128Z/seed_44/learning_r1/model/cerebras_logs/20260919_090649/executors/000010/performance.json	e6e693e46c2483f8642b9aa063254bd9f235a5981427809d512236cf147deb62
hpcasia_final/arxiv_20260919T033125.784128Z/seed_44/learning_r1	records/model_dirs/hpcasia_final/arxiv_20260919T033125.784128Z/seed_44/learning_r1/model/cerebras_logs/20260919_090649/executors/000010/track.json	8f80396e8bc0f3b980faf827f41e165a477a23e09b08c58d7e28851fc3aead37
hpcasia_final/arxiv_20260919T033125.784128Z/seed_44/learning_r1	records/model_dirs/hpcasia_final/arxiv_20260919T033125.784128Z/seed_44/learning_r1/model/cerebras_logs/20260919_090649/executors/000011/performance.json	e18eacb084655325bba6551e2439697a905aecfd893d598c23989d107255ebc6
hpcasia_final/arxiv_20260919T033125.784128Z/seed_44/learning_r1	records/model_dirs/hpcasia_final/arxiv_20260919T033125.784128Z/seed_44/learning_r1/model/cerebras_logs/20260919_090649/executors/000011/track.json	cc709bb365c35f2358a3196dd09ccebabfc3b5dbc8f4b231576e9a79c9dcf80e
hpcasia_final/arxiv_20260919T033125.784128Z/seed_44/learning_r1	records/model_dirs/hpcasia_final/arxiv_20260919T033125.784128Z/seed_44/learning_r1/model/cerebras_logs/20260919_090649/executors/000012/performance.json	ce32f92d33822d12ff62cb46c1ef58a0489167654cae96c2503a328d39d7e019
hpcasia_final/arxiv_20260919T033125.784128Z/seed_44/learning_r1	records/model_dirs/hpcasia_final/arxiv_20260919T033125.784128Z/seed_44/learning_r1/model/cerebras_logs/20260919_090649/executors/000012/track.json	c674793cb8afa37e6084e02d69376ad1befa3e8efddd460803d47115ab5a67f7
hpcasia_final/arxiv_20260919T033125.784128Z/seed_44/learning_r1	records/model_dirs/hpcasia_final/arxiv_20260919T033125.784128Z/seed_44/learning_r1/model/cerebras_logs/20260919_090649/executors/000013/performance.json	d34d10af882a13efc90dec3c8be5132adbcf682866956bcc38700c2804f70184
hpcasia_final/arxiv_20260919T033125.784128Z/seed_44/learning_r1	records/model_dirs/hpcasia_final/arxiv_20260919T033125.784128Z/seed_44/learning_r1/model/cerebras_logs/20260919_090649/executors/000013/track.json	c9446a4e7d789779f5e8e757dddf72aaea700529c125b74b435d8151deee9bd0
hpcasia_final/arxiv_20260919T033125.784128Z/seed_44/learning_r1	records/model_dirs/hpcasia_final/arxiv_20260919T033125.784128Z/seed_44/learning_r1/model/cerebras_logs/20260919_090649/executors/000014/performance.json	13d4011e71f2e87fcf13cf24acc6e60334708221514658315571ca1f99acf7a8
hpcasia_final/arxiv_20260919T033125.784128Z/seed_44/learning_r1	records/model_dirs/hpcasia_final/arxiv_20260919T033125.784128Z/seed_44/learning_r1/model/cerebras_logs/20260919_090649/executors/000014/track.json	189d7507fb70d2ab7378dad4d0140718ab7963f236416a20875d83c205660f4e
hpcasia_final/arxiv_20260919T033125.784128Z/seed_44/learning_r1	records/model_dirs/hpcasia_final/arxiv_20260919T033125.784128Z/seed_44/learning_r1/model/cerebras_logs/20260919_090649/executors/000015/performance.json	24915f3faf288d0a7fa8d86d9188d717716e068bae7e164b604ddd816f0446db
hpcasia_final/arxiv_20260919T033125.784128Z/seed_44/learning_r1	records/model_dirs/hpcasia_final/arxiv_20260919T033125.784128Z/seed_44/learning_r1/model/cerebras_logs/20260919_090649/executors/000015/track.json	feac5b84b9a66cd35fe95256956560d3f4eb6c8425cc004520d2f708108f4b9e
hpcasia_final/arxiv_20260919T033125.784128Z/seed_44/learning_r1	records/model_dirs/hpcasia_final/arxiv_20260919T033125.784128Z/seed_44/learning_r1/model/cerebras_logs/20260919_090649/executors/000016/performance.json	02befbef176e9b659c87364ee5c87dc21adf83862effb26a376918a7a354376a
hpcasia_final/arxiv_20260919T033125.784128Z/seed_44/learning_r1	records/model_dirs/hpcasia_final/arxiv_20260919T033125.784128Z/seed_44/learning_r1/model/cerebras_logs/20260919_090649/executors/000016/track.json	8cd1c5a6af74a4104da736d3f54834db5b1bbc64b7414ebd0e572440ea52ce3b
hpcasia_final/arxiv_20260919T033125.784128Z/seed_44/learning_r1	records/model_dirs/hpcasia_final/arxiv_20260919T033125.784128Z/seed_44/learning_r1/model/cerebras_logs/20260919_090649/executors/000017/performance.json	1ab0b649c884dfb3f458e21d0c3a6c00170a504307b944c74ecc4fad0af12f5a
hpcasia_final/arxiv_20260919T033125.784128Z/seed_44/learning_r1	records/model_dirs/hpcasia_final/arxiv_20260919T033125.784128Z/seed_44/learning_r1/model/cerebras_logs/20260919_090649/executors/000017/track.json	0d0a139ca93353c32e17d472f1163b901f84f74c2d035e63069f1921d7b65405
hpcasia_final/arxiv_20260919T033125.784128Z/seed_44/learning_r1	records/model_dirs/hpcasia_final/arxiv_20260919T033125.784128Z/seed_44/learning_r1/model/cerebras_logs/20260919_090649/executors/000018/performance.json	90165705ed4ed28a4ddbbb27044569e49c8e7b24ba713bff3f8afe56b14c59f7
hpcasia_final/arxiv_20260919T033125.784128Z/seed_44/learning_r1	records/model_dirs/hpcasia_final/arxiv_20260919T033125.784128Z/seed_44/learning_r1/model/cerebras_logs/20260919_090649/executors/000018/track.json	05ba1d219bafb171bb183b20ed25a6b9949afa8294fdc66b060fa9b235317fea
hpcasia_final/arxiv_20260919T033125.784128Z/seed_44/learning_r1	records/model_dirs/hpcasia_final/arxiv_20260919T033125.784128Z/seed_44/learning_r1/model/cerebras_logs/20260919_090649/executors/000019/performance.json	b95c0eb1c933ac76a6f2ee73cdba6cb396e5fc2ff6cc4dc9d4fc5ef7a2b43629
hpcasia_final/arxiv_20260919T033125.784128Z/seed_44/learning_r1	records/model_dirs/hpcasia_final/arxiv_20260919T033125.784128Z/seed_44/learning_r1/model/cerebras_logs/20260919_090649/executors/000019/track.json	9b6c1564e4ac43167f17659090dd51521f18db7d09c984495214a54f65db182b
hpcasia_final/arxiv_20260919T033125.784128Z/seed_44/learning_r1	records/model_dirs/hpcasia_final/arxiv_20260919T033125.784128Z/seed_44/learning_r1/model/cerebras_logs/20260919_090649/executors/000020/performance.json	529d609e038c85c69bfa8cdfd876e06bfd090f3a29d21ce08221964fa697fd80
hpcasia_final/arxiv_20260919T033125.784128Z/seed_44/learning_r1	records/model_dirs/hpcasia_final/arxiv_20260919T033125.784128Z/seed_44/learning_r1/model/cerebras_logs/20260919_090649/executors/000020/track.json	fc36266f88490cabada4f17af1bf981690628a0b3dcd0a18037c5d02cab7b9dd
hpcasia_final/arxiv_20260919T033125.784128Z/seed_44/learning_r1	records/model_dirs/hpcasia_final/arxiv_20260919T033125.784128Z/seed_44/learning_r1/model/cerebras_logs/20260919_090649/executors/000021/performance.json	d84b7882f6517749d10f0b9ff63e74a4cd86671c849f6a8e81a55dadb21bec70
hpcasia_final/arxiv_20260919T033125.784128Z/seed_44/learning_r1	records/model_dirs/hpcasia_final/arxiv_20260919T033125.784128Z/seed_44/learning_r1/model/cerebras_logs/20260919_090649/executors/000021/track.json	212ff6337f80d3936e09baa8dd5b983a543072ba1d43f9898a3ac6860f1c6937
hpcasia_final/arxiv_20260919T033125.784128Z/seed_44/learning_r1	records/model_dirs/hpcasia_final/arxiv_20260919T033125.784128Z/seed_44/learning_r1/model/cerebras_logs/20260919_090649/executors/000022/performance.json	a45e73a0519546cb55b75ddd30637ca268fb755b93975a771bf27fbd3af2a73a
hpcasia_final/arxiv_20260919T033125.784128Z/seed_44/learning_r1	records/model_dirs/hpcasia_final/arxiv_20260919T033125.784128Z/seed_44/learning_r1/model/cerebras_logs/20260919_090649/executors/000022/track.json	e7cc003f6b25475e6cb62473d987120e02e8d01e9197f6144a2bf5cd0c153e7d
hpcasia_final/arxiv_20260919T033125.784128Z/seed_44/learning_r1	records/model_dirs/hpcasia_final/arxiv_20260919T033125.784128Z/seed_44/learning_r1/model/cerebras_logs/20260919_090649/executors/000023/performance.json	a002dcea1551a93186923556be85fa7676471e4c28a5e76de6ada1d726b8cf5e
hpcasia_final/arxiv_20260919T033125.784128Z/seed_44/learning_r1	records/model_dirs/hpcasia_final/arxiv_20260919T033125.784128Z/seed_44/learning_r1/model/cerebras_logs/20260919_090649/executors/000023/track.json	d135c9f0f36617814d8eb760f72113ecd6763a2e3ed91d1c2b4b1dacfdd6f178
hpcasia_final/arxiv_20260919T033125.784128Z/seed_44/learning_r1	records/model_dirs/hpcasia_final/arxiv_20260919T033125.784128Z/seed_44/learning_r1/model/cerebras_logs/20260919_090649/executors/000024/performance.json	b2047e28949b5c515914a15112d846c7780407f97d4db630e16297a74a5ae873
hpcasia_final/arxiv_20260919T033125.784128Z/seed_44/learning_r1	records/model_dirs/hpcasia_final/arxiv_20260919T033125.784128Z/seed_44/learning_r1/model/cerebras_logs/20260919_090649/executors/000024/track.json	120c3ee4cbabfb548d5e7ad09c50153df1bb2246da54263b3f2846a000bb22d2
hpcasia_final/arxiv_20260919T033125.784128Z/seed_44/learning_r1	records/model_dirs/hpcasia_final/arxiv_20260919T033125.784128Z/seed_44/learning_r1/model/cerebras_logs/20260919_090649/executors/000025/performance.json	58e1a47b817a11860ec1d0a7a2c633ea28cadd26d30de3c6af03331cfb05c5b0
hpcasia_final/arxiv_20260919T033125.784128Z/seed_44/learning_r1	records/model_dirs/hpcasia_final/arxiv_20260919T033125.784128Z/seed_44/learning_r1/model/cerebras_logs/20260919_090649/executors/000025/track.json	41caee04237f9fda8188a83c025699294fa12ec32b3f8e0c49ad6bfcfd8c0780
hpcasia_final/arxiv_20260919T033125.784128Z/seed_44/learning_r1	records/model_dirs/hpcasia_final/arxiv_20260919T033125.784128Z/seed_44/learning_r1/model/cerebras_logs/20260919_090649/executors/000026/performance.json	6bc5aa36ca1dfe29e827f35db0fe2f531874f107f4b29eaa1d8886c93a626375
hpcasia_final/arxiv_20260919T033125.784128Z/seed_44/learning_r1	records/model_dirs/hpcasia_final/arxiv_20260919T033125.784128Z/seed_44/learning_r1/model/cerebras_logs/20260919_090649/executors/000026/track.json	0fb4d9924b524eea2fb064afd02ffc032f1d8c986bea96b524564d5e4eeade73
hpcasia_final/arxiv_20260919T033125.784128Z/seed_44/learning_r1	records/model_dirs/hpcasia_final/arxiv_20260919T033125.784128Z/seed_44/learning_r1/model/cerebras_logs/20260919_090649/executors/000027/performance.json	b1f46b6d28dba55a2ffd5e4079344ca1188c90a916d91f876cd8d8c772737a0f
hpcasia_final/arxiv_20260919T033125.784128Z/seed_44/learning_r1	records/model_dirs/hpcasia_final/arxiv_20260919T033125.784128Z/seed_44/learning_r1/model/cerebras_logs/20260919_090649/executors/000027/track.json	b22219d6811abf032e0a9b52130ac250e94a64297b9b17947fa64bb229fe4b1e
hpcasia_final/arxiv_20260919T033125.784128Z/seed_44/learning_r1	records/model_dirs/hpcasia_final/arxiv_20260919T033125.784128Z/seed_44/learning_r1/model/cerebras_logs/20260919_090649/executors/000028/performance.json	6e2601e5d7a9a27a0e6ec18046241a31e516cd27fbb6d6eeb996801855c4adee
hpcasia_final/arxiv_20260919T033125.784128Z/seed_44/learning_r1	records/model_dirs/hpcasia_final/arxiv_20260919T033125.784128Z/seed_44/learning_r1/model/cerebras_logs/20260919_090649/executors/000028/track.json	cff7584814ae1c8b8e6cdf47aebb61943ddfd8956eb9b1ad872b6b20d0e5be99
hpcasia_final/arxiv_20260919T033125.784128Z/seed_44/learning_r1	records/model_dirs/hpcasia_final/arxiv_20260919T033125.784128Z/seed_44/learning_r1/model/cerebras_logs/20260919_090649/executors/000029/performance.json	b1867be69bf9a1728f19f36b7c5fa3cfaaa01119ca3e4ebbc89f36be1591fdb7
hpcasia_final/arxiv_20260919T033125.784128Z/seed_44/learning_r1	records/model_dirs/hpcasia_final/arxiv_20260919T033125.784128Z/seed_44/learning_r1/model/cerebras_logs/20260919_090649/executors/000029/track.json	0f19aa49244d81a21fb498a4ae645f94eea6ff61eda677319cfab8bdf030aa96
hpcasia_final/arxiv_20260919T033125.784128Z/seed_44/learning_r1	records/model_dirs/hpcasia_final/arxiv_20260919T033125.784128Z/seed_44/learning_r1/model/cerebras_logs/20260919_090649/executors/000030/performance.json	e9408e3f99d32043d9a09ba92314d95ed15c04e7def274a11d98158e44a94a51
hpcasia_final/arxiv_20260919T033125.784128Z/seed_44/learning_r1	records/model_dirs/hpcasia_final/arxiv_20260919T033125.784128Z/seed_44/learning_r1/model/cerebras_logs/20260919_090649/executors/000030/track.json	8c8dc63c740f246ef9d4262646ba87c61544e93528c3097a9a12c2f46f518f5c
hpcasia_final/arxiv_20260919T033125.784128Z/seed_44/learning_r1	records/model_dirs/hpcasia_final/arxiv_20260919T033125.784128Z/seed_44/learning_r1/model/cerebras_logs/20260919_090649/executors/000031/performance.json	a996eff3d1dc22086a6978baa15401c8b72a1a3765c9b04129eabdf1a3252271
hpcasia_final/arxiv_20260919T033125.784128Z/seed_44/learning_r1	records/model_dirs/hpcasia_final/arxiv_20260919T033125.784128Z/seed_44/learning_r1/model/cerebras_logs/20260919_090649/executors/000031/track.json	c5bef61f0e2637607be0d744be67c0c9c0b6a63fd38c79da136a606557b29e81
hpcasia_final/arxiv_20260919T033125.784128Z/seed_44/learning_r1	records/model_dirs/hpcasia_final/arxiv_20260919T033125.784128Z/seed_44/learning_r1/model/cerebras_logs/20260919_090649/executors/000032/performance.json	a0a3f6c9478d2bc2492ef622c940602af0dddf0c51e1792f4e33d30c2c6217a9
hpcasia_final/arxiv_20260919T033125.784128Z/seed_44/learning_r1	records/model_dirs/hpcasia_final/arxiv_20260919T033125.784128Z/seed_44/learning_r1/model/cerebras_logs/20260919_090649/executors/000032/track.json	2d160114c4cd718756a6ef662c934c942196bab0dfb8deb80a38aff77580f6a2
hpcasia_final/arxiv_20260919T033125.784128Z/seed_44/learning_r1	records/model_dirs/hpcasia_final/arxiv_20260919T033125.784128Z/seed_44/learning_r1/model/cerebras_logs/20260919_090649/executors/000033/performance.json	594865052ac45000493b121c3422d9a616f37c2a9607f4218ba2ee3fa524642e
hpcasia_final/arxiv_20260919T033125.784128Z/seed_44/learning_r1	records/model_dirs/hpcasia_final/arxiv_20260919T033125.784128Z/seed_44/learning_r1/model/cerebras_logs/20260919_090649/executors/000033/track.json	986723a7035cbc16dd859f7a0662e6927c12babdcf6b1667b563c18584a4e695
hpcasia_final/arxiv_20260919T033125.784128Z/seed_44/learning_r1	records/model_dirs/hpcasia_final/arxiv_20260919T033125.784128Z/seed_44/learning_r1/model/cerebras_logs/20260919_090649/executors/000034/performance.json	d258a7e5ba5a0d81d30117a71fdac8052bcaec22c1df752742d4525bf072ada2
hpcasia_final/arxiv_20260919T033125.784128Z/seed_44/learning_r1	records/model_dirs/hpcasia_final/arxiv_20260919T033125.784128Z/seed_44/learning_r1/model/cerebras_logs/20260919_090649/executors/000034/track.json	c7ea4186a47611f766908c7a956f142649af640cdb54b4629df85cfbcf648328
hpcasia_final/arxiv_20260919T033125.784128Z/seed_44/learning_r1	records/model_dirs/hpcasia_final/arxiv_20260919T033125.784128Z/seed_44/learning_r1/model/cerebras_logs/20260919_090649/executors/000035/performance.json	bc6d1029882871fc44930e7b68c20428c954c606e919dd2573a9ac3c970a23b1
hpcasia_final/arxiv_20260919T033125.784128Z/seed_44/learning_r1	records/model_dirs/hpcasia_final/arxiv_20260919T033125.784128Z/seed_44/learning_r1/model/cerebras_logs/20260919_090649/executors/000035/track.json	acaed9d7f4513d632864bf38f69f2efd098564ecb42b45892c7c09cfb0e5f8d4
hpcasia_final/arxiv_20260919T033125.784128Z/seed_44/learning_r1	records/model_dirs/hpcasia_final/arxiv_20260919T033125.784128Z/seed_44/learning_r1/model/cerebras_logs/20260919_090649/executors/000036/performance.json	0f95da7d38d177b379ef99feb90297972a7125b68e8a2ba15679a3fd6d47d909
hpcasia_final/arxiv_20260919T033125.784128Z/seed_44/learning_r1	records/model_dirs/hpcasia_final/arxiv_20260919T033125.784128Z/seed_44/learning_r1/model/cerebras_logs/20260919_090649/executors/000036/track.json	a2dcd77c71fce699ab61a90ef057c6c9f24b748cd2d8d20046be698ae1025941
hpcasia_final/arxiv_20260919T033125.784128Z/seed_44/learning_r1	records/model_dirs/hpcasia_final/arxiv_20260919T033125.784128Z/seed_44/learning_r1/model/cerebras_logs/20260919_090649/executors/000037/performance.json	62440295d4a24b8420bbc3e0c0707f2b1681a41e8cdb9ad5253944d30b7ae774
hpcasia_final/arxiv_20260919T033125.784128Z/seed_44/learning_r1	records/model_dirs/hpcasia_final/arxiv_20260919T033125.784128Z/seed_44/learning_r1/model/cerebras_logs/20260919_090649/executors/000037/track.json	85bcbfb405ba86483f98cbcc15cda90e2452ed6d5446e4bd9fbba2bc43a53810
hpcasia_final/arxiv_20260919T033125.784128Z/seed_44/learning_r1	records/model_dirs/hpcasia_final/arxiv_20260919T033125.784128Z/seed_44/learning_r1/model/cerebras_logs/20260919_090649/executors/000038/performance.json	1385d7329eaf5061fcec7c5332e974c19d6b71bd454f41517470c12616d9725b
hpcasia_final/arxiv_20260919T033125.784128Z/seed_44/learning_r1	records/model_dirs/hpcasia_final/arxiv_20260919T033125.784128Z/seed_44/learning_r1/model/cerebras_logs/20260919_090649/executors/000038/track.json	b0f6a1336653d9b23195568ddd14586c054849f582146c29d7bdc4acba0246e6
hpcasia_final/arxiv_20260919T033125.784128Z/seed_44/learning_r1	records/model_dirs/hpcasia_final/arxiv_20260919T033125.784128Z/seed_44/learning_r1/model/cerebras_logs/20260919_090649/executors/000039/performance.json	bc31d848195f79b27f462a3861655bb8685a25cbd4d847359ecbc173cb45aa00
hpcasia_final/arxiv_20260919T033125.784128Z/seed_44/learning_r1	records/model_dirs/hpcasia_final/arxiv_20260919T033125.784128Z/seed_44/learning_r1/model/cerebras_logs/20260919_090649/executors/000039/track.json	19c3a85668e4d979ec029bd921288ccbf10280f9dd769cb6e1423469c1648e32
hpcasia_final/arxiv_20260919T033125.784128Z/seed_44/learning_r1	records/model_dirs/hpcasia_final/arxiv_20260919T033125.784128Z/seed_44/learning_r1/model/cerebras_logs/20260919_090649/executors/000040/performance.json	d9d52329829316c02f26b64a4628665b950d7a44fec8d0fa9be3051c9bb0ccd5
hpcasia_final/arxiv_20260919T033125.784128Z/seed_44/learning_r1	records/model_dirs/hpcasia_final/arxiv_20260919T033125.784128Z/seed_44/learning_r1/model/cerebras_logs/20260919_090649/executors/000040/track.json	2a239019881b952767344842f78e9d34b14c1dbaf459b1d6e6984fa3515e7555
hpcasia_final/arxiv_20260919T033125.784128Z/seed_44/learning_r1	records/model_dirs/hpcasia_final/arxiv_20260919T033125.784128Z/seed_44/learning_r1/model/cerebras_logs/20260919_090649/executors/000041/performance.json	0e30a934e39a33d0de9461c81d63bed6389792dfb28d486334c6d5a763986796
hpcasia_final/arxiv_20260919T033125.784128Z/seed_44/learning_r1	records/model_dirs/hpcasia_final/arxiv_20260919T033125.784128Z/seed_44/learning_r1/model/cerebras_logs/20260919_090649/executors/000041/track.json	e8fa3298a9dc331b718600c761cebdf7eb5bf01b99229dd5cf47f6d1023b340d
hpcasia_final/arxiv_20260919T033125.784128Z/seed_44/learning_r1	records/model_dirs/hpcasia_final/arxiv_20260919T033125.784128Z/seed_44/learning_r1/model/cerebras_logs/20260919_090649/executors/000042/performance.json	a6f532346d0cb48ef7101556571af26179c8f74e26dfe6d2c17f9d2847121399
hpcasia_final/arxiv_20260919T033125.784128Z/seed_44/learning_r1	records/model_dirs/hpcasia_final/arxiv_20260919T033125.784128Z/seed_44/learning_r1/model/cerebras_logs/20260919_090649/executors/000042/track.json	0548bd9c29617c54cdbb512cd51554ecf85305d83f1bce315b2ce26cb8133f5f
hpcasia_final/arxiv_20260919T033125.784128Z/seed_44/learning_r1	records/model_dirs/hpcasia_final/arxiv_20260919T033125.784128Z/seed_44/learning_r1/model/cerebras_logs/20260919_090649/executors/000043/performance.json	68d7889a6c7709c74505d4fa9cc1ed9a7f57cc4eab1cc3779903883b057193f2
hpcasia_final/arxiv_20260919T033125.784128Z/seed_44/learning_r1	records/model_dirs/hpcasia_final/arxiv_20260919T033125.784128Z/seed_44/learning_r1/model/cerebras_logs/20260919_090649/executors/000043/track.json	6d777c93e4d94e47cb1de0b87f7911c8275c89ffd5740c01be816692c1663236
hpcasia_final/arxiv_20260919T033125.784128Z/seed_44/learning_r1	records/model_dirs/hpcasia_final/arxiv_20260919T033125.784128Z/seed_44/learning_r1/model/cerebras_logs/20260919_090649/executors/000044/performance.json	8647286a369f9bc63bc9693305322a776e66ebf615db35d0ce2f209f1b0dcfa5
hpcasia_final/arxiv_20260919T033125.784128Z/seed_44/learning_r1	records/model_dirs/hpcasia_final/arxiv_20260919T033125.784128Z/seed_44/learning_r1/model/cerebras_logs/20260919_090649/executors/000044/track.json	8b590876d4ad7f9a60439740fe18e1b5c896139d2484b8d5a3cb91faf2ac1b50
hpcasia_final/arxiv_20260919T033125.784128Z/seed_44/learning_r1	records/model_dirs/hpcasia_final/arxiv_20260919T033125.784128Z/seed_44/learning_r1/model/cerebras_logs/20260919_090649/executors/000045/performance.json	7372962b7269645388309ea7312e5b8ac68752ecd0569d994d329f7c66fe9565
hpcasia_final/arxiv_20260919T033125.784128Z/seed_44/learning_r1	records/model_dirs/hpcasia_final/arxiv_20260919T033125.784128Z/seed_44/learning_r1/model/cerebras_logs/20260919_090649/executors/000045/track.json	2857b12877d51a6e192eaba561549a8e68add638ad14d7895c8de8422ce1fd87
hpcasia_final/arxiv_20260919T033125.784128Z/seed_44/learning_r1	records/model_dirs/hpcasia_final/arxiv_20260919T033125.784128Z/seed_44/learning_r1/model/cerebras_logs/20260919_090649/executors/000046/performance.json	bc84a5d05c6aef511bf71883d4dc8c800e2b41b9dfefb01ea3c9d7f031cb98d0
hpcasia_final/arxiv_20260919T033125.784128Z/seed_44/learning_r1	records/model_dirs/hpcasia_final/arxiv_20260919T033125.784128Z/seed_44/learning_r1/model/cerebras_logs/20260919_090649/executors/000046/track.json	e780d04f959f093c159a655935fa0a42ee24fe531de179904a971543ef4c5c52
hpcasia_final/arxiv_20260919T033125.784128Z/seed_44/learning_r1	records/model_dirs/hpcasia_final/arxiv_20260919T033125.784128Z/seed_44/learning_r1/model/cerebras_logs/20260919_090649/executors/000047/performance.json	e6683f86fde6ae734cebc5ce663dae2d3a230e890a86dced81f22ad06584f78f
hpcasia_final/arxiv_20260919T033125.784128Z/seed_44/learning_r1	records/model_dirs/hpcasia_final/arxiv_20260919T033125.784128Z/seed_44/learning_r1/model/cerebras_logs/20260919_090649/executors/000047/track.json	3730177ede3718a18af9273a9322aa74991e3ddb72b20d323561356c37de61f3
hpcasia_final/arxiv_20260919T033125.784128Z/seed_44/learning_r1	records/model_dirs/hpcasia_final/arxiv_20260919T033125.784128Z/seed_44/learning_r1/model/cerebras_logs/20260919_090649/executors/000048/performance.json	8555d114c133f0cf434750b2c5137359839d8c622982069efd5b8b4447dd41b5
hpcasia_final/arxiv_20260919T033125.784128Z/seed_44/learning_r1	records/model_dirs/hpcasia_final/arxiv_20260919T033125.784128Z/seed_44/learning_r1/model/cerebras_logs/20260919_090649/executors/000048/track.json	a542b5df4eb48c96e2a79599a4ab4539ed3326d1d0f27a0e93017e6f38204bfd
hpcasia_final/arxiv_20260919T033125.784128Z/seed_44/learning_r1	records/model_dirs/hpcasia_final/arxiv_20260919T033125.784128Z/seed_44/learning_r1/model/cerebras_logs/20260919_090649/executors/000049/performance.json	87b44e4cf3169ece3a7a290e0aad3f98b0bdb732b184e44001824becb130e2a4
hpcasia_final/arxiv_20260919T033125.784128Z/seed_44/learning_r1	records/model_dirs/hpcasia_final/arxiv_20260919T033125.784128Z/seed_44/learning_r1/model/cerebras_logs/20260919_090649/executors/000049/track.json	0230e1fa7700c50ffaa53446f14bd651364a4650ac561e2d69dff4a8ad45026a
hpcasia_final/arxiv_20260919T033125.784128Z/seed_44/learning_r1	records/model_dirs/hpcasia_final/arxiv_20260919T033125.784128Z/seed_44/learning_r1/model/cerebras_logs/20260919_090649/executors/000050/performance.json	db6a81058405986dfbd46c63620c61728ae29fe72f7279a58754f98af0ca3271
hpcasia_final/arxiv_20260919T033125.784128Z/seed_44/learning_r1	records/model_dirs/hpcasia_final/arxiv_20260919T033125.784128Z/seed_44/learning_r1/model/cerebras_logs/20260919_090649/executors/000050/track.json	b70b1cf9b1b065086bebde55126d90edeae059afc35618e40af292c397b749a1
hpcasia_final/arxiv_20260919T033125.784128Z/seed_44/throughput_r1	records/model_dirs/hpcasia_final/arxiv_20260919T033125.784128Z/seed_44/throughput_r1/model/cerebras_logs/20260919_101738/executors/000001/performance.json	dfc8ddaf81df17d5dde2ef5608f259ab4e209686f6a6dcf8c0c9ee29a3958a78
hpcasia_final/arxiv_20260919T033125.784128Z/seed_44/throughput_r1	records/model_dirs/hpcasia_final/arxiv_20260919T033125.784128Z/seed_44/throughput_r1/model/cerebras_logs/20260919_101738/executors/000001/track.json	13e92e86b8e34ffe661e64c2535168232967671d1ead339cdabcf4ae72858e10
hpcasia_final/arxiv_20260919T033125.784128Z/seed_44/throughput_r2	records/model_dirs/hpcasia_final/arxiv_20260919T033125.784128Z/seed_44/throughput_r2/model/cerebras_logs/20260919_104306/executors/000001/performance.json	ac79dcaa388fe1fcdcbe3bbe8bb6a965002a90587f4150963fa720abe8eed5c5
hpcasia_final/arxiv_20260919T033125.784128Z/seed_44/throughput_r2	records/model_dirs/hpcasia_final/arxiv_20260919T033125.784128Z/seed_44/throughput_r2/model/cerebras_logs/20260919_104306/executors/000001/track.json	baca212ac51ae2c0e5632ab917d670ec7efd35bfbec9b3096cec45013899181c
hpcasia_final/arxiv_20260919T033125.784128Z/seed_44/throughput_r3	records/model_dirs/hpcasia_final/arxiv_20260919T033125.784128Z/seed_44/throughput_r3/model/cerebras_logs/20260919_110905/executors/000001/performance.json	cd3bcccc32297a8bb42c04c5ce3d5c06d53aaa104d6bb8e72d63921e6d19c72f
hpcasia_final/arxiv_20260919T033125.784128Z/seed_44/throughput_r3	records/model_dirs/hpcasia_final/arxiv_20260919T033125.784128Z/seed_44/throughput_r3/model/cerebras_logs/20260919_110905/executors/000001/track.json	7fba76721e0859d50e39bb644d69ac5766117a28a5bda94380cd308e13ae8b96
hpcasia_final/products_20260919T033108.186214Z/seed_42/cache_r1	records/model_dirs/hpcasia_final/products_20260919T033108.186214Z/seed_42/cache_r1/model/cerebras_logs/20260919_091703/executors/000001/performance.json	a74921fefba3692114c5c42b727770aa869efd77ee0232a880f8be4576ce3be9
hpcasia_final/products_20260919T033108.186214Z/seed_42/cache_r1	records/model_dirs/hpcasia_final/products_20260919T033108.186214Z/seed_42/cache_r1/model/cerebras_logs/20260919_091703/executors/000001/track.json	cb345617d27347229dc8d972b0ec4bfa2a875a8b7ed3cd41d1ff1c3614f0cfeb
hpcasia_final/products_20260919T033108.186214Z/seed_42/learning_r1	records/model_dirs/hpcasia_final/products_20260919T033108.186214Z/seed_42/learning_r1/model/cerebras_logs/20260919_033128/executors/000001/performance.json	126d51b7e2ee4cf4a8f46a5cae72ab92e51a8ff46ca3b5353e7508e891a5c8c3
hpcasia_final/products_20260919T033108.186214Z/seed_42/learning_r1	records/model_dirs/hpcasia_final/products_20260919T033108.186214Z/seed_42/learning_r1/model/cerebras_logs/20260919_033128/executors/000001/track.json	d43d25cf9c154c593937a42dea57d0991bb36336b58d86fa7e15bb5a399a2908
hpcasia_final/products_20260919T033108.186214Z/seed_42/learning_r1	records/model_dirs/hpcasia_final/products_20260919T033108.186214Z/seed_42/learning_r1/model/cerebras_logs/20260919_033128/executors/000002/performance.json	29ad9c575af08c834e179b203ac6426ccb103ae141c035cd020d1795f2143114
hpcasia_final/products_20260919T033108.186214Z/seed_42/learning_r1	records/model_dirs/hpcasia_final/products_20260919T033108.186214Z/seed_42/learning_r1/model/cerebras_logs/20260919_033128/executors/000002/track.json	6df1e0a242d9593246f56ada9c518d9d9f5fc2cb216218c2b201100a31931b05
hpcasia_final/products_20260919T033108.186214Z/seed_42/learning_r1	records/model_dirs/hpcasia_final/products_20260919T033108.186214Z/seed_42/learning_r1/model/cerebras_logs/20260919_033128/executors/000003/performance.json	3c903f5a23b4ac3a87bb86bc123caaf339dd7993eb54e88d9220be70ad1ccb2b
hpcasia_final/products_20260919T033108.186214Z/seed_42/learning_r1	records/model_dirs/hpcasia_final/products_20260919T033108.186214Z/seed_42/learning_r1/model/cerebras_logs/20260919_033128/executors/000003/track.json	41c7dea4a482b57f127d989d33ccf39485e5c80de00a12c7bb66c1c61a16f0e6
hpcasia_final/products_20260919T033108.186214Z/seed_42/learning_r1	records/model_dirs/hpcasia_final/products_20260919T033108.186214Z/seed_42/learning_r1/model/cerebras_logs/20260919_033128/executors/000004/performance.json	3123e2a652fac1ba6a4eb071f9f9505d37f956fceeba0622caf84b862265a90b
hpcasia_final/products_20260919T033108.186214Z/seed_42/learning_r1	records/model_dirs/hpcasia_final/products_20260919T033108.186214Z/seed_42/learning_r1/model/cerebras_logs/20260919_033128/executors/000004/track.json	7daee3461711c17bf5614e9543fb3dc367b8283c6a92c4520270e0259227fc8e
hpcasia_final/products_20260919T033108.186214Z/seed_42/learning_r1	records/model_dirs/hpcasia_final/products_20260919T033108.186214Z/seed_42/learning_r1/model/cerebras_logs/20260919_033128/executors/000005/performance.json	d11d4a6ace047ba758d5968c54c2ab6b48fedeac617ad1c46bab98e336100021
hpcasia_final/products_20260919T033108.186214Z/seed_42/learning_r1	records/model_dirs/hpcasia_final/products_20260919T033108.186214Z/seed_42/learning_r1/model/cerebras_logs/20260919_033128/executors/000005/track.json	bdb78b20e832712b891c03824d3e8b6c14af343573a095a0fd4d485b6e47e83c
hpcasia_final/products_20260919T033108.186214Z/seed_42/learning_r1	records/model_dirs/hpcasia_final/products_20260919T033108.186214Z/seed_42/learning_r1/model/cerebras_logs/20260919_033128/executors/000006/performance.json	02a099b38534c8f59698029da6e798e8b0d19548ade03c90f0067293d139736f
hpcasia_final/products_20260919T033108.186214Z/seed_42/learning_r1	records/model_dirs/hpcasia_final/products_20260919T033108.186214Z/seed_42/learning_r1/model/cerebras_logs/20260919_033128/executors/000006/track.json	be5225f32c3970835e26dcae784637e894c89f4b6366de446cdce7f1726f6726
hpcasia_final/products_20260919T033108.186214Z/seed_42/learning_r1	records/model_dirs/hpcasia_final/products_20260919T033108.186214Z/seed_42/learning_r1/model/cerebras_logs/20260919_033128/executors/000007/performance.json	2621b592fb0f8e3a35d99b7338792df9edeb9d2b40f6c8fa17c7f968ee007c2f
hpcasia_final/products_20260919T033108.186214Z/seed_42/learning_r1	records/model_dirs/hpcasia_final/products_20260919T033108.186214Z/seed_42/learning_r1/model/cerebras_logs/20260919_033128/executors/000007/track.json	104f0785b97b33eee639bad0db4dc0529edf20e0fb5c35972cdd860e18bb2e44
hpcasia_final/products_20260919T033108.186214Z/seed_42/learning_r1	records/model_dirs/hpcasia_final/products_20260919T033108.186214Z/seed_42/learning_r1/model/cerebras_logs/20260919_033128/executors/000008/performance.json	aee2dfb1813589ab5604eeccbe8a99fad11f9090eccdf8c1f25c7a2b094c1b7f
hpcasia_final/products_20260919T033108.186214Z/seed_42/learning_r1	records/model_dirs/hpcasia_final/products_20260919T033108.186214Z/seed_42/learning_r1/model/cerebras_logs/20260919_033128/executors/000008/track.json	4a863e546c00949ddab713bae5a148e521f0bc404283b6f422bea29e5fc92814
hpcasia_final/products_20260919T033108.186214Z/seed_42/learning_r1	records/model_dirs/hpcasia_final/products_20260919T033108.186214Z/seed_42/learning_r1/model/cerebras_logs/20260919_033128/executors/000009/performance.json	1f69df5ad1506bb7a234a736543348570c324f589d8108cb2bc908d3218b3679
hpcasia_final/products_20260919T033108.186214Z/seed_42/learning_r1	records/model_dirs/hpcasia_final/products_20260919T033108.186214Z/seed_42/learning_r1/model/cerebras_logs/20260919_033128/executors/000009/track.json	3dc49e5d3d872daf76bdc3e1d3cffe3e3ef21de64ed723000962c14bf811ae94
hpcasia_final/products_20260919T033108.186214Z/seed_42/learning_r1	records/model_dirs/hpcasia_final/products_20260919T033108.186214Z/seed_42/learning_r1/model/cerebras_logs/20260919_033128/executors/000010/performance.json	84f33e4b0424652aae0c86ffbaff0d47626841cbe87a5d2abae24d8d7ab4a814
hpcasia_final/products_20260919T033108.186214Z/seed_42/learning_r1	records/model_dirs/hpcasia_final/products_20260919T033108.186214Z/seed_42/learning_r1/model/cerebras_logs/20260919_033128/executors/000010/track.json	6087a6b106fd6a74a554b73e4721fca8a4886fd6ca93163fa13fd3a0008f7036
hpcasia_final/products_20260919T033108.186214Z/seed_42/learning_r1	records/model_dirs/hpcasia_final/products_20260919T033108.186214Z/seed_42/learning_r1/model/cerebras_logs/20260919_033128/executors/000011/performance.json	02578b6083631e918de43ff353c508d3df34a5d189ad10c5980f2fe71473fe94
hpcasia_final/products_20260919T033108.186214Z/seed_42/learning_r1	records/model_dirs/hpcasia_final/products_20260919T033108.186214Z/seed_42/learning_r1/model/cerebras_logs/20260919_033128/executors/000011/track.json	3373aaccbf02a6f4d751d389caf14634b8180bc23fb2d157cd1c28fc7677f7e5
hpcasia_final/products_20260919T033108.186214Z/seed_42/learning_r1	records/model_dirs/hpcasia_final/products_20260919T033108.186214Z/seed_42/learning_r1/model/cerebras_logs/20260919_033128/executors/000012/performance.json	684bcdbb584dbecce9feed70088531292f47952fb422acb1a6e60fe954bd82e9
hpcasia_final/products_20260919T033108.186214Z/seed_42/learning_r1	records/model_dirs/hpcasia_final/products_20260919T033108.186214Z/seed_42/learning_r1/model/cerebras_logs/20260919_033128/executors/000012/track.json	e41e03b4dd37534d0e6efbbde33aeeb8771ab863697004ec793f5945d0f214ab
hpcasia_final/products_20260919T033108.186214Z/seed_42/learning_r1	records/model_dirs/hpcasia_final/products_20260919T033108.186214Z/seed_42/learning_r1/model/cerebras_logs/20260919_033128/executors/000013/performance.json	2ab599e15963977f191ac1d637f15152848cfe2d08ff09679176c612f6b6f913
hpcasia_final/products_20260919T033108.186214Z/seed_42/learning_r1	records/model_dirs/hpcasia_final/products_20260919T033108.186214Z/seed_42/learning_r1/model/cerebras_logs/20260919_033128/executors/000013/track.json	53d54e3641bc0ec1ac03e9138decbc3ba5abf97b9d445d815f89cc90e9c237bb
hpcasia_final/products_20260919T033108.186214Z/seed_42/learning_r1	records/model_dirs/hpcasia_final/products_20260919T033108.186214Z/seed_42/learning_r1/model/cerebras_logs/20260919_033128/executors/000014/performance.json	e7ee7a9179ab91ccefb5018e792cf3a4a3ee6169388194b4c85418ccf6733478
hpcasia_final/products_20260919T033108.186214Z/seed_42/learning_r1	records/model_dirs/hpcasia_final/products_20260919T033108.186214Z/seed_42/learning_r1/model/cerebras_logs/20260919_033128/executors/000014/track.json	828fc23c75753c2a199d2784abb3e27214d1bd562f3726df31feaa71e863effb
hpcasia_final/products_20260919T033108.186214Z/seed_42/learning_r1	records/model_dirs/hpcasia_final/products_20260919T033108.186214Z/seed_42/learning_r1/model/cerebras_logs/20260919_033128/executors/000015/performance.json	95cde4f98a73e8598c5c83d056fc5d92db6f451f6c947a9fd3dbd295831b0413
hpcasia_final/products_20260919T033108.186214Z/seed_42/learning_r1	records/model_dirs/hpcasia_final/products_20260919T033108.186214Z/seed_42/learning_r1/model/cerebras_logs/20260919_033128/executors/000015/track.json	2634334038ad09e4841f1619f29658572dcd542feb3a6ccb32bd035ffbbd1b73
hpcasia_final/products_20260919T033108.186214Z/seed_42/learning_r1	records/model_dirs/hpcasia_final/products_20260919T033108.186214Z/seed_42/learning_r1/model/cerebras_logs/20260919_033128/executors/000016/performance.json	b495c61ebece7473eb26575b5ccbefb3c5367f78829a102c928a971e2549ef36
hpcasia_final/products_20260919T033108.186214Z/seed_42/learning_r1	records/model_dirs/hpcasia_final/products_20260919T033108.186214Z/seed_42/learning_r1/model/cerebras_logs/20260919_033128/executors/000016/track.json	bd5008ebcb8ccdb1384f63670f110667faffe86e615f4648062b0e9230e794c6
hpcasia_final/products_20260919T033108.186214Z/seed_42/learning_r1	records/model_dirs/hpcasia_final/products_20260919T033108.186214Z/seed_42/learning_r1/model/cerebras_logs/20260919_033128/executors/000017/performance.json	c8a70db9461beb737254bb433b3a1ca662d2290ed66c4424fbbf80152ce31259
hpcasia_final/products_20260919T033108.186214Z/seed_42/learning_r1	records/model_dirs/hpcasia_final/products_20260919T033108.186214Z/seed_42/learning_r1/model/cerebras_logs/20260919_033128/executors/000017/track.json	4c118608d9c15dc11bbcf2b0e0f9b9f4a152913fae8beaa47f5c8878e3629406
hpcasia_final/products_20260919T033108.186214Z/seed_42/learning_r1	records/model_dirs/hpcasia_final/products_20260919T033108.186214Z/seed_42/learning_r1/model/cerebras_logs/20260919_033128/executors/000018/performance.json	9c1c9a61208addebe86e5c2592d001e61e7b933f567a405bb20d1b612cf9b5d6
hpcasia_final/products_20260919T033108.186214Z/seed_42/learning_r1	records/model_dirs/hpcasia_final/products_20260919T033108.186214Z/seed_42/learning_r1/model/cerebras_logs/20260919_033128/executors/000018/track.json	c9a51b477aa117d19fb30406fb209f07ba5de79dba615bafed4ac73afbf00017
hpcasia_final/products_20260919T033108.186214Z/seed_42/learning_r1	records/model_dirs/hpcasia_final/products_20260919T033108.186214Z/seed_42/learning_r1/model/cerebras_logs/20260919_033128/executors/000019/performance.json	508e66783de1d6ef58885dfd55bb45e188fe2dbc6edc34de677ebe83f38105e1
hpcasia_final/products_20260919T033108.186214Z/seed_42/learning_r1	records/model_dirs/hpcasia_final/products_20260919T033108.186214Z/seed_42/learning_r1/model/cerebras_logs/20260919_033128/executors/000019/track.json	964221319b4911700af940868d6ab0646b6d88cade57c0b6360a43bb3ee11a87
hpcasia_final/products_20260919T033108.186214Z/seed_42/learning_r1	records/model_dirs/hpcasia_final/products_20260919T033108.186214Z/seed_42/learning_r1/model/cerebras_logs/20260919_033128/executors/000020/performance.json	4f6bdaeb1755e170864c63a9f488471bab6b3de05fd1f686a20f27ca069aa6bd
hpcasia_final/products_20260919T033108.186214Z/seed_42/learning_r1	records/model_dirs/hpcasia_final/products_20260919T033108.186214Z/seed_42/learning_r1/model/cerebras_logs/20260919_033128/executors/000020/track.json	da047fe2df5172de70bc25a2e5051bacf01e10da80b74a8b3aac679dbb05e754
hpcasia_final/products_20260919T033108.186214Z/seed_42/learning_r1	records/model_dirs/hpcasia_final/products_20260919T033108.186214Z/seed_42/learning_r1/model/cerebras_logs/20260919_033128/executors/000021/performance.json	192ae864e8a4bd1b6dbaf95bfbc191b61c2aed8f9af34bc2beeafce3135cb47a
hpcasia_final/products_20260919T033108.186214Z/seed_42/learning_r1	records/model_dirs/hpcasia_final/products_20260919T033108.186214Z/seed_42/learning_r1/model/cerebras_logs/20260919_033128/executors/000021/track.json	493cc1312a2bf17f9306ff817e09f98aebc5de6b46df854a9a47dff8cb7fe291
hpcasia_final/products_20260919T033108.186214Z/seed_42/learning_r1	records/model_dirs/hpcasia_final/products_20260919T033108.186214Z/seed_42/learning_r1/model/cerebras_logs/20260919_033128/executors/000022/performance.json	2e7267372fe7564d549ebe487935f8e2fe1f1617adbf555b53ec07e47a6ae1c0
hpcasia_final/products_20260919T033108.186214Z/seed_42/learning_r1	records/model_dirs/hpcasia_final/products_20260919T033108.186214Z/seed_42/learning_r1/model/cerebras_logs/20260919_033128/executors/000022/track.json	4120e5b4f311199ea32aac98c7cc34d20b87832a8453aa3cd340ea31e17a87d6
hpcasia_final/products_20260919T033108.186214Z/seed_42/learning_r1	records/model_dirs/hpcasia_final/products_20260919T033108.186214Z/seed_42/learning_r1/model/cerebras_logs/20260919_033128/executors/000023/performance.json	6e2328fb8fae638ca174d67da9c464929ab7f5700a03824f9d890393720564e5
hpcasia_final/products_20260919T033108.186214Z/seed_42/learning_r1	records/model_dirs/hpcasia_final/products_20260919T033108.186214Z/seed_42/learning_r1/model/cerebras_logs/20260919_033128/executors/000023/track.json	d1636a60c9f04556a9f888d926bf16323c78456b12fec039c5ca16ceaa463437
hpcasia_final/products_20260919T033108.186214Z/seed_42/learning_r1	records/model_dirs/hpcasia_final/products_20260919T033108.186214Z/seed_42/learning_r1/model/cerebras_logs/20260919_033128/executors/000024/performance.json	35f2e91c9e1dad34cd3b42e9b78ffb8518dee27b27da080d7d34748ad2b30946
hpcasia_final/products_20260919T033108.186214Z/seed_42/learning_r1	records/model_dirs/hpcasia_final/products_20260919T033108.186214Z/seed_42/learning_r1/model/cerebras_logs/20260919_033128/executors/000024/track.json	f870ba0e102d1b206d48a115d4650a98a80086546bddb5de7eb90760e243aa0b
hpcasia_final/products_20260919T033108.186214Z/seed_42/learning_r1	records/model_dirs/hpcasia_final/products_20260919T033108.186214Z/seed_42/learning_r1/model/cerebras_logs/20260919_033128/executors/000025/performance.json	da1049af8d1c7a26cb9a045646ad88052240c963b37b57f815c6b43428687b3a
hpcasia_final/products_20260919T033108.186214Z/seed_42/learning_r1	records/model_dirs/hpcasia_final/products_20260919T033108.186214Z/seed_42/learning_r1/model/cerebras_logs/20260919_033128/executors/000025/track.json	7f646844cbbaa09caea20eef3e44828dce245c9158c8265a8f9628e8e529c644
hpcasia_final/products_20260919T033108.186214Z/seed_42/learning_r1	records/model_dirs/hpcasia_final/products_20260919T033108.186214Z/seed_42/learning_r1/model/cerebras_logs/20260919_033128/executors/000026/performance.json	d9dd34a3c486df6bdc76a6859d2e5254da2ef24310c5840b6434fe5c1bffa661
hpcasia_final/products_20260919T033108.186214Z/seed_42/learning_r1	records/model_dirs/hpcasia_final/products_20260919T033108.186214Z/seed_42/learning_r1/model/cerebras_logs/20260919_033128/executors/000026/track.json	c2fed65350bb0bf6c685e66fdad94be59642ad5e1772aedb0bce123ff8cfb31a
hpcasia_final/products_20260919T033108.186214Z/seed_42/learning_r1	records/model_dirs/hpcasia_final/products_20260919T033108.186214Z/seed_42/learning_r1/model/cerebras_logs/20260919_033128/executors/000027/performance.json	101f80ad496f8c7bce396d6df6dcc19b373cdd1a57b7e133184f19fe91d07302
hpcasia_final/products_20260919T033108.186214Z/seed_42/learning_r1	records/model_dirs/hpcasia_final/products_20260919T033108.186214Z/seed_42/learning_r1/model/cerebras_logs/20260919_033128/executors/000027/track.json	cc1e091895f5c623d856509bd14504297d8c5e67ea9b32b247891fa6ba20288f
hpcasia_final/products_20260919T033108.186214Z/seed_42/learning_r1	records/model_dirs/hpcasia_final/products_20260919T033108.186214Z/seed_42/learning_r1/model/cerebras_logs/20260919_033128/executors/000028/performance.json	92a18c877dfe4a6ccf2071b56b8a9101bcd741bba0e1e151a0a3bcb10fe9b0a5
hpcasia_final/products_20260919T033108.186214Z/seed_42/learning_r1	records/model_dirs/hpcasia_final/products_20260919T033108.186214Z/seed_42/learning_r1/model/cerebras_logs/20260919_033128/executors/000028/track.json	6c3294831423f02e32e4a0233fc89cd2d79faeeafd979abeeb83757c00063156
hpcasia_final/products_20260919T033108.186214Z/seed_42/learning_r1	records/model_dirs/hpcasia_final/products_20260919T033108.186214Z/seed_42/learning_r1/model/cerebras_logs/20260919_033128/executors/000029/performance.json	fc2b07d3526aaa65eefdca2faaa7fa17a3bf9ed857bd05472a13e2e473216a6b
hpcasia_final/products_20260919T033108.186214Z/seed_42/learning_r1	records/model_dirs/hpcasia_final/products_20260919T033108.186214Z/seed_42/learning_r1/model/cerebras_logs/20260919_033128/executors/000029/track.json	d1e1e25c046eeff994956fe2abe7862bbd9c05bc44a043c396be593fb4d4a247
hpcasia_final/products_20260919T033108.186214Z/seed_42/learning_r1	records/model_dirs/hpcasia_final/products_20260919T033108.186214Z/seed_42/learning_r1/model/cerebras_logs/20260919_033128/executors/000030/performance.json	0f00d7bb75c7c41622553476513a4bda33b81a7d7cf321ee8aa6accf10f2a584
hpcasia_final/products_20260919T033108.186214Z/seed_42/learning_r1	records/model_dirs/hpcasia_final/products_20260919T033108.186214Z/seed_42/learning_r1/model/cerebras_logs/20260919_033128/executors/000030/track.json	e078aa4e2e2e4c757dbb17733bdcda480c197e4d52d5a0a0d8650408813e58cb
hpcasia_final/products_20260919T033108.186214Z/seed_42/learning_r1	records/model_dirs/hpcasia_final/products_20260919T033108.186214Z/seed_42/learning_r1/model/cerebras_logs/20260919_033128/executors/000031/performance.json	97345b457e469e8a54c40df5731fef6799d8f2bf13a9cb1f8a0c46c44b647f2f
hpcasia_final/products_20260919T033108.186214Z/seed_42/learning_r1	records/model_dirs/hpcasia_final/products_20260919T033108.186214Z/seed_42/learning_r1/model/cerebras_logs/20260919_033128/executors/000031/track.json	f457bfe117651c4f542b15c1e7926972fb4a0b1b53f860d1fa4ed5c8c779357c
hpcasia_final/products_20260919T033108.186214Z/seed_42/learning_r1	records/model_dirs/hpcasia_final/products_20260919T033108.186214Z/seed_42/learning_r1/model/cerebras_logs/20260919_033128/executors/000032/performance.json	39c60ed2e4b8c9e7a08bec68434a614a4238caebb454666fcb9ac95414043727
hpcasia_final/products_20260919T033108.186214Z/seed_42/learning_r1	records/model_dirs/hpcasia_final/products_20260919T033108.186214Z/seed_42/learning_r1/model/cerebras_logs/20260919_033128/executors/000032/track.json	0fa19338286bd9d282bfd430952956070a4386182b77aae6b76cb118e39ae5e5
hpcasia_final/products_20260919T033108.186214Z/seed_42/learning_r1	records/model_dirs/hpcasia_final/products_20260919T033108.186214Z/seed_42/learning_r1/model/cerebras_logs/20260919_033128/executors/000033/performance.json	c0996e3c3f9d5ec32f61bd8bc2c70e554cbc88405b04bf166dcb914216fa7d12
hpcasia_final/products_20260919T033108.186214Z/seed_42/learning_r1	records/model_dirs/hpcasia_final/products_20260919T033108.186214Z/seed_42/learning_r1/model/cerebras_logs/20260919_033128/executors/000033/track.json	406dea0176c32bf60c008ca712a1d12035b71f11530a0bfcf0781d8502c8e79b
hpcasia_final/products_20260919T033108.186214Z/seed_42/learning_r1	records/model_dirs/hpcasia_final/products_20260919T033108.186214Z/seed_42/learning_r1/model/cerebras_logs/20260919_033128/executors/000034/performance.json	92569184a3d73b3899005ce810ec1fb6c1d740a66f768a3f1c594fede43b177f
hpcasia_final/products_20260919T033108.186214Z/seed_42/learning_r1	records/model_dirs/hpcasia_final/products_20260919T033108.186214Z/seed_42/learning_r1/model/cerebras_logs/20260919_033128/executors/000034/track.json	9c4f541a27ddcf1fb712558c7a1c2e8f9bebff8937a48a46c2768cf5b307a08d
hpcasia_final/products_20260919T033108.186214Z/seed_42/learning_r1	records/model_dirs/hpcasia_final/products_20260919T033108.186214Z/seed_42/learning_r1/model/cerebras_logs/20260919_033128/executors/000035/performance.json	773af64d95827523ad710ed9d306aee96bec587f9220eb8ae592fc2be2ad386f
hpcasia_final/products_20260919T033108.186214Z/seed_42/learning_r1	records/model_dirs/hpcasia_final/products_20260919T033108.186214Z/seed_42/learning_r1/model/cerebras_logs/20260919_033128/executors/000035/track.json	7002b43a6635a2b7ae39bc06a3d7b497a826da2688a8adcf3a29578ec8ea4af6
hpcasia_final/products_20260919T033108.186214Z/seed_42/learning_r1	records/model_dirs/hpcasia_final/products_20260919T033108.186214Z/seed_42/learning_r1/model/cerebras_logs/20260919_033128/executors/000036/performance.json	08a38122cb1c251618f5e6fd1181119500613a005eea1a0d0820e3a4466f49bc
hpcasia_final/products_20260919T033108.186214Z/seed_42/learning_r1	records/model_dirs/hpcasia_final/products_20260919T033108.186214Z/seed_42/learning_r1/model/cerebras_logs/20260919_033128/executors/000036/track.json	8cb5c4cc2f19f930c39f668bef364d916134259523a3be12076382ff311a34f0
hpcasia_final/products_20260919T033108.186214Z/seed_42/learning_r1	records/model_dirs/hpcasia_final/products_20260919T033108.186214Z/seed_42/learning_r1/model/cerebras_logs/20260919_033128/executors/000037/performance.json	89506d4f3e27b121dbf45ad0c79ad1beccdb030220ea8ec74663ac14731704ce
hpcasia_final/products_20260919T033108.186214Z/seed_42/learning_r1	records/model_dirs/hpcasia_final/products_20260919T033108.186214Z/seed_42/learning_r1/model/cerebras_logs/20260919_033128/executors/000037/track.json	2e8e6048f141eb5e65ac62e88aab9d3b8a18a9a057c8ebb56f1fe203d4a402e9
hpcasia_final/products_20260919T033108.186214Z/seed_42/learning_r1	records/model_dirs/hpcasia_final/products_20260919T033108.186214Z/seed_42/learning_r1/model/cerebras_logs/20260919_033128/executors/000038/performance.json	a2ee528f38a1342f96667f5d7a7c413263fda945843df5fd6dd16803248c5711
hpcasia_final/products_20260919T033108.186214Z/seed_42/learning_r1	records/model_dirs/hpcasia_final/products_20260919T033108.186214Z/seed_42/learning_r1/model/cerebras_logs/20260919_033128/executors/000038/track.json	7926c18a1f53adc5326e8ad9ecbe862f456b8e1871ae9c789eba62fe35853cee
hpcasia_final/products_20260919T033108.186214Z/seed_42/learning_r1	records/model_dirs/hpcasia_final/products_20260919T033108.186214Z/seed_42/learning_r1/model/cerebras_logs/20260919_033128/executors/000039/performance.json	c92cdf26128d102b585f2a0353d53a311fa1f6047dc27b126982bdef3436ed0b
hpcasia_final/products_20260919T033108.186214Z/seed_42/learning_r1	records/model_dirs/hpcasia_final/products_20260919T033108.186214Z/seed_42/learning_r1/model/cerebras_logs/20260919_033128/executors/000039/track.json	151fda9faefee4d5109624b47d3a8598a88bb28c567d35c1dc9be1234484bf5c
hpcasia_final/products_20260919T033108.186214Z/seed_42/learning_r1	records/model_dirs/hpcasia_final/products_20260919T033108.186214Z/seed_42/learning_r1/model/cerebras_logs/20260919_033128/executors/000040/performance.json	999bf0f15a8f2d9de4be365f1948078b0b8096ad2010234be9fe3ef0ec0957c2
hpcasia_final/products_20260919T033108.186214Z/seed_42/learning_r1	records/model_dirs/hpcasia_final/products_20260919T033108.186214Z/seed_42/learning_r1/model/cerebras_logs/20260919_033128/executors/000040/track.json	159db2d1b39406165b9fbbcefac09e30d9c154300a6454d948a926af256acb53
hpcasia_final/products_20260919T033108.186214Z/seed_42/learning_r1	records/model_dirs/hpcasia_final/products_20260919T033108.186214Z/seed_42/learning_r1/model/cerebras_logs/20260919_033128/executors/000041/performance.json	2e62862d11d94f028caf6088d10bd7b93b7fe6931761009e8b33ee8a5844e794
hpcasia_final/products_20260919T033108.186214Z/seed_42/learning_r1	records/model_dirs/hpcasia_final/products_20260919T033108.186214Z/seed_42/learning_r1/model/cerebras_logs/20260919_033128/executors/000041/track.json	6e622a2c5f2984b323367f53930e7be1e25f914fca1f3350642dad6b21634706
hpcasia_final/products_20260919T033108.186214Z/seed_42/learning_r1	records/model_dirs/hpcasia_final/products_20260919T033108.186214Z/seed_42/learning_r1/model/cerebras_logs/20260919_033128/executors/000042/performance.json	1aabaead3c992aebfa57fddf252d92bad2146b394e306d1671cff7ffc8092ac4
hpcasia_final/products_20260919T033108.186214Z/seed_42/learning_r1	records/model_dirs/hpcasia_final/products_20260919T033108.186214Z/seed_42/learning_r1/model/cerebras_logs/20260919_033128/executors/000042/track.json	a70bf595f38c2682d0bc3e6b10d3734ce0b4ee77be063f5ab576fdd655442cc6
hpcasia_final/products_20260919T033108.186214Z/seed_42/learning_r1	records/model_dirs/hpcasia_final/products_20260919T033108.186214Z/seed_42/learning_r1/model/cerebras_logs/20260919_033128/executors/000043/performance.json	05da364aa3cc3b3324df5d931569c6f2f89fb08132ed3fdcb9872ba71e56bcf1
hpcasia_final/products_20260919T033108.186214Z/seed_42/learning_r1	records/model_dirs/hpcasia_final/products_20260919T033108.186214Z/seed_42/learning_r1/model/cerebras_logs/20260919_033128/executors/000043/track.json	d1ac0737f533f4025c831ee6be89ec36b43b689f536da36a3c5982fab41d96eb
hpcasia_final/products_20260919T033108.186214Z/seed_42/learning_r1	records/model_dirs/hpcasia_final/products_20260919T033108.186214Z/seed_42/learning_r1/model/cerebras_logs/20260919_033128/executors/000044/performance.json	b483063c4314a7bab19ca4e5332bca475611d9ce1c82671648f2fbceefa8c49a
hpcasia_final/products_20260919T033108.186214Z/seed_42/learning_r1	records/model_dirs/hpcasia_final/products_20260919T033108.186214Z/seed_42/learning_r1/model/cerebras_logs/20260919_033128/executors/000044/track.json	03ed54365fcffdacb72b0977f4f92d47c0ab83c6fcdffb9a8a1ffcfb0b1f459a
hpcasia_final/products_20260919T033108.186214Z/seed_42/learning_r1	records/model_dirs/hpcasia_final/products_20260919T033108.186214Z/seed_42/learning_r1/model/cerebras_logs/20260919_033128/executors/000045/performance.json	fae478d3edfd1ba11888845eab3397b6d164711a5526f7001afa648289cb86ba
hpcasia_final/products_20260919T033108.186214Z/seed_42/learning_r1	records/model_dirs/hpcasia_final/products_20260919T033108.186214Z/seed_42/learning_r1/model/cerebras_logs/20260919_033128/executors/000045/track.json	0a4737ff7a8cd3735a209b09fa9c921bf4ca0d194a6ab5e6fc5db042890978c0
hpcasia_final/products_20260919T033108.186214Z/seed_42/learning_r1	records/model_dirs/hpcasia_final/products_20260919T033108.186214Z/seed_42/learning_r1/model/cerebras_logs/20260919_033128/executors/000046/performance.json	386d8aea8aec1fd2da0ada780830cbc5ca403edcac20e2bf622b6be59505d9c0
hpcasia_final/products_20260919T033108.186214Z/seed_42/learning_r1	records/model_dirs/hpcasia_final/products_20260919T033108.186214Z/seed_42/learning_r1/model/cerebras_logs/20260919_033128/executors/000046/track.json	447c7ee05a8458ea0bd65a9d070a495761dd30936f574d897bfc2795255d6e57
hpcasia_final/products_20260919T033108.186214Z/seed_42/learning_r1	records/model_dirs/hpcasia_final/products_20260919T033108.186214Z/seed_42/learning_r1/model/cerebras_logs/20260919_033128/executors/000047/performance.json	621187986be5046d423d2ae831939e10d4fe5510c58aab412b89ecfb1c3d8e83
hpcasia_final/products_20260919T033108.186214Z/seed_42/learning_r1	records/model_dirs/hpcasia_final/products_20260919T033108.186214Z/seed_42/learning_r1/model/cerebras_logs/20260919_033128/executors/000047/track.json	8cbc7c9b533914d02856f4f17fd644a9f958e46026cb6955c39f35629815ad8b
hpcasia_final/products_20260919T033108.186214Z/seed_42/learning_r1	records/model_dirs/hpcasia_final/products_20260919T033108.186214Z/seed_42/learning_r1/model/cerebras_logs/20260919_033128/executors/000048/performance.json	61552462de1a4897dbda3e31a09222b532fa6eeceb08d76922779e348dbe5aa6
hpcasia_final/products_20260919T033108.186214Z/seed_42/learning_r1	records/model_dirs/hpcasia_final/products_20260919T033108.186214Z/seed_42/learning_r1/model/cerebras_logs/20260919_033128/executors/000048/track.json	d48f16c65714635bc8f673d08761a1d1f8168e25f31256f5c19d0657a6e1c21d
hpcasia_final/products_20260919T033108.186214Z/seed_42/learning_r1	records/model_dirs/hpcasia_final/products_20260919T033108.186214Z/seed_42/learning_r1/model/cerebras_logs/20260919_033128/executors/000049/performance.json	293cd79e84db770c3a03335d6b87eb8c58d8d97a1bc6ee169d5944a4c62881bb
hpcasia_final/products_20260919T033108.186214Z/seed_42/learning_r1	records/model_dirs/hpcasia_final/products_20260919T033108.186214Z/seed_42/learning_r1/model/cerebras_logs/20260919_033128/executors/000049/track.json	0afa4bdc7f13ba16ca1189d67843fdba46b708da8d4eab10a17054263e094366
hpcasia_final/products_20260919T033108.186214Z/seed_42/learning_r1	records/model_dirs/hpcasia_final/products_20260919T033108.186214Z/seed_42/learning_r1/model/cerebras_logs/20260919_033128/executors/000050/performance.json	fa723a884da98068cd1dbba3c3d396282e0ca1fdb67e7898461d84c0c0d135e1
hpcasia_final/products_20260919T033108.186214Z/seed_42/learning_r1	records/model_dirs/hpcasia_final/products_20260919T033108.186214Z/seed_42/learning_r1/model/cerebras_logs/20260919_033128/executors/000050/track.json	f7b10609d09af2c363c13c49adcac28e4a823b3d7dd87ea200bbb17a317d98a1
hpcasia_final/products_20260919T033108.186214Z/seed_42/throughput_r1	records/model_dirs/hpcasia_final/products_20260919T033108.186214Z/seed_42/throughput_r1/model/cerebras_logs/20260919_055417/executors/000001/performance.json	5fec9624761444cfe653a3c7086c6a8bc4e539c1af599c952c6c5e7fbc4a0ee4
hpcasia_final/products_20260919T033108.186214Z/seed_42/throughput_r1	records/model_dirs/hpcasia_final/products_20260919T033108.186214Z/seed_42/throughput_r1/model/cerebras_logs/20260919_055417/executors/000001/track.json	3835371837fc6ffc8beb19ca55fc0d819cbf48e0eadbdff864edb0349cce4010
hpcasia_final/products_20260919T033108.186214Z/seed_42/throughput_r2	records/model_dirs/hpcasia_final/products_20260919T033108.186214Z/seed_42/throughput_r2/model/cerebras_logs/20260919_070055/executors/000001/performance.json	234bc15af979559d33475a2544fd69e4c9f562a82b5338d47ea46ede8f14563d
hpcasia_final/products_20260919T033108.186214Z/seed_42/throughput_r2	records/model_dirs/hpcasia_final/products_20260919T033108.186214Z/seed_42/throughput_r2/model/cerebras_logs/20260919_070055/executors/000001/track.json	60cbde23efe72b66404496c9165b9113ec215b7f6f002361e6e489bf502cdb7b
hpcasia_final/products_20260919T033108.186214Z/seed_42/throughput_r3	records/model_dirs/hpcasia_final/products_20260919T033108.186214Z/seed_42/throughput_r3/model/cerebras_logs/20260919_080934/executors/000001/performance.json	f8b07c451cb73a7b79c4de46909dd0923b6c8766a595c2f0a7bf544eb5ee3af9
hpcasia_final/products_20260919T033108.186214Z/seed_42/throughput_r3	records/model_dirs/hpcasia_final/products_20260919T033108.186214Z/seed_42/throughput_r3/model/cerebras_logs/20260919_080934/executors/000001/track.json	5681e095990b9ea68d23f6d42e94941fd9ceeb9076f035267657f1a56f71a503
hpcasia_final/products_20260919T033108.186214Z/seed_43/learning_r1	records/model_dirs/hpcasia_final/products_20260919T033108.186214Z/seed_43/learning_r1/model/cerebras_logs/20260919_101541/executors/000001/performance.json	557c466c9c6270774da02fe3bd7ca980f8995833f1b53a34e51af689cf47e7cb
hpcasia_final/products_20260919T033108.186214Z/seed_43/learning_r1	records/model_dirs/hpcasia_final/products_20260919T033108.186214Z/seed_43/learning_r1/model/cerebras_logs/20260919_101541/executors/000001/track.json	7f6ed20e5853697b5f463f7d5618abc334e150fc3948c5c68fd1718f4b6f529a
hpcasia_final/products_20260919T033108.186214Z/seed_43/learning_r1	records/model_dirs/hpcasia_final/products_20260919T033108.186214Z/seed_43/learning_r1/model/cerebras_logs/20260919_101541/executors/000002/performance.json	9313b613e0589f16c97cce4f899aa2652ffcdf45d6ab51d06bcc4385586eca04
hpcasia_final/products_20260919T033108.186214Z/seed_43/learning_r1	records/model_dirs/hpcasia_final/products_20260919T033108.186214Z/seed_43/learning_r1/model/cerebras_logs/20260919_101541/executors/000002/track.json	619c6baf08da32c60169abbdbb60cf1642897bb864501d65c2ba7ee083741c71
hpcasia_final/products_20260919T033108.186214Z/seed_43/learning_r1	records/model_dirs/hpcasia_final/products_20260919T033108.186214Z/seed_43/learning_r1/model/cerebras_logs/20260919_101541/executors/000003/performance.json	21f14b2d46b4b0861e0deea617ea2239122e8588902ccb0c9b413759730d533f
hpcasia_final/products_20260919T033108.186214Z/seed_43/learning_r1	records/model_dirs/hpcasia_final/products_20260919T033108.186214Z/seed_43/learning_r1/model/cerebras_logs/20260919_101541/executors/000003/track.json	5598bfe718f830fd1ef78f06fd0cf4a6b4f880374ed83577983bcdd0457ae51b
hpcasia_final/products_20260919T033108.186214Z/seed_43/learning_r1	records/model_dirs/hpcasia_final/products_20260919T033108.186214Z/seed_43/learning_r1/model/cerebras_logs/20260919_101541/executors/000004/performance.json	b234d785c508a403f9e3cdf0c8ccc0a8e01fa4b13eb667de7da8808046ff0063
hpcasia_final/products_20260919T033108.186214Z/seed_43/learning_r1	records/model_dirs/hpcasia_final/products_20260919T033108.186214Z/seed_43/learning_r1/model/cerebras_logs/20260919_101541/executors/000004/track.json	149f9928c0a871f97ac0b6fadeeff34429c988b513c0c7b9e9d735974fc945d7
hpcasia_final/products_20260919T033108.186214Z/seed_43/learning_r1	records/model_dirs/hpcasia_final/products_20260919T033108.186214Z/seed_43/learning_r1/model/cerebras_logs/20260919_101541/executors/000005/performance.json	82ebccf7bbec9c650958bd8c293a8ac66a7dca4db755196811c27bb5428d9cb9
hpcasia_final/products_20260919T033108.186214Z/seed_43/learning_r1	records/model_dirs/hpcasia_final/products_20260919T033108.186214Z/seed_43/learning_r1/model/cerebras_logs/20260919_101541/executors/000005/track.json	3196c645226ccc4f4aa31ce096d57041545f64458e47f618cdb4982941abdbb5
hpcasia_final/products_20260919T033108.186214Z/seed_43/learning_r1	records/model_dirs/hpcasia_final/products_20260919T033108.186214Z/seed_43/learning_r1/model/cerebras_logs/20260919_101541/executors/000006/performance.json	09d9154cd98f5c26438e0ae7697bdafcb7a8e44ac72315be0c234c999d76aff6
hpcasia_final/products_20260919T033108.186214Z/seed_43/learning_r1	records/model_dirs/hpcasia_final/products_20260919T033108.186214Z/seed_43/learning_r1/model/cerebras_logs/20260919_101541/executors/000006/track.json	98296ee50cc058369c520d1bb39a727c5cff59e938581cddb11fc30efc69ca8c
hpcasia_final/products_20260919T033108.186214Z/seed_43/learning_r1	records/model_dirs/hpcasia_final/products_20260919T033108.186214Z/seed_43/learning_r1/model/cerebras_logs/20260919_101541/executors/000007/performance.json	bfebdb03b3b14ce4613c7b57fe1972cffa272327e8326b3502900756425dfe62
hpcasia_final/products_20260919T033108.186214Z/seed_43/learning_r1	records/model_dirs/hpcasia_final/products_20260919T033108.186214Z/seed_43/learning_r1/model/cerebras_logs/20260919_101541/executors/000007/track.json	f3fd759f287adb6cffe1fc06206b345553b667571a6a27ed688517ab52dd58f5
hpcasia_final/products_20260919T033108.186214Z/seed_43/learning_r1	records/model_dirs/hpcasia_final/products_20260919T033108.186214Z/seed_43/learning_r1/model/cerebras_logs/20260919_101541/executors/000008/performance.json	3f00435dcbc5ff3ffb9710abc4da85752c0784310ef89ae6656b8c9424378cea
hpcasia_final/products_20260919T033108.186214Z/seed_43/learning_r1	records/model_dirs/hpcasia_final/products_20260919T033108.186214Z/seed_43/learning_r1/model/cerebras_logs/20260919_101541/executors/000008/track.json	8a88bd85c2a0078a9aea91756bc6b15568640d2172b217d1a9642d9214cd9bec
hpcasia_final/products_20260919T033108.186214Z/seed_43/learning_r1	records/model_dirs/hpcasia_final/products_20260919T033108.186214Z/seed_43/learning_r1/model/cerebras_logs/20260919_101541/executors/000009/performance.json	7d38dea13c8db66d1af99a89b74b43918a471005b266df6c78878fee9c5d146a
hpcasia_final/products_20260919T033108.186214Z/seed_43/learning_r1	records/model_dirs/hpcasia_final/products_20260919T033108.186214Z/seed_43/learning_r1/model/cerebras_logs/20260919_101541/executors/000009/track.json	2de43f9df5bb3d24cdd88815ed30d22afc9e85d74c6a59091ea8a9f451435450
hpcasia_final/products_20260919T033108.186214Z/seed_43/learning_r1	records/model_dirs/hpcasia_final/products_20260919T033108.186214Z/seed_43/learning_r1/model/cerebras_logs/20260919_101541/executors/000010/performance.json	09210758b014da5a365edf216ef5a4426afb6d252b4f9a01c143592af7f8f2ff
hpcasia_final/products_20260919T033108.186214Z/seed_43/learning_r1	records/model_dirs/hpcasia_final/products_20260919T033108.186214Z/seed_43/learning_r1/model/cerebras_logs/20260919_101541/executors/000010/track.json	69cd56be8fe9250c913979d205e0cb8ff188c7d874327572fb8337f473d87be5
hpcasia_final/products_20260919T033108.186214Z/seed_43/learning_r1	records/model_dirs/hpcasia_final/products_20260919T033108.186214Z/seed_43/learning_r1/model/cerebras_logs/20260919_101541/executors/000011/performance.json	f6bac88506c69f6d4d2ebda72565a9f065a010504d1320ef3642efbdde9897e8
hpcasia_final/products_20260919T033108.186214Z/seed_43/learning_r1	records/model_dirs/hpcasia_final/products_20260919T033108.186214Z/seed_43/learning_r1/model/cerebras_logs/20260919_101541/executors/000011/track.json	7d0c5f1e3620d10a58726d965c8524fdc52eaaebafb94a330e61190146179460
hpcasia_final/products_20260919T033108.186214Z/seed_43/learning_r1	records/model_dirs/hpcasia_final/products_20260919T033108.186214Z/seed_43/learning_r1/model/cerebras_logs/20260919_101541/executors/000012/performance.json	1d25bb616e1a8a6f76cea4753607720966d26489490c3751e61bd919808b26da
hpcasia_final/products_20260919T033108.186214Z/seed_43/learning_r1	records/model_dirs/hpcasia_final/products_20260919T033108.186214Z/seed_43/learning_r1/model/cerebras_logs/20260919_101541/executors/000012/track.json	75ee76c04e1851e737cb7e85cfe371c27c94c90860685103e0ef22527053818a
hpcasia_final/products_20260919T033108.186214Z/seed_43/learning_r1	records/model_dirs/hpcasia_final/products_20260919T033108.186214Z/seed_43/learning_r1/model/cerebras_logs/20260919_101541/executors/000013/performance.json	72b33bd180af5e44eacf4bbf4cc3aaf88766856cc18c3654a8f5d243b01c704e
hpcasia_final/products_20260919T033108.186214Z/seed_43/learning_r1	records/model_dirs/hpcasia_final/products_20260919T033108.186214Z/seed_43/learning_r1/model/cerebras_logs/20260919_101541/executors/000013/track.json	dbc0c5a44908a008d78df7c6210e96e3ba62d293dd4094bea472594c38baf046
hpcasia_final/products_20260919T033108.186214Z/seed_43/learning_r1	records/model_dirs/hpcasia_final/products_20260919T033108.186214Z/seed_43/learning_r1/model/cerebras_logs/20260919_101541/executors/000014/performance.json	b390c3eab1f2667f77c67cace177c1ea439a0547afbd1604f259df300fb045b9
hpcasia_final/products_20260919T033108.186214Z/seed_43/learning_r1	records/model_dirs/hpcasia_final/products_20260919T033108.186214Z/seed_43/learning_r1/model/cerebras_logs/20260919_101541/executors/000014/track.json	d48b75c4c7b8c7ebf889061e656b5b86cda12deac84275289d27148aef6de316
hpcasia_final/products_20260919T033108.186214Z/seed_43/learning_r1	records/model_dirs/hpcasia_final/products_20260919T033108.186214Z/seed_43/learning_r1/model/cerebras_logs/20260919_101541/executors/000015/performance.json	1a39e526a7d0e9f1570c0600c7fd05f697f0fc4bdfa0f828d7a388f78f06a92b
hpcasia_final/products_20260919T033108.186214Z/seed_43/learning_r1	records/model_dirs/hpcasia_final/products_20260919T033108.186214Z/seed_43/learning_r1/model/cerebras_logs/20260919_101541/executors/000015/track.json	ea97a7bc0bb415a96b9a9bf789978c9aa2a6b9360fa6fd45382d9e90ca6f6a36
hpcasia_final/products_20260919T033108.186214Z/seed_43/learning_r1	records/model_dirs/hpcasia_final/products_20260919T033108.186214Z/seed_43/learning_r1/model/cerebras_logs/20260919_101541/executors/000016/performance.json	4fd38184a8e5ba5f9f95855d50f258a765796e1e1c0074c3cf4714f40e775630
hpcasia_final/products_20260919T033108.186214Z/seed_43/learning_r1	records/model_dirs/hpcasia_final/products_20260919T033108.186214Z/seed_43/learning_r1/model/cerebras_logs/20260919_101541/executors/000016/track.json	7a7332d3c3097924c881b786b803a71495aa56e51124488c769f20c3aec93c0f
hpcasia_final/products_20260919T033108.186214Z/seed_43/learning_r1	records/model_dirs/hpcasia_final/products_20260919T033108.186214Z/seed_43/learning_r1/model/cerebras_logs/20260919_101541/executors/000017/performance.json	0287d3c29912953490124787c4bc9c2c2f6461a904f10d6853a6dd197e44b049
hpcasia_final/products_20260919T033108.186214Z/seed_43/learning_r1	records/model_dirs/hpcasia_final/products_20260919T033108.186214Z/seed_43/learning_r1/model/cerebras_logs/20260919_101541/executors/000017/track.json	d6578bca871906c267a2dc7b5ac449278e29bf17ec657e06cc3ade5edb2c66d0
hpcasia_final/products_20260919T033108.186214Z/seed_43/learning_r1	records/model_dirs/hpcasia_final/products_20260919T033108.186214Z/seed_43/learning_r1/model/cerebras_logs/20260919_101541/executors/000018/performance.json	b156158d59daed42d6f030d990a763875831ca91eac73a07c8403fe8726d5df5
hpcasia_final/products_20260919T033108.186214Z/seed_43/learning_r1	records/model_dirs/hpcasia_final/products_20260919T033108.186214Z/seed_43/learning_r1/model/cerebras_logs/20260919_101541/executors/000018/track.json	73574f1726515af65e46ad4855618fd0d469b9a6dbaf15c9461f400805f341f1
hpcasia_final/products_20260919T033108.186214Z/seed_43/learning_r1	records/model_dirs/hpcasia_final/products_20260919T033108.186214Z/seed_43/learning_r1/model/cerebras_logs/20260919_101541/executors/000019/performance.json	008e5b46a07a8a52162430542b040d8c2499dc8eb14049c3f4b3d4748e0095ea
hpcasia_final/products_20260919T033108.186214Z/seed_43/learning_r1	records/model_dirs/hpcasia_final/products_20260919T033108.186214Z/seed_43/learning_r1/model/cerebras_logs/20260919_101541/executors/000019/track.json	8b873e6d591bbf09bd1d16daf3ca82a192d555f24f935492273b4d5a71ce14fd
hpcasia_final/products_20260919T033108.186214Z/seed_43/learning_r1	records/model_dirs/hpcasia_final/products_20260919T033108.186214Z/seed_43/learning_r1/model/cerebras_logs/20260919_101541/executors/000020/performance.json	ee1303c7a96ee3e34bd4a2c2185f3cb1ee2ce9f9c2d25a529adaefde087aa3a6
hpcasia_final/products_20260919T033108.186214Z/seed_43/learning_r1	records/model_dirs/hpcasia_final/products_20260919T033108.186214Z/seed_43/learning_r1/model/cerebras_logs/20260919_101541/executors/000020/track.json	aebd3676f02b1fbe14d9820ae597a14f86006473a95ad099284d0e231f5a63aa
hpcasia_final/products_20260919T033108.186214Z/seed_43/learning_r1	records/model_dirs/hpcasia_final/products_20260919T033108.186214Z/seed_43/learning_r1/model/cerebras_logs/20260919_101541/executors/000021/performance.json	544e314984cf8a164930c45ff4907653d90781c2dc2f5850b396119451f67d0e
hpcasia_final/products_20260919T033108.186214Z/seed_43/learning_r1	records/model_dirs/hpcasia_final/products_20260919T033108.186214Z/seed_43/learning_r1/model/cerebras_logs/20260919_101541/executors/000021/track.json	7fc0ea8834d5419113e6bcc768ba572ed4dd7fcbb802dd0174c13c733aa11916
hpcasia_final/products_20260919T033108.186214Z/seed_43/learning_r1	records/model_dirs/hpcasia_final/products_20260919T033108.186214Z/seed_43/learning_r1/model/cerebras_logs/20260919_101541/executors/000022/performance.json	9903a9a3fe4015a30a237df7d66acc6eb9ea28d9c12d82dee7e66a4e64559982
hpcasia_final/products_20260919T033108.186214Z/seed_43/learning_r1	records/model_dirs/hpcasia_final/products_20260919T033108.186214Z/seed_43/learning_r1/model/cerebras_logs/20260919_101541/executors/000022/track.json	c8b5f74db9e110da58882160d66a9bf789b3b41137f34b5b335110077d76e7dc
hpcasia_final/products_20260919T033108.186214Z/seed_43/learning_r1	records/model_dirs/hpcasia_final/products_20260919T033108.186214Z/seed_43/learning_r1/model/cerebras_logs/20260919_101541/executors/000023/performance.json	2081426332cb0296c6753f7c9ad72ed258d8a0dd66e1cb3e03f7a2ddf98c510d
hpcasia_final/products_20260919T033108.186214Z/seed_43/learning_r1	records/model_dirs/hpcasia_final/products_20260919T033108.186214Z/seed_43/learning_r1/model/cerebras_logs/20260919_101541/executors/000023/track.json	28f9ab5943d5d95aa5291430d7e007489eaf57a78d089c5f9434fe583e0fe4f7
hpcasia_final/products_20260919T033108.186214Z/seed_43/learning_r1	records/model_dirs/hpcasia_final/products_20260919T033108.186214Z/seed_43/learning_r1/model/cerebras_logs/20260919_101541/executors/000024/performance.json	4878ff039206146288cf4ce6d0546334fb695326651771c67b7e1adcaba530d0
hpcasia_final/products_20260919T033108.186214Z/seed_43/learning_r1	records/model_dirs/hpcasia_final/products_20260919T033108.186214Z/seed_43/learning_r1/model/cerebras_logs/20260919_101541/executors/000024/track.json	c7c30515447fcd83bba005480f145ee846511a2ae0ab9241fe0732166d7b7c45
hpcasia_final/products_20260919T033108.186214Z/seed_43/learning_r1	records/model_dirs/hpcasia_final/products_20260919T033108.186214Z/seed_43/learning_r1/model/cerebras_logs/20260919_101541/executors/000025/performance.json	c7b2f28b46a7f56ad70f63125cdf64d624576e30088d1958ecccd803aee82162
hpcasia_final/products_20260919T033108.186214Z/seed_43/learning_r1	records/model_dirs/hpcasia_final/products_20260919T033108.186214Z/seed_43/learning_r1/model/cerebras_logs/20260919_101541/executors/000025/track.json	662ebf366a37efe788cc0b5c4fe186649427483f9b5a835ab535dfb7b1192f6b
hpcasia_final/products_20260919T033108.186214Z/seed_43/learning_r1	records/model_dirs/hpcasia_final/products_20260919T033108.186214Z/seed_43/learning_r1/model/cerebras_logs/20260919_101541/executors/000026/performance.json	b4346f7d640e81d713e70bbc6e89920832a8f3427e08dd78cfa17a707b3e71a1
hpcasia_final/products_20260919T033108.186214Z/seed_43/learning_r1	records/model_dirs/hpcasia_final/products_20260919T033108.186214Z/seed_43/learning_r1/model/cerebras_logs/20260919_101541/executors/000026/track.json	83e6ff68c8a1d277961f4ebe60c8a939949fb6135b045fbced713f3aa238bcd8
hpcasia_final/products_20260919T033108.186214Z/seed_43/learning_r1	records/model_dirs/hpcasia_final/products_20260919T033108.186214Z/seed_43/learning_r1/model/cerebras_logs/20260919_101541/executors/000027/performance.json	9b30b785c7eed18afc04c7e14987e32ef317710b2874b38ca1d70d066a92acec
hpcasia_final/products_20260919T033108.186214Z/seed_43/learning_r1	records/model_dirs/hpcasia_final/products_20260919T033108.186214Z/seed_43/learning_r1/model/cerebras_logs/20260919_101541/executors/000027/track.json	5a2d63df71e0d1dc259cdbc03251e7eeb6dfc2a4c0381cf25edcc5043f0cfad1
hpcasia_final/products_20260919T033108.186214Z/seed_43/learning_r1	records/model_dirs/hpcasia_final/products_20260919T033108.186214Z/seed_43/learning_r1/model/cerebras_logs/20260919_101541/executors/000028/performance.json	fcd1760796fca5e105e529ab21d6098ea02a0ed172d2e77bf5889188bac4ca56
hpcasia_final/products_20260919T033108.186214Z/seed_43/learning_r1	records/model_dirs/hpcasia_final/products_20260919T033108.186214Z/seed_43/learning_r1/model/cerebras_logs/20260919_101541/executors/000028/track.json	3e94aa60135995302805b139c7fd0e4ef73b69f992a86f9a951eb1d181284ce1
hpcasia_final/products_20260919T033108.186214Z/seed_43/learning_r1	records/model_dirs/hpcasia_final/products_20260919T033108.186214Z/seed_43/learning_r1/model/cerebras_logs/20260919_101541/executors/000029/performance.json	997c41ccd560ffc6e92ce68a7aff9bdf7b3f030953c6f42c4d9bd1139ece411d
hpcasia_final/products_20260919T033108.186214Z/seed_43/learning_r1	records/model_dirs/hpcasia_final/products_20260919T033108.186214Z/seed_43/learning_r1/model/cerebras_logs/20260919_101541/executors/000029/track.json	d1bd30670cd6a7030a95674b73a9195313b86adb7270b1627f6ea2ad2d454acc
hpcasia_final/products_20260919T033108.186214Z/seed_43/learning_r1	records/model_dirs/hpcasia_final/products_20260919T033108.186214Z/seed_43/learning_r1/model/cerebras_logs/20260919_101541/executors/000030/performance.json	69d991a2fc101e53d889316ac5d6a688fff0a924e5bf96cf5470073533f2f016
hpcasia_final/products_20260919T033108.186214Z/seed_43/learning_r1	records/model_dirs/hpcasia_final/products_20260919T033108.186214Z/seed_43/learning_r1/model/cerebras_logs/20260919_101541/executors/000030/track.json	15a2aeb793266c182fe1c1918159acbc5e10149e187980cca5523689039e9d38
hpcasia_final/products_20260919T033108.186214Z/seed_43/learning_r1	records/model_dirs/hpcasia_final/products_20260919T033108.186214Z/seed_43/learning_r1/model/cerebras_logs/20260919_101541/executors/000031/performance.json	82402babe0de27de6a89c2870a26b0316624632eb66a73ce9ac71d75e1c54fc0
hpcasia_final/products_20260919T033108.186214Z/seed_43/learning_r1	records/model_dirs/hpcasia_final/products_20260919T033108.186214Z/seed_43/learning_r1/model/cerebras_logs/20260919_101541/executors/000031/track.json	73686150125cc345273f30090b6ef50b1dfe9283f1c334086c09592d61ba14bd
hpcasia_final/products_20260919T033108.186214Z/seed_43/learning_r1	records/model_dirs/hpcasia_final/products_20260919T033108.186214Z/seed_43/learning_r1/model/cerebras_logs/20260919_101541/executors/000032/performance.json	e315e806bedfa14c9b346027635e71d05030474f252ed121c1483367a09eb47f
hpcasia_final/products_20260919T033108.186214Z/seed_43/learning_r1	records/model_dirs/hpcasia_final/products_20260919T033108.186214Z/seed_43/learning_r1/model/cerebras_logs/20260919_101541/executors/000032/track.json	01ffd8e753f59bbadd47078f5594c6a5a517928b9570be1f513c28dbee886838
hpcasia_final/products_20260919T033108.186214Z/seed_43/learning_r1	records/model_dirs/hpcasia_final/products_20260919T033108.186214Z/seed_43/learning_r1/model/cerebras_logs/20260919_101541/executors/000033/performance.json	5aad71777371a408fdd07287203d8131acfd4cbbb6774453611229bb6453e341
hpcasia_final/products_20260919T033108.186214Z/seed_43/learning_r1	records/model_dirs/hpcasia_final/products_20260919T033108.186214Z/seed_43/learning_r1/model/cerebras_logs/20260919_101541/executors/000033/track.json	0a5b813b2cafec4d086c3c815ff0f585a3c573ff1ea66da109777d55cc847348
hpcasia_final/products_20260919T033108.186214Z/seed_43/learning_r1	records/model_dirs/hpcasia_final/products_20260919T033108.186214Z/seed_43/learning_r1/model/cerebras_logs/20260919_101541/executors/000034/performance.json	45015322f7a8ec63396aa70f5b9ef925bcf2bd39c6c3d6334f57feea36998cc0
hpcasia_final/products_20260919T033108.186214Z/seed_43/learning_r1	records/model_dirs/hpcasia_final/products_20260919T033108.186214Z/seed_43/learning_r1/model/cerebras_logs/20260919_101541/executors/000034/track.json	4dd0a2b3616b316225fd4decd1116d307ae084c86ab97b0c228432cbed6a50a8
hpcasia_final/products_20260919T033108.186214Z/seed_43/learning_r1	records/model_dirs/hpcasia_final/products_20260919T033108.186214Z/seed_43/learning_r1/model/cerebras_logs/20260919_101541/executors/000035/performance.json	1e9513cd7ae63f9b24845980c0f1c012ff0dc711209dae9b10c39e0e68f8db1b
hpcasia_final/products_20260919T033108.186214Z/seed_43/learning_r1	records/model_dirs/hpcasia_final/products_20260919T033108.186214Z/seed_43/learning_r1/model/cerebras_logs/20260919_101541/executors/000035/track.json	fe868615fc1e4ddb6224d61a12210b5862105498b9bd8688007e318e0fe0d7e6
hpcasia_final/products_20260919T033108.186214Z/seed_43/learning_r1	records/model_dirs/hpcasia_final/products_20260919T033108.186214Z/seed_43/learning_r1/model/cerebras_logs/20260919_101541/executors/000036/performance.json	dc7ea0912f6c711cc406c6d4f7cb1554c554675fa2bd7d462fd1dc5a9ddc68fb
hpcasia_final/products_20260919T033108.186214Z/seed_43/learning_r1	records/model_dirs/hpcasia_final/products_20260919T033108.186214Z/seed_43/learning_r1/model/cerebras_logs/20260919_101541/executors/000036/track.json	4031875e07aa62b45515f61be3477d1c9c7af733d7c5ce3d1f24ea087179d5cc
hpcasia_final/products_20260919T033108.186214Z/seed_43/learning_r1	records/model_dirs/hpcasia_final/products_20260919T033108.186214Z/seed_43/learning_r1/model/cerebras_logs/20260919_101541/executors/000037/performance.json	4ffc470d40d2e1a5d49b2daeab209df0c4b7ef3a9a359748032f930dade74e7c
hpcasia_final/products_20260919T033108.186214Z/seed_43/learning_r1	records/model_dirs/hpcasia_final/products_20260919T033108.186214Z/seed_43/learning_r1/model/cerebras_logs/20260919_101541/executors/000037/track.json	0063ba8f6b7d576774c32d5229399966790662e7bec607eee6118bb002630cd1
hpcasia_final/products_20260919T033108.186214Z/seed_43/learning_r1	records/model_dirs/hpcasia_final/products_20260919T033108.186214Z/seed_43/learning_r1/model/cerebras_logs/20260919_101541/executors/000038/performance.json	11de58a3736d7c0f9ec88159afaef898877a500a95dc01dff5aace139653472d
hpcasia_final/products_20260919T033108.186214Z/seed_43/learning_r1	records/model_dirs/hpcasia_final/products_20260919T033108.186214Z/seed_43/learning_r1/model/cerebras_logs/20260919_101541/executors/000038/track.json	dce85f8345605d2334d96f5a191a74291a43b0d1a37424c554d517d0b11a3570
hpcasia_final/products_20260919T033108.186214Z/seed_43/learning_r1	records/model_dirs/hpcasia_final/products_20260919T033108.186214Z/seed_43/learning_r1/model/cerebras_logs/20260919_101541/executors/000039/performance.json	b45568af69ee79497f357a9042a4ee51e431e572d0a9ea56461c5ce9135bf768
hpcasia_final/products_20260919T033108.186214Z/seed_43/learning_r1	records/model_dirs/hpcasia_final/products_20260919T033108.186214Z/seed_43/learning_r1/model/cerebras_logs/20260919_101541/executors/000039/track.json	7e9b4d1a9ec79c85e1286a951946ce3885db0e025e19275150659edc135cd4fe
hpcasia_final/products_20260919T033108.186214Z/seed_43/learning_r1	records/model_dirs/hpcasia_final/products_20260919T033108.186214Z/seed_43/learning_r1/model/cerebras_logs/20260919_101541/executors/000040/performance.json	6bc7d5f6dbcf6e11bebc7d87427de203e6785eb7c03bbc53dab78fd466c289cd
hpcasia_final/products_20260919T033108.186214Z/seed_43/learning_r1	records/model_dirs/hpcasia_final/products_20260919T033108.186214Z/seed_43/learning_r1/model/cerebras_logs/20260919_101541/executors/000040/track.json	0f90185b44946c7df54b569c088729939c101f2fd9f9117f294c201c825dfbc4
hpcasia_final/products_20260919T033108.186214Z/seed_43/learning_r1	records/model_dirs/hpcasia_final/products_20260919T033108.186214Z/seed_43/learning_r1/model/cerebras_logs/20260919_101541/executors/000041/performance.json	a831026baced77d8dd5649dbf9854693a3334f057260d47fd3c4fc35dc325a5b
hpcasia_final/products_20260919T033108.186214Z/seed_43/learning_r1	records/model_dirs/hpcasia_final/products_20260919T033108.186214Z/seed_43/learning_r1/model/cerebras_logs/20260919_101541/executors/000041/track.json	09b48d499fe6d2d7bf75f6868d82dc5bd4c1af709aea184e1e53cb4d066ac7b3
hpcasia_final/products_20260919T033108.186214Z/seed_43/learning_r1	records/model_dirs/hpcasia_final/products_20260919T033108.186214Z/seed_43/learning_r1/model/cerebras_logs/20260919_101541/executors/000042/performance.json	4a18c9b4819d86af3eaff614780d8a6eb142d3c0e931070e79ceeebd45f421c8
hpcasia_final/products_20260919T033108.186214Z/seed_43/learning_r1	records/model_dirs/hpcasia_final/products_20260919T033108.186214Z/seed_43/learning_r1/model/cerebras_logs/20260919_101541/executors/000042/track.json	dc5627b1370243f970c320bdd3845d3e7ac3ddc7dd837cb2e39518f9c3232566
hpcasia_final/products_20260919T033108.186214Z/seed_43/learning_r1	records/model_dirs/hpcasia_final/products_20260919T033108.186214Z/seed_43/learning_r1/model/cerebras_logs/20260919_101541/executors/000043/performance.json	3b68d0373eb39eefd9b71f3bf6ab2c6e385495f1211acca4c6c97ea713e3d961
hpcasia_final/products_20260919T033108.186214Z/seed_43/learning_r1	records/model_dirs/hpcasia_final/products_20260919T033108.186214Z/seed_43/learning_r1/model/cerebras_logs/20260919_101541/executors/000043/track.json	3663e4eb2b50d638333ef24a491376326e05381504ca8669b66a2437f14ad384
hpcasia_final/products_20260919T033108.186214Z/seed_43/learning_r1	records/model_dirs/hpcasia_final/products_20260919T033108.186214Z/seed_43/learning_r1/model/cerebras_logs/20260919_101541/executors/000044/performance.json	16e8736c062da7a8a3a5af49a580bee7a8bf7a964508030b7420b5ed09a894c8
hpcasia_final/products_20260919T033108.186214Z/seed_43/learning_r1	records/model_dirs/hpcasia_final/products_20260919T033108.186214Z/seed_43/learning_r1/model/cerebras_logs/20260919_101541/executors/000044/track.json	59ed44b8faa40e189587bafa6f67b6f53732a5fbd1d82e7ced630f6fc46fd662
hpcasia_final/products_20260919T033108.186214Z/seed_43/learning_r1	records/model_dirs/hpcasia_final/products_20260919T033108.186214Z/seed_43/learning_r1/model/cerebras_logs/20260919_101541/executors/000045/performance.json	87df09608641202b1e934a1a7f60312c376e505b68d76d909a6a477f5b283a37
hpcasia_final/products_20260919T033108.186214Z/seed_43/learning_r1	records/model_dirs/hpcasia_final/products_20260919T033108.186214Z/seed_43/learning_r1/model/cerebras_logs/20260919_101541/executors/000045/track.json	2a3425615e610eb94991c51a1f1bf44b100913e7a4e43bcfa8926d945f36b7f6
hpcasia_final/products_20260919T033108.186214Z/seed_43/learning_r1	records/model_dirs/hpcasia_final/products_20260919T033108.186214Z/seed_43/learning_r1/model/cerebras_logs/20260919_101541/executors/000046/performance.json	7877f245f668af249cb17ca49c9057f9a98835da3e98442c440f6c4ba3c435fa
hpcasia_final/products_20260919T033108.186214Z/seed_43/learning_r1	records/model_dirs/hpcasia_final/products_20260919T033108.186214Z/seed_43/learning_r1/model/cerebras_logs/20260919_101541/executors/000046/track.json	276af35785849bd6d1b4329554f49afaea10bd8f2d5ff34e450cf3207213610e
hpcasia_final/products_20260919T033108.186214Z/seed_43/learning_r1	records/model_dirs/hpcasia_final/products_20260919T033108.186214Z/seed_43/learning_r1/model/cerebras_logs/20260919_101541/executors/000047/performance.json	4787630e7d57a4417f9ca96f58a931c1a509256a5bef12cb274af65af53131ca
hpcasia_final/products_20260919T033108.186214Z/seed_43/learning_r1	records/model_dirs/hpcasia_final/products_20260919T033108.186214Z/seed_43/learning_r1/model/cerebras_logs/20260919_101541/executors/000047/track.json	6c803c508d613aa2e9b00e039565ab5ab80ad01cf3e1fb9737db867497b8a58e
hpcasia_final/products_20260919T033108.186214Z/seed_43/learning_r1	records/model_dirs/hpcasia_final/products_20260919T033108.186214Z/seed_43/learning_r1/model/cerebras_logs/20260919_101541/executors/000048/performance.json	471674fc198b694e6aafbfc78cc35bd4224a229477539cc58c60e819ebc06eb6
hpcasia_final/products_20260919T033108.186214Z/seed_43/learning_r1	records/model_dirs/hpcasia_final/products_20260919T033108.186214Z/seed_43/learning_r1/model/cerebras_logs/20260919_101541/executors/000048/track.json	fcdb6cb0bb2c5a6d829398a1449a7fa4bcc12401c2deae99657e1c02495e88cb
hpcasia_final/products_20260919T033108.186214Z/seed_43/learning_r1	records/model_dirs/hpcasia_final/products_20260919T033108.186214Z/seed_43/learning_r1/model/cerebras_logs/20260919_101541/executors/000049/performance.json	c948326e6b18e424a6e882c1cb8561dcbf1b742dd71c6f994dd42356a8a13326
hpcasia_final/products_20260919T033108.186214Z/seed_43/learning_r1	records/model_dirs/hpcasia_final/products_20260919T033108.186214Z/seed_43/learning_r1/model/cerebras_logs/20260919_101541/executors/000049/track.json	481afdc28fde3175119384dc56c7519947bfff8a9bdefa77bbacd5446cbecd01
hpcasia_final/products_20260919T033108.186214Z/seed_43/learning_r1	records/model_dirs/hpcasia_final/products_20260919T033108.186214Z/seed_43/learning_r1/model/cerebras_logs/20260919_101541/executors/000050/performance.json	ad1501b27a74a7f05345a9ca4971a3cc56791f9e9d345f3e6b53c6c59bd02524
hpcasia_final/products_20260919T033108.186214Z/seed_43/learning_r1	records/model_dirs/hpcasia_final/products_20260919T033108.186214Z/seed_43/learning_r1/model/cerebras_logs/20260919_101541/executors/000050/track.json	8cdd0e93d5fc0970496b2dc340043a37df739592f54ff241816f59777c825397
hpcasia_final/products_20260919T033108.186214Z/seed_43/throughput_r1	records/model_dirs/hpcasia_final/products_20260919T033108.186214Z/seed_43/throughput_r1/model/cerebras_logs/20260919_120141/executors/000001/performance.json	a39a1af3f0449a14777ca55c7990685ac418c8ac578e63791c0e1d199c3d9355
hpcasia_final/products_20260919T033108.186214Z/seed_43/throughput_r1	records/model_dirs/hpcasia_final/products_20260919T033108.186214Z/seed_43/throughput_r1/model/cerebras_logs/20260919_120141/executors/000001/track.json	b90764697cf932d56340eafe9de5eba8c26784049e018d2bc2c93da048589258
hpcasia_final/products_20260921T154630.818034Z/seed_42/learning_r1	records/model_dirs/hpcasia_final/products_20260921T154630.818034Z/seed_42/learning_r1/model/cerebras_logs/20260921_154649/executors/000001/performance.json	d1c45dd7d14057489a0d26d396d399e1c5326864638cf699e9c70a77cee9da55
hpcasia_final/products_20260921T154630.818034Z/seed_42/learning_r1	records/model_dirs/hpcasia_final/products_20260921T154630.818034Z/seed_42/learning_r1/model/cerebras_logs/20260921_154649/executors/000001/track.json	f20b477334f58c8c860ab3fe84e4f4f4068524f269acc41f267ff29d1ae94841
hpcasia_final/products_20260921T154630.818034Z/seed_42/learning_r1	records/model_dirs/hpcasia_final/products_20260921T154630.818034Z/seed_42/learning_r1/model/cerebras_logs/20260921_154649/executors/000002/performance.json	d5438e23dcf3f65cdc5e936889906f03f46dee58c5ecdbf760c7fe08a3c985bf
hpcasia_final/products_20260921T154630.818034Z/seed_42/learning_r1	records/model_dirs/hpcasia_final/products_20260921T154630.818034Z/seed_42/learning_r1/model/cerebras_logs/20260921_154649/executors/000002/track.json	54f700caa55e15545b3f264353b043b6479122461d5ef1422b0d40bff5bd3f10
hpcasia_final/products_20260921T154630.818034Z/seed_42/learning_r1	records/model_dirs/hpcasia_final/products_20260921T154630.818034Z/seed_42/learning_r1/model/cerebras_logs/20260921_154649/executors/000003/performance.json	ef4c223435e31aed7de554d8fe86baff564aa26b81efe6c9f2692e4afabfbe7f
hpcasia_final/products_20260921T154630.818034Z/seed_42/learning_r1	records/model_dirs/hpcasia_final/products_20260921T154630.818034Z/seed_42/learning_r1/model/cerebras_logs/20260921_154649/executors/000003/track.json	7a477a26aaefbd8271b223d34d087b60488a2b7ddb37409f18730b1512fcf955
hpcasia_final/products_20260921T154630.818034Z/seed_42/learning_r1	records/model_dirs/hpcasia_final/products_20260921T154630.818034Z/seed_42/learning_r1/model/cerebras_logs/20260921_154649/executors/000004/performance.json	3260b0ec2c93a65269c80c17a83c5522b4fa10c88c21e1f606ded519705be599
hpcasia_final/products_20260921T154630.818034Z/seed_42/learning_r1	records/model_dirs/hpcasia_final/products_20260921T154630.818034Z/seed_42/learning_r1/model/cerebras_logs/20260921_154649/executors/000004/track.json	d1cb89c52fb91d8a0129c0cfd945dccffa81de8adcc2e99f5dda5f18af06e4e0
hpcasia_final/products_20260921T154630.818034Z/seed_42/learning_r1	records/model_dirs/hpcasia_final/products_20260921T154630.818034Z/seed_42/learning_r1/model/cerebras_logs/20260921_154649/executors/000005/performance.json	15c3bf44acb2208fb2ef08a1e7f5df7449e014ee3694ee6c2e80f58aa04b51f2
hpcasia_final/products_20260921T154630.818034Z/seed_42/learning_r1	records/model_dirs/hpcasia_final/products_20260921T154630.818034Z/seed_42/learning_r1/model/cerebras_logs/20260921_154649/executors/000005/track.json	42a972782de81da87d9a007efa790b1a17bf80fa17a2ce3bec0df55c99593c10
hpcasia_final/products_20260921T154630.818034Z/seed_42/learning_r1	records/model_dirs/hpcasia_final/products_20260921T154630.818034Z/seed_42/learning_r1/model/cerebras_logs/20260921_154649/executors/000006/performance.json	7841e61f88e97c51e87426b0be7ed8b4836189f95abbab0bfd495b75629b89ac
hpcasia_final/products_20260921T154630.818034Z/seed_42/learning_r1	records/model_dirs/hpcasia_final/products_20260921T154630.818034Z/seed_42/learning_r1/model/cerebras_logs/20260921_154649/executors/000006/track.json	5b66b60db700909657791f3a824692463f5ac8317821487c29979334827a29d8
hpcasia_final/products_20260921T154630.818034Z/seed_42/learning_r1	records/model_dirs/hpcasia_final/products_20260921T154630.818034Z/seed_42/learning_r1/model/cerebras_logs/20260921_154649/executors/000007/performance.json	2139607a1c0445bed0ea9326fb4ebd8cd7ad5d3947f3186554603fbf23677eb7
hpcasia_final/products_20260921T154630.818034Z/seed_42/learning_r1	records/model_dirs/hpcasia_final/products_20260921T154630.818034Z/seed_42/learning_r1/model/cerebras_logs/20260921_154649/executors/000007/track.json	7d627476b4e414aefa95008c825d260bb86452193949d62e92cdf0ae6412fbec
hpcasia_final/products_20260921T154630.818034Z/seed_42/learning_r1	records/model_dirs/hpcasia_final/products_20260921T154630.818034Z/seed_42/learning_r1/model/cerebras_logs/20260921_154649/executors/000008/performance.json	09716d3e524f703ae98a7334e266a3d9d1dd20ee4c7f632060845fbd10e3cd27
hpcasia_final/products_20260921T154630.818034Z/seed_42/learning_r1	records/model_dirs/hpcasia_final/products_20260921T154630.818034Z/seed_42/learning_r1/model/cerebras_logs/20260921_154649/executors/000008/track.json	a2c6315081764f617d498874efdc22b0db730194421ccc9d5b0149dc99dd7894
hpcasia_final/products_20260921T154630.818034Z/seed_42/learning_r1	records/model_dirs/hpcasia_final/products_20260921T154630.818034Z/seed_42/learning_r1/model/cerebras_logs/20260921_154649/executors/000009/performance.json	622431dc92bb77c14d01256612d9425e6d72084e76bb49077bec82151096858d
hpcasia_final/products_20260921T154630.818034Z/seed_42/learning_r1	records/model_dirs/hpcasia_final/products_20260921T154630.818034Z/seed_42/learning_r1/model/cerebras_logs/20260921_154649/executors/000009/track.json	0e0bf805e78a97a02ec624b9607b8d300140bb1a1899d07cd7a5712910c53f4d
hpcasia_final/products_20260921T154630.818034Z/seed_42/learning_r1	records/model_dirs/hpcasia_final/products_20260921T154630.818034Z/seed_42/learning_r1/model/cerebras_logs/20260921_154649/executors/000010/performance.json	d55290344132bc990079c20695f9916092042afecb1f96604f31188ca561fc85
hpcasia_final/products_20260921T154630.818034Z/seed_42/learning_r1	records/model_dirs/hpcasia_final/products_20260921T154630.818034Z/seed_42/learning_r1/model/cerebras_logs/20260921_154649/executors/000010/track.json	dfcbff8d54e32f61f0079d19de7be15ff0f989f9034bb2a2ac0643a7f59d503f
hpcasia_final/products_20260921T154630.818034Z/seed_42/learning_r1	records/model_dirs/hpcasia_final/products_20260921T154630.818034Z/seed_42/learning_r1/model/cerebras_logs/20260921_154649/executors/000011/performance.json	bc70089b510114fc38c24b94c5ef679661b51b47f62247bcf7d22079a2014352
hpcasia_final/products_20260921T154630.818034Z/seed_42/learning_r1	records/model_dirs/hpcasia_final/products_20260921T154630.818034Z/seed_42/learning_r1/model/cerebras_logs/20260921_154649/executors/000011/track.json	627ded723553f9684900f7373dc901507bb5a183d5401b40ff84929090a1f19e
hpcasia_final/products_20260921T154630.818034Z/seed_42/learning_r1	records/model_dirs/hpcasia_final/products_20260921T154630.818034Z/seed_42/learning_r1/model/cerebras_logs/20260921_154649/executors/000012/performance.json	1ec3948de15f0e157cceac8448357e07a05cb64eb0816b0ee324bbc71c76ad0c
hpcasia_final/products_20260921T154630.818034Z/seed_42/learning_r1	records/model_dirs/hpcasia_final/products_20260921T154630.818034Z/seed_42/learning_r1/model/cerebras_logs/20260921_154649/executors/000012/track.json	ef77b411a1fe9a6bc81a864008aaf6e7fb1d58cbb008c6f14f5756487228de5b
hpcasia_final/products_20260921T154630.818034Z/seed_42/learning_r1	records/model_dirs/hpcasia_final/products_20260921T154630.818034Z/seed_42/learning_r1/model/cerebras_logs/20260921_154649/executors/000013/performance.json	d3055a17817afb4aa07aef38b625396b496274e926708443bda2210c9fb691c6
hpcasia_final/products_20260921T154630.818034Z/seed_42/learning_r1	records/model_dirs/hpcasia_final/products_20260921T154630.818034Z/seed_42/learning_r1/model/cerebras_logs/20260921_154649/executors/000013/track.json	9735ba41618ba670f21636bfcf2f36ea41d0ce0beab2ffa84d055a939c5728a7
hpcasia_final/products_20260921T154630.818034Z/seed_42/learning_r1	records/model_dirs/hpcasia_final/products_20260921T154630.818034Z/seed_42/learning_r1/model/cerebras_logs/20260921_154649/executors/000014/performance.json	b1b3ed3e1d131c154a03a6d97277611de2eb1947556be05dc26a9cbfe2fb3897
hpcasia_final/products_20260921T154630.818034Z/seed_42/learning_r1	records/model_dirs/hpcasia_final/products_20260921T154630.818034Z/seed_42/learning_r1/model/cerebras_logs/20260921_154649/executors/000014/track.json	230adfa63ab67c65de19b947117c2d9a7c48468fbcd5779f3b63391532a2e85a
hpcasia_final/products_20260921T154630.818034Z/seed_42/learning_r1	records/model_dirs/hpcasia_final/products_20260921T154630.818034Z/seed_42/learning_r1/model/cerebras_logs/20260921_154649/executors/000015/performance.json	ab48b1a4082accfc3769cc0c73eb21c3ef5149ac1e975c73e5e6ac6b08494668
hpcasia_final/products_20260921T154630.818034Z/seed_42/learning_r1	records/model_dirs/hpcasia_final/products_20260921T154630.818034Z/seed_42/learning_r1/model/cerebras_logs/20260921_154649/executors/000015/track.json	f5b967691868e441435e3b3cf15c89f611024c90506c620359e392cc234f90e6
hpcasia_final/products_20260921T154630.818034Z/seed_42/learning_r1	records/model_dirs/hpcasia_final/products_20260921T154630.818034Z/seed_42/learning_r1/model/cerebras_logs/20260921_154649/executors/000016/performance.json	28e30a2ad1b8d35126c0fd10a01f493ecb19648ba2a74c8362da38d0eb690a49
hpcasia_final/products_20260921T154630.818034Z/seed_42/learning_r1	records/model_dirs/hpcasia_final/products_20260921T154630.818034Z/seed_42/learning_r1/model/cerebras_logs/20260921_154649/executors/000016/track.json	657ba6dc9c4c5fdb66ccf65efed49bed9fdd680f5030954ea6e5bd8fe8ead90b
hpcasia_final/products_20260921T154630.818034Z/seed_42/learning_r1	records/model_dirs/hpcasia_final/products_20260921T154630.818034Z/seed_42/learning_r1/model/cerebras_logs/20260921_154649/executors/000017/performance.json	7a92029ff63f7b182019e62122450c1c8bc9d9ddb7e93a3903b16282695229d2
hpcasia_final/products_20260921T154630.818034Z/seed_42/learning_r1	records/model_dirs/hpcasia_final/products_20260921T154630.818034Z/seed_42/learning_r1/model/cerebras_logs/20260921_154649/executors/000017/track.json	551acc6b57dc156306fca44aa72f98c40856aacb0217750d98bfc44e578851ca
hpcasia_final/products_20260921T154630.818034Z/seed_42/learning_r1	records/model_dirs/hpcasia_final/products_20260921T154630.818034Z/seed_42/learning_r1/model/cerebras_logs/20260921_154649/executors/000018/performance.json	b75c0f5624980c9af456e6c9bd351d5944cd7cd1cbe180ab320f7f82340ccf08
hpcasia_final/products_20260921T154630.818034Z/seed_42/learning_r1	records/model_dirs/hpcasia_final/products_20260921T154630.818034Z/seed_42/learning_r1/model/cerebras_logs/20260921_154649/executors/000018/track.json	1ac80b07e999e981814032347623ab4e09505b20e31e3c88736380aecc7aac49
hpcasia_final/products_20260921T154630.818034Z/seed_42/learning_r1	records/model_dirs/hpcasia_final/products_20260921T154630.818034Z/seed_42/learning_r1/model/cerebras_logs/20260921_154649/executors/000019/performance.json	b6f7fd54d813b9434d3775fd071044be374e4db74e1807bca841628dc7084c8e
hpcasia_final/products_20260921T154630.818034Z/seed_42/learning_r1	records/model_dirs/hpcasia_final/products_20260921T154630.818034Z/seed_42/learning_r1/model/cerebras_logs/20260921_154649/executors/000019/track.json	210524057a5e6659aabb6bd7d2bfcb25b0ac15d4269d9098bb29a27053e24364
hpcasia_final/products_20260921T154630.818034Z/seed_42/learning_r1	records/model_dirs/hpcasia_final/products_20260921T154630.818034Z/seed_42/learning_r1/model/cerebras_logs/20260921_154649/executors/000020/performance.json	5f5ff065e2ca1b576c36839583e35f9db56d531786e04de1591722883e863232
hpcasia_final/products_20260921T154630.818034Z/seed_42/learning_r1	records/model_dirs/hpcasia_final/products_20260921T154630.818034Z/seed_42/learning_r1/model/cerebras_logs/20260921_154649/executors/000020/track.json	48fc3d03863e84ca7566536694bd553a158991f996d61651eb462df6edc744b6
hpcasia_final/products_20260921T154630.818034Z/seed_42/learning_r1	records/model_dirs/hpcasia_final/products_20260921T154630.818034Z/seed_42/learning_r1/model/cerebras_logs/20260921_154649/executors/000021/performance.json	0e8d30d1d3ab260b949081c4d55f7008b8eddd4c029dec3fea305683d62e3657
hpcasia_final/products_20260921T154630.818034Z/seed_42/learning_r1	records/model_dirs/hpcasia_final/products_20260921T154630.818034Z/seed_42/learning_r1/model/cerebras_logs/20260921_154649/executors/000021/track.json	77a3f631077fa8145f27c9f54f081482d4ae40706ef329e73aae1e070b810175
hpcasia_final/products_20260921T154630.818034Z/seed_42/learning_r1	records/model_dirs/hpcasia_final/products_20260921T154630.818034Z/seed_42/learning_r1/model/cerebras_logs/20260921_154649/executors/000022/performance.json	78ffa52a4cabff90272e4d4b219aeae938a3a915c38e1073f58d5177941d00bf
hpcasia_final/products_20260921T154630.818034Z/seed_42/learning_r1	records/model_dirs/hpcasia_final/products_20260921T154630.818034Z/seed_42/learning_r1/model/cerebras_logs/20260921_154649/executors/000022/track.json	7e3b9146be213991c15ab3586347154f20e8dee7fe0ce6593c4b2deee79fc1ab
hpcasia_final/products_20260921T154630.818034Z/seed_42/learning_r1	records/model_dirs/hpcasia_final/products_20260921T154630.818034Z/seed_42/learning_r1/model/cerebras_logs/20260921_154649/executors/000023/performance.json	ab503028f843203b5ac7d5718d8301ae1a4b0451b679dedcca5481920fc4283e
hpcasia_final/products_20260921T154630.818034Z/seed_42/learning_r1	records/model_dirs/hpcasia_final/products_20260921T154630.818034Z/seed_42/learning_r1/model/cerebras_logs/20260921_154649/executors/000023/track.json	d290db88c3d6904be780c73f0808815887f0c754c08a76bb933faeb2bb0d68c2
hpcasia_final/products_20260921T154630.818034Z/seed_42/learning_r1	records/model_dirs/hpcasia_final/products_20260921T154630.818034Z/seed_42/learning_r1/model/cerebras_logs/20260921_154649/executors/000024/performance.json	84fbf3f13b09d92254c414d29c1ab74ca3da3ee948674f09889f434c7085f047
hpcasia_final/products_20260921T154630.818034Z/seed_42/learning_r1	records/model_dirs/hpcasia_final/products_20260921T154630.818034Z/seed_42/learning_r1/model/cerebras_logs/20260921_154649/executors/000024/track.json	e37edf0b2c53a7c5b7c1ff5dec4ee439e628e708c4c3e71f4065af54fcd77608
hpcasia_final/products_20260921T154630.818034Z/seed_42/learning_r1	records/model_dirs/hpcasia_final/products_20260921T154630.818034Z/seed_42/learning_r1/model/cerebras_logs/20260921_154649/executors/000025/performance.json	c822e6793a85e8d8ae4feaf30144d7ba621c5a2d8c5bcaf91c2738ea4962c275
hpcasia_final/products_20260921T154630.818034Z/seed_42/learning_r1	records/model_dirs/hpcasia_final/products_20260921T154630.818034Z/seed_42/learning_r1/model/cerebras_logs/20260921_154649/executors/000025/track.json	0525ce258bba971cab3e52a89d68eb7bb68bce5d3851532510e25392a71059ee
hpcasia_final/products_20260921T154630.818034Z/seed_42/learning_r1	records/model_dirs/hpcasia_final/products_20260921T154630.818034Z/seed_42/learning_r1/model/cerebras_logs/20260921_154649/executors/000026/performance.json	42db2d052991cf2cc3620bd54becafa34f078620d7da390d649d0acfa53dce6f
hpcasia_final/products_20260921T154630.818034Z/seed_42/learning_r1	records/model_dirs/hpcasia_final/products_20260921T154630.818034Z/seed_42/learning_r1/model/cerebras_logs/20260921_154649/executors/000026/track.json	e0bfb8ad510ce6e23cc245abcc4a19e558b05d0c6cdffc3bce733d4368276387
hpcasia_final/products_20260921T154630.818034Z/seed_42/learning_r1	records/model_dirs/hpcasia_final/products_20260921T154630.818034Z/seed_42/learning_r1/model/cerebras_logs/20260921_154649/executors/000027/performance.json	0aa0762f2dcdc2c5624eb0b6f931b47a30f3067f354fa083790466744e98faed
hpcasia_final/products_20260921T154630.818034Z/seed_42/learning_r1	records/model_dirs/hpcasia_final/products_20260921T154630.818034Z/seed_42/learning_r1/model/cerebras_logs/20260921_154649/executors/000027/track.json	790f69abb9eda95f67a549c8101ecc8136f76aafd820dcf879364f80231d6578
hpcasia_final/products_20260921T154630.818034Z/seed_42/learning_r1	records/model_dirs/hpcasia_final/products_20260921T154630.818034Z/seed_42/learning_r1/model/cerebras_logs/20260921_154649/executors/000028/performance.json	703f3d42a23e1f1dd7d8617d0429f35e6e9f9b9249a197abad27db85bcf394f1
hpcasia_final/products_20260921T154630.818034Z/seed_42/learning_r1	records/model_dirs/hpcasia_final/products_20260921T154630.818034Z/seed_42/learning_r1/model/cerebras_logs/20260921_154649/executors/000028/track.json	a336499658ffccf083e488ff8d84ce7f3afb53fe5a04a49dabcd31dc2c9f2ba9
hpcasia_final/products_20260921T154630.818034Z/seed_42/learning_r1	records/model_dirs/hpcasia_final/products_20260921T154630.818034Z/seed_42/learning_r1/model/cerebras_logs/20260921_154649/executors/000029/performance.json	fcb2a600d8d85b297679f4d2725f3a2451ea21d14768d6bbae80952b94cc260e
hpcasia_final/products_20260921T154630.818034Z/seed_42/learning_r1	records/model_dirs/hpcasia_final/products_20260921T154630.818034Z/seed_42/learning_r1/model/cerebras_logs/20260921_154649/executors/000029/track.json	f24a91bce7e705493652e5de4069dcb040e051541be43289343b5f781a6bd611
hpcasia_final/products_20260921T154630.818034Z/seed_42/learning_r1	records/model_dirs/hpcasia_final/products_20260921T154630.818034Z/seed_42/learning_r1/model/cerebras_logs/20260921_154649/executors/000030/performance.json	58196e2e40a87d5c707b0efd1b996148fdf0288671149796c0dee13634db56cb
hpcasia_final/products_20260921T154630.818034Z/seed_42/learning_r1	records/model_dirs/hpcasia_final/products_20260921T154630.818034Z/seed_42/learning_r1/model/cerebras_logs/20260921_154649/executors/000030/track.json	07c406507c7ed2ac0ecdd21318de8999727b791ed158a40ccb9a9eb0e4e60b2d
hpcasia_final/products_20260921T154630.818034Z/seed_42/learning_r1	records/model_dirs/hpcasia_final/products_20260921T154630.818034Z/seed_42/learning_r1/model/cerebras_logs/20260921_154649/executors/000031/performance.json	c8d0a1a667a7bc46d74069aa64c5fa67612987b53e2d16c39e432788c13c8536
hpcasia_final/products_20260921T154630.818034Z/seed_42/learning_r1	records/model_dirs/hpcasia_final/products_20260921T154630.818034Z/seed_42/learning_r1/model/cerebras_logs/20260921_154649/executors/000031/track.json	059602704f901bb3cdf998c0e550f45184f786695db4bf7e364cddc6947f7341
hpcasia_final/products_20260921T154630.818034Z/seed_42/learning_r1	records/model_dirs/hpcasia_final/products_20260921T154630.818034Z/seed_42/learning_r1/model/cerebras_logs/20260921_154649/executors/000032/performance.json	ebe131e68c1b1c25f2bb46d9f96c49243203574b6f4172a2307e305f2f462736
hpcasia_final/products_20260921T154630.818034Z/seed_42/learning_r1	records/model_dirs/hpcasia_final/products_20260921T154630.818034Z/seed_42/learning_r1/model/cerebras_logs/20260921_154649/executors/000032/track.json	98d2bb9fe9964b75066f4f19b710d1b28209a871954535a16a12ff7ba4ae7ab7
hpcasia_final/products_20260921T154630.818034Z/seed_42/learning_r1	records/model_dirs/hpcasia_final/products_20260921T154630.818034Z/seed_42/learning_r1/model/cerebras_logs/20260921_154649/executors/000033/performance.json	73ae99fc0bea6e83a57db77e036559d28af15a2c494e73d558a49501dc05243d
hpcasia_final/products_20260921T154630.818034Z/seed_42/learning_r1	records/model_dirs/hpcasia_final/products_20260921T154630.818034Z/seed_42/learning_r1/model/cerebras_logs/20260921_154649/executors/000033/track.json	6609315acb9918ff0497b84dbfc56615be0a9ae7bea0d7737115d510417d5e6a
hpcasia_final/products_20260921T154630.818034Z/seed_42/learning_r1	records/model_dirs/hpcasia_final/products_20260921T154630.818034Z/seed_42/learning_r1/model/cerebras_logs/20260921_154649/executors/000034/performance.json	9def58bbd03a9decc1f84ca7e6cc6cbcd7a13f310414a8a924fe069dbf86a482
hpcasia_final/products_20260921T154630.818034Z/seed_42/learning_r1	records/model_dirs/hpcasia_final/products_20260921T154630.818034Z/seed_42/learning_r1/model/cerebras_logs/20260921_154649/executors/000034/track.json	a83d48942cab2e19dd332936f4cb221de0210203fd8bad69143deb25ef26361e
hpcasia_final/products_20260921T154630.818034Z/seed_42/learning_r1	records/model_dirs/hpcasia_final/products_20260921T154630.818034Z/seed_42/learning_r1/model/cerebras_logs/20260921_154649/executors/000035/performance.json	c66dfccc42deca6b3a939191df0423db590763544215b1fcfbab1cc27798faf6
hpcasia_final/products_20260921T154630.818034Z/seed_42/learning_r1	records/model_dirs/hpcasia_final/products_20260921T154630.818034Z/seed_42/learning_r1/model/cerebras_logs/20260921_154649/executors/000035/track.json	0f426d882f33c73f92c80c4ff373a41410502f6490027690072da320cdcf1e74
hpcasia_final/products_20260921T154630.818034Z/seed_42/learning_r1	records/model_dirs/hpcasia_final/products_20260921T154630.818034Z/seed_42/learning_r1/model/cerebras_logs/20260921_154649/executors/000036/performance.json	4b8d58b7589bc4dce91c964a7cd691ba97338b7b637d4a98f88b8aea31bb54cd
hpcasia_final/products_20260921T154630.818034Z/seed_42/learning_r1	records/model_dirs/hpcasia_final/products_20260921T154630.818034Z/seed_42/learning_r1/model/cerebras_logs/20260921_154649/executors/000036/track.json	208c4273a4f1d68c36c79958f1dd394ccc703d32044efa0d3b6a005a7a233623
hpcasia_final/products_20260921T154630.818034Z/seed_42/learning_r1	records/model_dirs/hpcasia_final/products_20260921T154630.818034Z/seed_42/learning_r1/model/cerebras_logs/20260921_154649/executors/000037/performance.json	0bfe2818c8dbe1379110a2437e988eeacc389782e80b0ff18de62146f87bd06c
hpcasia_final/products_20260921T154630.818034Z/seed_42/learning_r1	records/model_dirs/hpcasia_final/products_20260921T154630.818034Z/seed_42/learning_r1/model/cerebras_logs/20260921_154649/executors/000037/track.json	251ac2b17259c1c63ffbd0e6e0193f1b78ff5b039589a66c73cb510ce4d16cb6
hpcasia_final/products_20260921T154630.818034Z/seed_42/learning_r1	records/model_dirs/hpcasia_final/products_20260921T154630.818034Z/seed_42/learning_r1/model/cerebras_logs/20260921_154649/executors/000038/performance.json	dfa1eaef2e750f263c7f2358ed61d460edf3f3fbfca6b100a029360c0a0cf0d7
hpcasia_final/products_20260921T154630.818034Z/seed_42/learning_r1	records/model_dirs/hpcasia_final/products_20260921T154630.818034Z/seed_42/learning_r1/model/cerebras_logs/20260921_154649/executors/000038/track.json	5c03dc7efcdeb826abda7a28385ae73eb4d9c6ba17aeb5eb1634692d4f7c0feb
hpcasia_final/products_20260921T154630.818034Z/seed_42/learning_r1	records/model_dirs/hpcasia_final/products_20260921T154630.818034Z/seed_42/learning_r1/model/cerebras_logs/20260921_154649/executors/000039/performance.json	0126765743f802522f48ae7601df416f1705106bad443854e93596263f523a16
hpcasia_final/products_20260921T154630.818034Z/seed_42/learning_r1	records/model_dirs/hpcasia_final/products_20260921T154630.818034Z/seed_42/learning_r1/model/cerebras_logs/20260921_154649/executors/000039/track.json	b757d7e37ce14417535dc5a4bacc62fc04c558a94b0a0be73a3a9931d0f2796d
hpcasia_final/products_20260921T154630.818034Z/seed_42/learning_r1	records/model_dirs/hpcasia_final/products_20260921T154630.818034Z/seed_42/learning_r1/model/cerebras_logs/20260921_154649/executors/000040/performance.json	c24d11571304293d58d07d1e96f45dc7b00983b5933768385f038600f7879762
hpcasia_final/products_20260921T154630.818034Z/seed_42/learning_r1	records/model_dirs/hpcasia_final/products_20260921T154630.818034Z/seed_42/learning_r1/model/cerebras_logs/20260921_154649/executors/000040/track.json	54c1f5d71bd9331b6017ce39da59807656601b81942b5cfb33303295bc6bb4fc
hpcasia_final/products_20260921T154630.818034Z/seed_42/learning_r1	records/model_dirs/hpcasia_final/products_20260921T154630.818034Z/seed_42/learning_r1/model/cerebras_logs/20260921_154649/executors/000041/performance.json	dbd93d274e8c7c908ad8b0c4b2b9a9cb81adf6a9a10c151139a27c91ec853757
hpcasia_final/products_20260921T154630.818034Z/seed_42/learning_r1	records/model_dirs/hpcasia_final/products_20260921T154630.818034Z/seed_42/learning_r1/model/cerebras_logs/20260921_154649/executors/000041/track.json	7fc2feb64721b906de7fb000a903a11b9ccd479ac1df4b59b2ee9eecfc8254df
hpcasia_final/products_20260921T154630.818034Z/seed_42/learning_r1	records/model_dirs/hpcasia_final/products_20260921T154630.818034Z/seed_42/learning_r1/model/cerebras_logs/20260921_154649/executors/000042/performance.json	0a949e72842070855210625253d3b4edd45132b0963502757ce6853bddedafdc
hpcasia_final/products_20260921T154630.818034Z/seed_42/learning_r1	records/model_dirs/hpcasia_final/products_20260921T154630.818034Z/seed_42/learning_r1/model/cerebras_logs/20260921_154649/executors/000042/track.json	0f31bcb356b6f356bef43049626000b110ba8ed4c12f957402144b23a4831203
hpcasia_final/products_20260921T154630.818034Z/seed_42/learning_r1	records/model_dirs/hpcasia_final/products_20260921T154630.818034Z/seed_42/learning_r1/model/cerebras_logs/20260921_154649/executors/000043/performance.json	48750d8d10652610402cbc4ea88c943d0307cf52af539f88019501a49e35aec9
hpcasia_final/products_20260921T154630.818034Z/seed_42/learning_r1	records/model_dirs/hpcasia_final/products_20260921T154630.818034Z/seed_42/learning_r1/model/cerebras_logs/20260921_154649/executors/000043/track.json	339d689108e437c73c2bd89394307a07ff1de5e21edc5bf9d55a7e2babc04b59
hpcasia_final/products_20260921T154630.818034Z/seed_42/learning_r1	records/model_dirs/hpcasia_final/products_20260921T154630.818034Z/seed_42/learning_r1/model/cerebras_logs/20260921_154649/executors/000044/performance.json	0360254fc74745ce9b9532a89dcb21b5167e67a6ccb782945c5bbcc9c6e1a711
hpcasia_final/products_20260921T154630.818034Z/seed_42/learning_r1	records/model_dirs/hpcasia_final/products_20260921T154630.818034Z/seed_42/learning_r1/model/cerebras_logs/20260921_154649/executors/000044/track.json	c495ab49979c265bf5262be2932617a13f6d0162656e9f9606b2d100de27c3bd
hpcasia_final/products_20260921T154630.818034Z/seed_42/learning_r1	records/model_dirs/hpcasia_final/products_20260921T154630.818034Z/seed_42/learning_r1/model/cerebras_logs/20260921_154649/executors/000045/performance.json	6752bde4f1c20356f971a08801b93114540398e1f64410dd2ddb2ade31615f0e
hpcasia_final/products_20260921T154630.818034Z/seed_42/learning_r1	records/model_dirs/hpcasia_final/products_20260921T154630.818034Z/seed_42/learning_r1/model/cerebras_logs/20260921_154649/executors/000045/track.json	5f39330e7fa14384a8de789c70ee69dee21d1bbe483d3b9ab221d74ff620374e
hpcasia_final/products_20260921T154630.818034Z/seed_42/learning_r1	records/model_dirs/hpcasia_final/products_20260921T154630.818034Z/seed_42/learning_r1/model/cerebras_logs/20260921_154649/executors/000046/performance.json	dc24b669047c1fa24c35928ad12febf1ac25266a3f746deca28ace8208ae2061
hpcasia_final/products_20260921T154630.818034Z/seed_42/learning_r1	records/model_dirs/hpcasia_final/products_20260921T154630.818034Z/seed_42/learning_r1/model/cerebras_logs/20260921_154649/executors/000046/track.json	c13434c378b8a10f1e35b81e9a84d417a313c37ab5ff663e6c079c48dd41355e
hpcasia_final/products_20260921T154630.818034Z/seed_42/learning_r1	records/model_dirs/hpcasia_final/products_20260921T154630.818034Z/seed_42/learning_r1/model/cerebras_logs/20260921_154649/executors/000047/performance.json	6b05024eee87bd2a0985cc7ffaef85f23e7cca48824cfaf15028fe6720bbabbf
hpcasia_final/products_20260921T154630.818034Z/seed_42/learning_r1	records/model_dirs/hpcasia_final/products_20260921T154630.818034Z/seed_42/learning_r1/model/cerebras_logs/20260921_154649/executors/000047/track.json	0ab0892d0ecee643dc77d1b1a3a63f1af1d126f5accc1a5e7ce27f0568697951
hpcasia_final/products_20260921T154630.818034Z/seed_42/learning_r1	records/model_dirs/hpcasia_final/products_20260921T154630.818034Z/seed_42/learning_r1/model/cerebras_logs/20260921_154649/executors/000048/performance.json	10a9314b888c129170f8c5aea26f4969081236e031b415273f3b4026cf3eff16
hpcasia_final/products_20260921T154630.818034Z/seed_42/learning_r1	records/model_dirs/hpcasia_final/products_20260921T154630.818034Z/seed_42/learning_r1/model/cerebras_logs/20260921_154649/executors/000048/track.json	5d1cd84bc35dc7f703c6c1b6e1994a2719efe6e84c8e517d02ab0c20fcb07908
hpcasia_final/products_20260921T154630.818034Z/seed_42/learning_r1	records/model_dirs/hpcasia_final/products_20260921T154630.818034Z/seed_42/learning_r1/model/cerebras_logs/20260921_154649/executors/000049/performance.json	3ee06806a97924d9e44ab3106d116ed22992579890eb2e714155a1a8c9b1cf8e
hpcasia_final/products_20260921T154630.818034Z/seed_42/learning_r1	records/model_dirs/hpcasia_final/products_20260921T154630.818034Z/seed_42/learning_r1/model/cerebras_logs/20260921_154649/executors/000049/track.json	ac6704decad762900b26ac19cd513867d9ed4d5efc57011e4b3f2c6eb2aff8ab
hpcasia_final/products_20260921T154630.818034Z/seed_42/learning_r1	records/model_dirs/hpcasia_final/products_20260921T154630.818034Z/seed_42/learning_r1/model/cerebras_logs/20260921_154649/executors/000050/performance.json	41b1be5f54b6546f8c3a10cf93c35b25d2df053cca663b09012fc385e4f3d1a7
hpcasia_final/products_20260921T154630.818034Z/seed_42/learning_r1	records/model_dirs/hpcasia_final/products_20260921T154630.818034Z/seed_42/learning_r1/model/cerebras_logs/20260921_154649/executors/000050/track.json	7198f1767956677ad39f3815e508ed8b4cd5f28d209fdac8219b79a0d040b260
hpcasia_final/products_retry_20260920T014813Z/seed_43/cache_r1	records/model_dirs/hpcasia_final/products_retry_20260920T014813Z/seed_43/cache_r1/model/cerebras_logs/20260920_040407/executors/000001/performance.json	161e65d7390c93894e88ac41612c9b8fc346a4011efa83ee356849c12bc978ec
hpcasia_final/products_retry_20260920T014813Z/seed_43/cache_r1	records/model_dirs/hpcasia_final/products_retry_20260920T014813Z/seed_43/cache_r1/model/cerebras_logs/20260920_040407/executors/000001/track.json	6f43e0cade9692231e6f28fb1be5831e599b9155236cb55871f20058ae400117
hpcasia_final/products_retry_20260920T014813Z/seed_43/throughput_r2	records/model_dirs/hpcasia_final/products_retry_20260920T014813Z/seed_43/throughput_r2/model/cerebras_logs/20260920_014829/executors/000001/performance.json	fe5ccef7d93820a9e78d6bee076d845457ba03469a6d24abab8c0826879688e7
hpcasia_final/products_retry_20260920T014813Z/seed_43/throughput_r2	records/model_dirs/hpcasia_final/products_retry_20260920T014813Z/seed_43/throughput_r2/model/cerebras_logs/20260920_014829/executors/000001/track.json	640a9fde15249e1d995a8805bca9c2d8b33cdbb8b6970792ca2bb7c7660a3390
hpcasia_final/products_retry_20260920T014813Z/seed_43/throughput_r3	records/model_dirs/hpcasia_final/products_retry_20260920T014813Z/seed_43/throughput_r3/model/cerebras_logs/20260920_025808/executors/000001/performance.json	1a14570e6cf568a3dd7ee27684894e4bb7784add9bab8c252916dadefbcada06
hpcasia_final/products_retry_20260920T014813Z/seed_43/throughput_r3	records/model_dirs/hpcasia_final/products_retry_20260920T014813Z/seed_43/throughput_r3/model/cerebras_logs/20260920_025808/executors/000001/track.json	d6baba43d1d829ee07ce8fe5668f9fe7595e93d0f1c77c0ce58f36efc2eb0776
hpcasia_final/products_retry_20260920T014813Z/seed_44/cache_r1	records/model_dirs/hpcasia_final/products_retry_20260920T014813Z/seed_44/cache_r1/model/cerebras_logs/20260920_105719/executors/000001/performance.json	eb20119f23504a27bf414eabe4aa439763dbff723489b08098d2bfec9359a975
hpcasia_final/products_retry_20260920T014813Z/seed_44/cache_r1	records/model_dirs/hpcasia_final/products_retry_20260920T014813Z/seed_44/cache_r1/model/cerebras_logs/20260920_105719/executors/000001/track.json	cd964113d0b1322493f518bc5b8ffbf11a449e65c03e61a1f0a3ddbe375273bf
hpcasia_final/products_retry_20260920T014813Z/seed_44/learning_r1	records/model_dirs/hpcasia_final/products_retry_20260920T014813Z/seed_44/learning_r1/model/cerebras_logs/20260920_050345/executors/000001/performance.json	89a4590143ce855bb56f99f905a82b3dfcb295b79d3af94a0509e538e218381d
hpcasia_final/products_retry_20260920T014813Z/seed_44/learning_r1	records/model_dirs/hpcasia_final/products_retry_20260920T014813Z/seed_44/learning_r1/model/cerebras_logs/20260920_050345/executors/000001/track.json	35dec40f78796527c7178dc4efad6fb53a260b2b26cfd535ceb2830f22455432
hpcasia_final/products_retry_20260920T014813Z/seed_44/learning_r1	records/model_dirs/hpcasia_final/products_retry_20260920T014813Z/seed_44/learning_r1/model/cerebras_logs/20260920_050345/executors/000002/performance.json	2531f312a30edf3a0b5110f2dd2164cacddf07b1f1537d3389e90bb756010778
hpcasia_final/products_retry_20260920T014813Z/seed_44/learning_r1	records/model_dirs/hpcasia_final/products_retry_20260920T014813Z/seed_44/learning_r1/model/cerebras_logs/20260920_050345/executors/000002/track.json	20a95a386eff0b2420dc0a96170b44cc77f5bdb3df1c97aa64846deccd4e459a
hpcasia_final/products_retry_20260920T014813Z/seed_44/learning_r1	records/model_dirs/hpcasia_final/products_retry_20260920T014813Z/seed_44/learning_r1/model/cerebras_logs/20260920_050345/executors/000003/performance.json	f57447bbd47228b62bbe6b979d96f1bac7a74e12644dc29a9f11a2909d6069c2
hpcasia_final/products_retry_20260920T014813Z/seed_44/learning_r1	records/model_dirs/hpcasia_final/products_retry_20260920T014813Z/seed_44/learning_r1/model/cerebras_logs/20260920_050345/executors/000003/track.json	beb64eee20243cd304efb852559d8bf7d4c98abfa670e90dae404f72efc1d347
hpcasia_final/products_retry_20260920T014813Z/seed_44/learning_r1	records/model_dirs/hpcasia_final/products_retry_20260920T014813Z/seed_44/learning_r1/model/cerebras_logs/20260920_050345/executors/000004/performance.json	ed684edb998d3b019dd0217fefbfec89e3f582467c8eadb56c747574034c4cf2
hpcasia_final/products_retry_20260920T014813Z/seed_44/learning_r1	records/model_dirs/hpcasia_final/products_retry_20260920T014813Z/seed_44/learning_r1/model/cerebras_logs/20260920_050345/executors/000004/track.json	c5eedd37cf888838213c9b08b653b596c635c0c83a91ed210c0147bbf10311be
hpcasia_final/products_retry_20260920T014813Z/seed_44/learning_r1	records/model_dirs/hpcasia_final/products_retry_20260920T014813Z/seed_44/learning_r1/model/cerebras_logs/20260920_050345/executors/000005/performance.json	b38f666df804863669d4dba82c4746f49d8b34cc68a188eab0528a55d41a8740
hpcasia_final/products_retry_20260920T014813Z/seed_44/learning_r1	records/model_dirs/hpcasia_final/products_retry_20260920T014813Z/seed_44/learning_r1/model/cerebras_logs/20260920_050345/executors/000005/track.json	67ae2218834a488b99d1da9e430b1962eaa0bd54b8365d8b6f4e96c0bc165040
hpcasia_final/products_retry_20260920T014813Z/seed_44/learning_r1	records/model_dirs/hpcasia_final/products_retry_20260920T014813Z/seed_44/learning_r1/model/cerebras_logs/20260920_050345/executors/000006/performance.json	a94d68322cecd2c9f3b800225781055af6e522d814c81d43312b7b47c90707d1
hpcasia_final/products_retry_20260920T014813Z/seed_44/learning_r1	records/model_dirs/hpcasia_final/products_retry_20260920T014813Z/seed_44/learning_r1/model/cerebras_logs/20260920_050345/executors/000006/track.json	cc777167f1ec4e388113ddf5f1ade586dfd5f4acecd8cf4fea4b1e32b073a36b
hpcasia_final/products_retry_20260920T014813Z/seed_44/learning_r1	records/model_dirs/hpcasia_final/products_retry_20260920T014813Z/seed_44/learning_r1/model/cerebras_logs/20260920_050345/executors/000007/performance.json	fc74f15929caaf004b12f7ac1c722552033092c05233e40361cabf141afa93ff
hpcasia_final/products_retry_20260920T014813Z/seed_44/learning_r1	records/model_dirs/hpcasia_final/products_retry_20260920T014813Z/seed_44/learning_r1/model/cerebras_logs/20260920_050345/executors/000007/track.json	4f88bde1769faafc6d07b77abc11f6d6f284b0169d1e3b362f2ff9ba88074886
hpcasia_final/products_retry_20260920T014813Z/seed_44/learning_r1	records/model_dirs/hpcasia_final/products_retry_20260920T014813Z/seed_44/learning_r1/model/cerebras_logs/20260920_050345/executors/000008/performance.json	3d3b1c8dc4b21f671a37605e23b86b9ffaf1adb02dcca575d59c81dc4d0340dc
hpcasia_final/products_retry_20260920T014813Z/seed_44/learning_r1	records/model_dirs/hpcasia_final/products_retry_20260920T014813Z/seed_44/learning_r1/model/cerebras_logs/20260920_050345/executors/000008/track.json	9e5e453f5fbe6a80e339e1dc36348568160c4fa27a69fdee168a2ecc9ae81b9c
hpcasia_final/products_retry_20260920T014813Z/seed_44/learning_r1	records/model_dirs/hpcasia_final/products_retry_20260920T014813Z/seed_44/learning_r1/model/cerebras_logs/20260920_050345/executors/000009/performance.json	95882823fafbc31bedfcd194858e803c542244497f9302876e3aa8e57b9cc19a
hpcasia_final/products_retry_20260920T014813Z/seed_44/learning_r1	records/model_dirs/hpcasia_final/products_retry_20260920T014813Z/seed_44/learning_r1/model/cerebras_logs/20260920_050345/executors/000009/track.json	c1325d08b8abbb94f63cb3b4da6c5b39074f858b28e336178a517e6f881b2397
hpcasia_final/products_retry_20260920T014813Z/seed_44/learning_r1	records/model_dirs/hpcasia_final/products_retry_20260920T014813Z/seed_44/learning_r1/model/cerebras_logs/20260920_050345/executors/000010/performance.json	bc6e0fd7dbbf99ea467d2c303984dd2a539e6b11522dd767df0fff852ae3ca7c
hpcasia_final/products_retry_20260920T014813Z/seed_44/learning_r1	records/model_dirs/hpcasia_final/products_retry_20260920T014813Z/seed_44/learning_r1/model/cerebras_logs/20260920_050345/executors/000010/track.json	27c51a9d960f1dd35716e510523ba3aae597b9327b5e85bf8fcfe26296bf7077
hpcasia_final/products_retry_20260920T014813Z/seed_44/learning_r1	records/model_dirs/hpcasia_final/products_retry_20260920T014813Z/seed_44/learning_r1/model/cerebras_logs/20260920_050345/executors/000011/performance.json	45df1337c521a57572d1be9cef72877879f9b87efcc41f8c843ae605a2c026d8
hpcasia_final/products_retry_20260920T014813Z/seed_44/learning_r1	records/model_dirs/hpcasia_final/products_retry_20260920T014813Z/seed_44/learning_r1/model/cerebras_logs/20260920_050345/executors/000011/track.json	4c3047046c25e690505c99307febe84ecb04777388bb4cdbe2c29302f5fa3a71
hpcasia_final/products_retry_20260920T014813Z/seed_44/learning_r1	records/model_dirs/hpcasia_final/products_retry_20260920T014813Z/seed_44/learning_r1/model/cerebras_logs/20260920_050345/executors/000012/performance.json	e6ae4544d9051eff0629de054b7249b8b5d7cbefe0852b2c1a7a90c459496004
hpcasia_final/products_retry_20260920T014813Z/seed_44/learning_r1	records/model_dirs/hpcasia_final/products_retry_20260920T014813Z/seed_44/learning_r1/model/cerebras_logs/20260920_050345/executors/000012/track.json	ff85374508c3bf4d2a417f015855e9672810f34564370cbd5e193b6db1f03c73
hpcasia_final/products_retry_20260920T014813Z/seed_44/learning_r1	records/model_dirs/hpcasia_final/products_retry_20260920T014813Z/seed_44/learning_r1/model/cerebras_logs/20260920_050345/executors/000013/performance.json	20b59440dec7fc043ce14f6f41e56b17580051bd51eaf21b1278309e6c2cf076
hpcasia_final/products_retry_20260920T014813Z/seed_44/learning_r1	records/model_dirs/hpcasia_final/products_retry_20260920T014813Z/seed_44/learning_r1/model/cerebras_logs/20260920_050345/executors/000013/track.json	1e4980407ff4c09410e9759eec610c97a5e0982bfbca971bf00c1d0db15701e7
hpcasia_final/products_retry_20260920T014813Z/seed_44/learning_r1	records/model_dirs/hpcasia_final/products_retry_20260920T014813Z/seed_44/learning_r1/model/cerebras_logs/20260920_050345/executors/000014/performance.json	1c9e5bc4ee332a4339ae2db2736d4eca4881e646da09e734afa4389d93d0d749
hpcasia_final/products_retry_20260920T014813Z/seed_44/learning_r1	records/model_dirs/hpcasia_final/products_retry_20260920T014813Z/seed_44/learning_r1/model/cerebras_logs/20260920_050345/executors/000014/track.json	ebd4f714926aa6c1064622ea2cbf503e49ad6045852949875c43751bbc123477
hpcasia_final/products_retry_20260920T014813Z/seed_44/learning_r1	records/model_dirs/hpcasia_final/products_retry_20260920T014813Z/seed_44/learning_r1/model/cerebras_logs/20260920_050345/executors/000015/performance.json	35662651886dc6bf8ded0d514987293acf4deb3bf673cb3fa40f1e71fd191936
hpcasia_final/products_retry_20260920T014813Z/seed_44/learning_r1	records/model_dirs/hpcasia_final/products_retry_20260920T014813Z/seed_44/learning_r1/model/cerebras_logs/20260920_050345/executors/000015/track.json	c077d8e2c63fefc5b8714d5492879c1bfb0021a8f68ab5f11abb35f500365a0e
hpcasia_final/products_retry_20260920T014813Z/seed_44/learning_r1	records/model_dirs/hpcasia_final/products_retry_20260920T014813Z/seed_44/learning_r1/model/cerebras_logs/20260920_050345/executors/000016/performance.json	25c5157addf83c9bc1496dbf0b10bc0297bfae1652ce07b7a91f2070f4cc371d
hpcasia_final/products_retry_20260920T014813Z/seed_44/learning_r1	records/model_dirs/hpcasia_final/products_retry_20260920T014813Z/seed_44/learning_r1/model/cerebras_logs/20260920_050345/executors/000016/track.json	bd83d00ad9fa16ffe3f4b50e68889ee0b7c1b601f7336ef2eb0d2f72bd39e81a
hpcasia_final/products_retry_20260920T014813Z/seed_44/learning_r1	records/model_dirs/hpcasia_final/products_retry_20260920T014813Z/seed_44/learning_r1/model/cerebras_logs/20260920_050345/executors/000017/performance.json	ab94a720eda96e33351a7a4facc91fea6650b0f46cff1d7fce4bbebc32006747
hpcasia_final/products_retry_20260920T014813Z/seed_44/learning_r1	records/model_dirs/hpcasia_final/products_retry_20260920T014813Z/seed_44/learning_r1/model/cerebras_logs/20260920_050345/executors/000017/track.json	1cf9e262c54b610dc0f46004a310a03ae7b384500003bf89dfcfb4fc10a7da9e
hpcasia_final/products_retry_20260920T014813Z/seed_44/learning_r1	records/model_dirs/hpcasia_final/products_retry_20260920T014813Z/seed_44/learning_r1/model/cerebras_logs/20260920_050345/executors/000018/performance.json	eaa61f4f91bd7a793a1eaa0962afd559d302f2a139b938969c64efe0b3d99973
hpcasia_final/products_retry_20260920T014813Z/seed_44/learning_r1	records/model_dirs/hpcasia_final/products_retry_20260920T014813Z/seed_44/learning_r1/model/cerebras_logs/20260920_050345/executors/000018/track.json	4227bdc12c1ba2a640f689bf16c35e3158c98e7e6cb4bf06546c77563c54ac38
hpcasia_final/products_retry_20260920T014813Z/seed_44/learning_r1	records/model_dirs/hpcasia_final/products_retry_20260920T014813Z/seed_44/learning_r1/model/cerebras_logs/20260920_050345/executors/000019/performance.json	c5d2b158534f5acf9d7745f8a9ee2a05197b74ae093cde67a62bbb8feb4fb288
hpcasia_final/products_retry_20260920T014813Z/seed_44/learning_r1	records/model_dirs/hpcasia_final/products_retry_20260920T014813Z/seed_44/learning_r1/model/cerebras_logs/20260920_050345/executors/000019/track.json	7a6969a143d85d582c577110e02b923ab92302fdb304cb87067c82ea064e0627
hpcasia_final/products_retry_20260920T014813Z/seed_44/learning_r1	records/model_dirs/hpcasia_final/products_retry_20260920T014813Z/seed_44/learning_r1/model/cerebras_logs/20260920_050345/executors/000020/performance.json	ccff59b015126ae2bdc994b900526fb701d1ab16b16cb22ee20c203b9b8e6913
hpcasia_final/products_retry_20260920T014813Z/seed_44/learning_r1	records/model_dirs/hpcasia_final/products_retry_20260920T014813Z/seed_44/learning_r1/model/cerebras_logs/20260920_050345/executors/000020/track.json	fc4b3a84dda160a8c7f56b7424d284d9d75600eacd506846d0521e1a71b20e71
hpcasia_final/products_retry_20260920T014813Z/seed_44/learning_r1	records/model_dirs/hpcasia_final/products_retry_20260920T014813Z/seed_44/learning_r1/model/cerebras_logs/20260920_050345/executors/000021/performance.json	fee6f60fc2f6a989b5fb3987c1b6d3d08e7c89e9909a3ac4e15483b07bfc0877
hpcasia_final/products_retry_20260920T014813Z/seed_44/learning_r1	records/model_dirs/hpcasia_final/products_retry_20260920T014813Z/seed_44/learning_r1/model/cerebras_logs/20260920_050345/executors/000021/track.json	9aa96ac1f4eb2ae8a5a3162aa441223244d2e2268a2ff39069be2b63b6767a67
hpcasia_final/products_retry_20260920T014813Z/seed_44/learning_r1	records/model_dirs/hpcasia_final/products_retry_20260920T014813Z/seed_44/learning_r1/model/cerebras_logs/20260920_050345/executors/000022/performance.json	b163732b60b115d9268a3378dd5a021b82d8d33a0b4b1f80af13b28fa1b2d46a
hpcasia_final/products_retry_20260920T014813Z/seed_44/learning_r1	records/model_dirs/hpcasia_final/products_retry_20260920T014813Z/seed_44/learning_r1/model/cerebras_logs/20260920_050345/executors/000022/track.json	870efdece65fe4e8f7ebb0b525272b7a89a5abb5414933f97740a8032cb0cba1
hpcasia_final/products_retry_20260920T014813Z/seed_44/learning_r1	records/model_dirs/hpcasia_final/products_retry_20260920T014813Z/seed_44/learning_r1/model/cerebras_logs/20260920_050345/executors/000023/performance.json	36761faa20b0313801f7cc3b6d46862c5138cabc75f944cf920f72273625997a
hpcasia_final/products_retry_20260920T014813Z/seed_44/learning_r1	records/model_dirs/hpcasia_final/products_retry_20260920T014813Z/seed_44/learning_r1/model/cerebras_logs/20260920_050345/executors/000023/track.json	02a4a0e55168c9b7dd1735a78dc1c5234aed0cc9edc2de2b993cbe3e6a96a487
hpcasia_final/products_retry_20260920T014813Z/seed_44/learning_r1	records/model_dirs/hpcasia_final/products_retry_20260920T014813Z/seed_44/learning_r1/model/cerebras_logs/20260920_050345/executors/000024/performance.json	0b3c3b83d2d61b953a23932c6440b23ee2a368585bee51a91e900f04c446d02c
hpcasia_final/products_retry_20260920T014813Z/seed_44/learning_r1	records/model_dirs/hpcasia_final/products_retry_20260920T014813Z/seed_44/learning_r1/model/cerebras_logs/20260920_050345/executors/000024/track.json	1147c0407cd49f07a89ad403bbaf0300b0e48813df944c7f3acba2f771ab6b8f
hpcasia_final/products_retry_20260920T014813Z/seed_44/learning_r1	records/model_dirs/hpcasia_final/products_retry_20260920T014813Z/seed_44/learning_r1/model/cerebras_logs/20260920_050345/executors/000025/performance.json	6d6272e6f0cfeb734dfddc43b61bff6bb73028627a0ff28efaf4efec412b6a90
hpcasia_final/products_retry_20260920T014813Z/seed_44/learning_r1	records/model_dirs/hpcasia_final/products_retry_20260920T014813Z/seed_44/learning_r1/model/cerebras_logs/20260920_050345/executors/000025/track.json	2fbb80931ddcc5046c9a9daa187c9cd52d03c2c41ec4aa59028ad20c2ee01fbf
hpcasia_final/products_retry_20260920T014813Z/seed_44/learning_r1	records/model_dirs/hpcasia_final/products_retry_20260920T014813Z/seed_44/learning_r1/model/cerebras_logs/20260920_050345/executors/000026/performance.json	5567c3a992e5bc37b554c4ee6eb49a99ad28d034d54770149f0d61552931a448
hpcasia_final/products_retry_20260920T014813Z/seed_44/learning_r1	records/model_dirs/hpcasia_final/products_retry_20260920T014813Z/seed_44/learning_r1/model/cerebras_logs/20260920_050345/executors/000026/track.json	63ef05cbf862ed9d640da0842334d38f65b2bb9fbc6e5ed47436cd0f4958a498
hpcasia_final/products_retry_20260920T014813Z/seed_44/learning_r1	records/model_dirs/hpcasia_final/products_retry_20260920T014813Z/seed_44/learning_r1/model/cerebras_logs/20260920_050345/executors/000027/performance.json	928a66b2d4a24d98d2569e5d41aeda8c92106ef6f4d070165560d6008e2d34c2
hpcasia_final/products_retry_20260920T014813Z/seed_44/learning_r1	records/model_dirs/hpcasia_final/products_retry_20260920T014813Z/seed_44/learning_r1/model/cerebras_logs/20260920_050345/executors/000027/track.json	374f0971dc9cadca41a2e34292d10fe5a9180a97f8790e5789c2d072ac1da06d
hpcasia_final/products_retry_20260920T014813Z/seed_44/learning_r1	records/model_dirs/hpcasia_final/products_retry_20260920T014813Z/seed_44/learning_r1/model/cerebras_logs/20260920_050345/executors/000028/performance.json	09b15939333622540df1c18ea55e8f172a2fc2eba7e1a9f60baf3fd0dd03cf40
hpcasia_final/products_retry_20260920T014813Z/seed_44/learning_r1	records/model_dirs/hpcasia_final/products_retry_20260920T014813Z/seed_44/learning_r1/model/cerebras_logs/20260920_050345/executors/000028/track.json	3e6cd0b1d72e964926faf14d426abb4e0cd3be9112d742589416abcf85aa2a72
hpcasia_final/products_retry_20260920T014813Z/seed_44/learning_r1	records/model_dirs/hpcasia_final/products_retry_20260920T014813Z/seed_44/learning_r1/model/cerebras_logs/20260920_050345/executors/000029/performance.json	94c3e89378ef20d0dbe4304e4d52e060789763ad534a8ae42e94c9df3eb219fc
hpcasia_final/products_retry_20260920T014813Z/seed_44/learning_r1	records/model_dirs/hpcasia_final/products_retry_20260920T014813Z/seed_44/learning_r1/model/cerebras_logs/20260920_050345/executors/000029/track.json	74de1264497cc2e3d45f206e620710f2502396d93d2377df0d802982ad8b1f0d
hpcasia_final/products_retry_20260920T014813Z/seed_44/learning_r1	records/model_dirs/hpcasia_final/products_retry_20260920T014813Z/seed_44/learning_r1/model/cerebras_logs/20260920_050345/executors/000030/performance.json	16ccbc931ce3ce75cfdc10878e0acab8b146c7c4e3c19ef2701a4f5197eb50a2
hpcasia_final/products_retry_20260920T014813Z/seed_44/learning_r1	records/model_dirs/hpcasia_final/products_retry_20260920T014813Z/seed_44/learning_r1/model/cerebras_logs/20260920_050345/executors/000030/track.json	856dc51c79b10a3743d754f6916e58ee0b097544abdd8a1cbbfe6c2e2e8b7c16
hpcasia_final/products_retry_20260920T014813Z/seed_44/learning_r1	records/model_dirs/hpcasia_final/products_retry_20260920T014813Z/seed_44/learning_r1/model/cerebras_logs/20260920_050345/executors/000031/performance.json	cd8be763abbbd56adfd27f12cefa419267fe970e50afd8ab50b92718a5610b6a
hpcasia_final/products_retry_20260920T014813Z/seed_44/learning_r1	records/model_dirs/hpcasia_final/products_retry_20260920T014813Z/seed_44/learning_r1/model/cerebras_logs/20260920_050345/executors/000031/track.json	87fe8f1b82be4dc195e8c52276fcc09bbc4f15c3606de624ece46720d9dc481a
hpcasia_final/products_retry_20260920T014813Z/seed_44/learning_r1	records/model_dirs/hpcasia_final/products_retry_20260920T014813Z/seed_44/learning_r1/model/cerebras_logs/20260920_050345/executors/000032/performance.json	10b40771ac3cd95d0ea30b68a72830889065cad8f2ac7becb0c0087ef3cbb5ba
hpcasia_final/products_retry_20260920T014813Z/seed_44/learning_r1	records/model_dirs/hpcasia_final/products_retry_20260920T014813Z/seed_44/learning_r1/model/cerebras_logs/20260920_050345/executors/000032/track.json	ef6e8df59b45d965f910160308c51b97371e725c106f215ebafc81a182aab40e
hpcasia_final/products_retry_20260920T014813Z/seed_44/learning_r1	records/model_dirs/hpcasia_final/products_retry_20260920T014813Z/seed_44/learning_r1/model/cerebras_logs/20260920_050345/executors/000033/performance.json	eeca0652b0ef564e88c4a76547f535027228ffc3d476f969747199c3fd6a3180
hpcasia_final/products_retry_20260920T014813Z/seed_44/learning_r1	records/model_dirs/hpcasia_final/products_retry_20260920T014813Z/seed_44/learning_r1/model/cerebras_logs/20260920_050345/executors/000033/track.json	60e70ed44f8be00b2f8b91aa851dc6427c482799d00b4fd8b9bdc4d6444b9172
hpcasia_final/products_retry_20260920T014813Z/seed_44/learning_r1	records/model_dirs/hpcasia_final/products_retry_20260920T014813Z/seed_44/learning_r1/model/cerebras_logs/20260920_050345/executors/000034/performance.json	e8912ddd4be1fe0c76eeeb0ce59ccafbe17bc840b2e200f9002a4a4b52d41e54
hpcasia_final/products_retry_20260920T014813Z/seed_44/learning_r1	records/model_dirs/hpcasia_final/products_retry_20260920T014813Z/seed_44/learning_r1/model/cerebras_logs/20260920_050345/executors/000034/track.json	8856f46f9d1adcd37f12408cf1af1765af545217fb8c42b4eff3d175108f85fa
hpcasia_final/products_retry_20260920T014813Z/seed_44/learning_r1	records/model_dirs/hpcasia_final/products_retry_20260920T014813Z/seed_44/learning_r1/model/cerebras_logs/20260920_050345/executors/000035/performance.json	b7ca2d7692fd071f6641784b3fa251b79c7ed42145a0afe7fb0a2a06346a75ab
hpcasia_final/products_retry_20260920T014813Z/seed_44/learning_r1	records/model_dirs/hpcasia_final/products_retry_20260920T014813Z/seed_44/learning_r1/model/cerebras_logs/20260920_050345/executors/000035/track.json	87d09d89913f48163f7d25d9fc5b13903e7da5d0ebe3e56e95f48fc714b81b08
hpcasia_final/products_retry_20260920T014813Z/seed_44/learning_r1	records/model_dirs/hpcasia_final/products_retry_20260920T014813Z/seed_44/learning_r1/model/cerebras_logs/20260920_050345/executors/000036/performance.json	d69c9c4da104712b882a670787c5785b98e1e50941016130d58745e83626081a
hpcasia_final/products_retry_20260920T014813Z/seed_44/learning_r1	records/model_dirs/hpcasia_final/products_retry_20260920T014813Z/seed_44/learning_r1/model/cerebras_logs/20260920_050345/executors/000036/track.json	a22c4531a0a48446076fa7899793c13265af261ba7beaac55c8302ce7140a427
hpcasia_final/products_retry_20260920T014813Z/seed_44/learning_r1	records/model_dirs/hpcasia_final/products_retry_20260920T014813Z/seed_44/learning_r1/model/cerebras_logs/20260920_050345/executors/000037/performance.json	e58f4a92132782ae0e8c4958bae616889d214a11be9bc5bdf0e52fc4ccb6f958
hpcasia_final/products_retry_20260920T014813Z/seed_44/learning_r1	records/model_dirs/hpcasia_final/products_retry_20260920T014813Z/seed_44/learning_r1/model/cerebras_logs/20260920_050345/executors/000037/track.json	afc14b970afb656fae9930d4ad83c972b34ac644e3080891893f444d5139ed29
hpcasia_final/products_retry_20260920T014813Z/seed_44/learning_r1	records/model_dirs/hpcasia_final/products_retry_20260920T014813Z/seed_44/learning_r1/model/cerebras_logs/20260920_050345/executors/000038/performance.json	89d88c6b7af147bc58484f0d3e271cb6db8bf00468af156f54f45c265437fd96
hpcasia_final/products_retry_20260920T014813Z/seed_44/learning_r1	records/model_dirs/hpcasia_final/products_retry_20260920T014813Z/seed_44/learning_r1/model/cerebras_logs/20260920_050345/executors/000038/track.json	cb1f7444215f0752697e6d99e6a0d606d191fe255d425ed91840afc352b4da9c
hpcasia_final/products_retry_20260920T014813Z/seed_44/learning_r1	records/model_dirs/hpcasia_final/products_retry_20260920T014813Z/seed_44/learning_r1/model/cerebras_logs/20260920_050345/executors/000039/performance.json	ef61a8b7aee33a6fce8c0e3e7ecffc16213cf2ee19d2720c9bb43ff7fc309308
hpcasia_final/products_retry_20260920T014813Z/seed_44/learning_r1	records/model_dirs/hpcasia_final/products_retry_20260920T014813Z/seed_44/learning_r1/model/cerebras_logs/20260920_050345/executors/000039/track.json	ae3b87e88d9205bff969ea0533117c526a32ff01a8bfa98fbe8fa03e3add0f82
hpcasia_final/products_retry_20260920T014813Z/seed_44/learning_r1	records/model_dirs/hpcasia_final/products_retry_20260920T014813Z/seed_44/learning_r1/model/cerebras_logs/20260920_050345/executors/000040/performance.json	26f87823846c5795fcd6a101f9aff3c5fb2255714fdbb9effc0068f7a6f43bc6
hpcasia_final/products_retry_20260920T014813Z/seed_44/learning_r1	records/model_dirs/hpcasia_final/products_retry_20260920T014813Z/seed_44/learning_r1/model/cerebras_logs/20260920_050345/executors/000040/track.json	a3f2e26bff1e2e0db666beb6af73bf415bcf52e3b0e4b6556ff20a59bd05b365
hpcasia_final/products_retry_20260920T014813Z/seed_44/learning_r1	records/model_dirs/hpcasia_final/products_retry_20260920T014813Z/seed_44/learning_r1/model/cerebras_logs/20260920_050345/executors/000041/performance.json	b925558caf1c9f705e773a3454dae16414b41cdf98109d0b05205b1ca6692f87
hpcasia_final/products_retry_20260920T014813Z/seed_44/learning_r1	records/model_dirs/hpcasia_final/products_retry_20260920T014813Z/seed_44/learning_r1/model/cerebras_logs/20260920_050345/executors/000041/track.json	b055422c5867ce762f02c156077d6474484ad1e89fa664b632af35d1b5a42f5f
hpcasia_final/products_retry_20260920T014813Z/seed_44/learning_r1	records/model_dirs/hpcasia_final/products_retry_20260920T014813Z/seed_44/learning_r1/model/cerebras_logs/20260920_050345/executors/000042/performance.json	768b10a81e40937fe7a7ac17b578e74c371408c83dbb358920ef7cdce9349ef0
hpcasia_final/products_retry_20260920T014813Z/seed_44/learning_r1	records/model_dirs/hpcasia_final/products_retry_20260920T014813Z/seed_44/learning_r1/model/cerebras_logs/20260920_050345/executors/000042/track.json	426082a9235039cad339cb2d0cdd5d137c77633b0cc4bd8e82e1fb3da3136f31
hpcasia_final/products_retry_20260920T014813Z/seed_44/learning_r1	records/model_dirs/hpcasia_final/products_retry_20260920T014813Z/seed_44/learning_r1/model/cerebras_logs/20260920_050345/executors/000043/performance.json	9fd3c325532faf43c72f495c57655441e66fb8b9d3311ab1c7a03a64452df454
hpcasia_final/products_retry_20260920T014813Z/seed_44/learning_r1	records/model_dirs/hpcasia_final/products_retry_20260920T014813Z/seed_44/learning_r1/model/cerebras_logs/20260920_050345/executors/000043/track.json	6136e9d20c502e22bfdadac28d3cf62a5dcdfc10ae4c0bcf159b8f4ae57e2e6a
hpcasia_final/products_retry_20260920T014813Z/seed_44/learning_r1	records/model_dirs/hpcasia_final/products_retry_20260920T014813Z/seed_44/learning_r1/model/cerebras_logs/20260920_050345/executors/000044/performance.json	32da9d1c531f6109d5709844b1813fda23505944465cb96b12a2b41e44ec3cb9
hpcasia_final/products_retry_20260920T014813Z/seed_44/learning_r1	records/model_dirs/hpcasia_final/products_retry_20260920T014813Z/seed_44/learning_r1/model/cerebras_logs/20260920_050345/executors/000044/track.json	e55884f57e25d1cf645bd85e4b1c10c96986cb7063a812f8333329a0a8aeb98e
hpcasia_final/products_retry_20260920T014813Z/seed_44/learning_r1	records/model_dirs/hpcasia_final/products_retry_20260920T014813Z/seed_44/learning_r1/model/cerebras_logs/20260920_050345/executors/000045/performance.json	7adc0aa6eb13c0a1182ec44dcc34c6f54207fa701aef3a929f056d0bbc5dc097
hpcasia_final/products_retry_20260920T014813Z/seed_44/learning_r1	records/model_dirs/hpcasia_final/products_retry_20260920T014813Z/seed_44/learning_r1/model/cerebras_logs/20260920_050345/executors/000045/track.json	e6140415c1e3196efe65318a9c339c36da29623387a7e82497165f522cb678fc
hpcasia_final/products_retry_20260920T014813Z/seed_44/learning_r1	records/model_dirs/hpcasia_final/products_retry_20260920T014813Z/seed_44/learning_r1/model/cerebras_logs/20260920_050345/executors/000046/performance.json	cb1bdea1c4bc5dfc2f867ef02022d6fa9404cfe040ac007caf761f117923a856
hpcasia_final/products_retry_20260920T014813Z/seed_44/learning_r1	records/model_dirs/hpcasia_final/products_retry_20260920T014813Z/seed_44/learning_r1/model/cerebras_logs/20260920_050345/executors/000046/track.json	66920cc6b5e0cb3e13713356cac5079d7fd668ccbd272c439db5de8b3d34b5d5
hpcasia_final/products_retry_20260920T014813Z/seed_44/learning_r1	records/model_dirs/hpcasia_final/products_retry_20260920T014813Z/seed_44/learning_r1/model/cerebras_logs/20260920_050345/executors/000047/performance.json	c28f7a027ed8796e960318bbef2be38242684b58e7333f22411155a4039d5261
hpcasia_final/products_retry_20260920T014813Z/seed_44/learning_r1	records/model_dirs/hpcasia_final/products_retry_20260920T014813Z/seed_44/learning_r1/model/cerebras_logs/20260920_050345/executors/000047/track.json	f89ef59c8d2773376144400a608ed579ed7cfaa586e585c756f40fb8221a8136
hpcasia_final/products_retry_20260920T014813Z/seed_44/learning_r1	records/model_dirs/hpcasia_final/products_retry_20260920T014813Z/seed_44/learning_r1/model/cerebras_logs/20260920_050345/executors/000048/performance.json	c56865e46269d421ed6e0ddea5007681fa867b094e0f8385f1b43ed031accfdd
hpcasia_final/products_retry_20260920T014813Z/seed_44/learning_r1	records/model_dirs/hpcasia_final/products_retry_20260920T014813Z/seed_44/learning_r1/model/cerebras_logs/20260920_050345/executors/000048/track.json	15a2b4f451ae14d736fb34b53fa6d9f0ebacffd8c52cc4866165a42ad0fb0572
hpcasia_final/products_retry_20260920T014813Z/seed_44/learning_r1	records/model_dirs/hpcasia_final/products_retry_20260920T014813Z/seed_44/learning_r1/model/cerebras_logs/20260920_050345/executors/000049/performance.json	e9a8dd888d7e0d6baf0edcaa1ce0c77c6f8b542b5d6dc412ae120b632aac70ea
hpcasia_final/products_retry_20260920T014813Z/seed_44/learning_r1	records/model_dirs/hpcasia_final/products_retry_20260920T014813Z/seed_44/learning_r1/model/cerebras_logs/20260920_050345/executors/000049/track.json	4f2caa53b9277682be6df51f3fd999b6525c1bf7a24702bb9dbdcfe5cc600a7a
hpcasia_final/products_retry_20260920T014813Z/seed_44/learning_r1	records/model_dirs/hpcasia_final/products_retry_20260920T014813Z/seed_44/learning_r1/model/cerebras_logs/20260920_050345/executors/000050/performance.json	f778ae65f9f3bada98ccef727f3e7a1698087305969b124971c22661d0f0b925
hpcasia_final/products_retry_20260920T014813Z/seed_44/learning_r1	records/model_dirs/hpcasia_final/products_retry_20260920T014813Z/seed_44/learning_r1/model/cerebras_logs/20260920_050345/executors/000050/track.json	0d64f32d82bf6027f4827fd9d879ba5d1fd73c2a8b7f1473f1788931bfc8bdf3
hpcasia_final/products_retry_20260920T014813Z/seed_44/throughput_r1	records/model_dirs/hpcasia_final/products_retry_20260920T014813Z/seed_44/throughput_r1/model/cerebras_logs/20260920_073834/executors/000001/performance.json	c5a7aede9407809bc027901e1671de72a2e5525982fc8d1a88ac85ae215061b2
hpcasia_final/products_retry_20260920T014813Z/seed_44/throughput_r1	records/model_dirs/hpcasia_final/products_retry_20260920T014813Z/seed_44/throughput_r1/model/cerebras_logs/20260920_073834/executors/000001/track.json	86d8100417cc1aa74193d50fd2425200f8982ef3d8755468b9f8caedd2b9cd34
hpcasia_final/products_retry_20260920T014813Z/seed_44/throughput_r2	records/model_dirs/hpcasia_final/products_retry_20260920T014813Z/seed_44/throughput_r2/model/cerebras_logs/20260920_084452/executors/000001/performance.json	90cbac2c68352fed3028bb23be1976208e8dbfc6c326d79e3f7034ea8b0b2ee2
hpcasia_final/products_retry_20260920T014813Z/seed_44/throughput_r2	records/model_dirs/hpcasia_final/products_retry_20260920T014813Z/seed_44/throughput_r2/model/cerebras_logs/20260920_084452/executors/000001/track.json	3cbda8d399718780970c3f8546e1384bcb7aca5a7103fa2349a86b315c547e57
hpcasia_final/products_retry_20260920T014813Z/seed_44/throughput_r3	records/model_dirs/hpcasia_final/products_retry_20260920T014813Z/seed_44/throughput_r3/model/cerebras_logs/20260920_095131/executors/000001/performance.json	e5716167ef584d9685f5bf00a85853d0c9e43b264aa4d8f395e1a1c536282c29
hpcasia_final/products_retry_20260920T014813Z/seed_44/throughput_r3	records/model_dirs/hpcasia_final/products_retry_20260920T014813Z/seed_44/throughput_r3/model/cerebras_logs/20260920_095131/executors/000001/track.json	020585533523e2def8c0590cea3dd127320e8f308a2708cc0e12a1fb282f9c31
hpcasia_final/products_20260922T151528.153532Z/seed_42/throughput_r1	records/model_dirs/hpcasia_final/products_20260922T151528.153532Z/seed_42/throughput_r1/model/cerebras_logs/20260922_151546/executors/000001/performance.json	de1ad9c7d6e28b8cef12a1f442ddbe357b1ebfb55832de185b2d6d0484bc3cf1
hpcasia_final/products_20260922T151528.153532Z/seed_42/throughput_r1	records/model_dirs/hpcasia_final/products_20260922T151528.153532Z/seed_42/throughput_r1/model/cerebras_logs/20260922_151546/executors/000001/track.json	19b014aa889d6928510787b08298942d0af421538c10be22d3b09d324414954f
hpcasia_worker_n6_20260924T155039Z/balance_w04_p2_s1_r6	records/model_dirs/hpcasia_worker_n6_20260924T155039Z/balance_w04_p2_s1_r6/model/cerebras_logs/20260924_155101/executors/000001/track.json	372cd878586530f753d9c3a604212bb41ef4d4520f9ac7e4289ecae2f56a07ce
hpcasia_worker_n6_20260924T155039Z/balance_w04_p2_s1_r6	records/model_dirs/hpcasia_worker_n6_20260924T155039Z/balance_w04_p2_s1_r6/model/cerebras_logs/20260924_155101/executors/000001/performance.json	bdfcb8ecfcdbadd9c12c4a57fb4112ec7c375a6f3cd51605410f1a48d444901e
hpcasia_worker_n6_20260924T155039Z/balance_w08_p2_s1_r5	records/model_dirs/hpcasia_worker_n6_20260924T155039Z/balance_w08_p2_s1_r5/model/cerebras_logs/20260924_161100/executors/000001/track.json	57ad62d26cc822b40545027863987c411d42e4557b94f5235279a66a0c6e576c
hpcasia_worker_n6_20260924T155039Z/balance_w08_p2_s1_r5	records/model_dirs/hpcasia_worker_n6_20260924T155039Z/balance_w08_p2_s1_r5/model/cerebras_logs/20260924_161100/executors/000001/performance.json	042f88e71c6ea6ff4231f22368098f44722b54bb75a90f0a20dcaa228e802384
hpcasia_worker_n6_20260924T155039Z/balance_w08_p2_s1_r6	records/model_dirs/hpcasia_worker_n6_20260924T155039Z/balance_w08_p2_s1_r6/model/cerebras_logs/20260924_162629/executors/000001/track.json	1454ba0571b8f06ec48e4c6a529e82ae5eee8b90736ea57a628fa1343a213eee
hpcasia_worker_n6_20260924T155039Z/balance_w08_p2_s1_r6	records/model_dirs/hpcasia_worker_n6_20260924T155039Z/balance_w08_p2_s1_r6/model/cerebras_logs/20260924_162629/executors/000001/performance.json	b777cf13dd40c5b99204fd0c60e8343df032e3bb17f101d178a840f12f362eca
