$REPO_ROOT/.venv/lib/python3.11/site-packages/outdated/__init__.py:36: UserWarning: pkg_resources is deprecated as an API. See https://setuptools.pypa.io/en/latest/pkg_resources.html. The pkg_resources package is slated for removal as early as 2025-11-30. Refrain from using this package or pin to Setuptools<81.
  from pkg_resources import parse_version
2026-09-19 10:15:35,772 INFO:   Connectivity check: running command: ping -c 1 -W 3 10.125.8.2
2026-09-19 10:15:35,778 INFO:   Connectivity check succeeded.
2026-09-19 10:15:35,801 INFO:   Appliance client semantic version: 1.14.0, cluster server semantic version: 1.20.2, job operator semantic version: 1.20.2
2026-09-19 10:15:35,804 INFO:   Successfully initialized workflow with id: wflow-rxpvwkobpvyxufl4yhrgy7
2026-09-19 10:15:35,810 WARNING:   The trainer configuration for train_and_eval does not configure checkpointing. In the event of a failure, the run will be restarted from the beginning. If this is not intentional, please specifiy a checkpoint callback with a checkpointing frequency to enable auto-restarting from previously saved checkpoints.
2026-09-19 10:15:35,810 INFO:   Spawning child process for the fit run ...
2026-09-19 10:15:35,815 INFO:   Child process started with pid: 3028258
$REPO_ROOT/.venv/lib/python3.11/site-packages/outdated/__init__.py:36: UserWarning: pkg_resources is deprecated as an API. See https://setuptools.pypa.io/en/latest/pkg_resources.html. The pkg_resources package is slated for removal as early as 2025-11-30. Refrain from using this package or pin to Setuptools<81.
  from pkg_resources import parse_version
2026-09-19 10:15:41,642 INFO:   Current Working Directory: $REPO_ROOT/src/cerebras/modelzoo/models/gnn
2026-09-19 10:15:41,643 INFO:   Running command: $REPO_ROOT/src/cerebras/modelzoo/cli/main.py fit $REPO_ROOT/model_dirs/hpcasia_final/products_20260919T033108.186214Z/seed_43/learning_r1/params.yaml --target_device CSX --model_dir $REPO_ROOT/model_dirs/hpcasia_final/products_20260919T033108.186214Z/seed_43/learning_r1/model
2026-09-19 10:15:42,158 INFO:   No checkpoint was provided. Using randomly initialized model parameters.
2026-09-19 10:15:42,158 INFO:   Ordinal 0: Initializing GNNDataProcessor for dataset 'ogbn-products' (split=train, mode=neighbor).
$REPO_ROOT/.venv/lib/python3.11/site-packages/ogb/nodeproppred/dataset_pyg.py:69: FutureWarning: You are using `torch.load` with `weights_only=False` (the current default value), which uses the default pickle module implicitly. It is possible to construct malicious pickle data which will execute arbitrary code during unpickling (See https://github.com/pytorch/pytorch/blob/main/SECURITY.md#untrusted-models for more details). In a future release, the default value for `weights_only` will be flipped to `True`. This limits the functions that could be executed during unpickling. Arbitrary objects will no longer be allowed to be loaded via this mode unless they are explicitly allowlisted by the user via `torch.serialization.add_safe_globals`. We recommend you start setting `weights_only=True` for any use case where you don't have full control of the loaded file. Please open an issue on GitHub for any issues related to this experimental feature.
  self.data, self.slices = torch.load(self.processed_paths[0])
GNN_INPUT_CONTRACT {"batch_index_origin": 0, "batch_size": 4096, "count_basis": "deterministic loader schedule; not device counters", "dataset_name": "ogbn-products", "drop_last": false, "event": "gnn_input_contract", "num_streamers": 1, "ordered_targets_and_labels_sha256": "e84443d184dd29b2cc2adf96f5762ff9a40cb54a2c5a961bf5500f8529e3f478", "restartable": false, "sampler_seed": 43, "seed_nodes_by_batch": [4096, 4096, 4096, 4096, 4096, 4096, 4096, 4096, 4096, 4096, 4096, 4096, 4096, 4096, 4096, 4096, 4096, 4096, 4096, 4096, 4096, 4096, 4096, 4096, 4096, 4096, 4096, 4096, 4096, 4096, 4096, 4096, 4096, 4096, 4096, 4096, 4096, 4096, 4096, 4096, 4096, 4096, 4096, 4096, 4096, 4096, 4096, 4096, 7], "seed_nodes_per_epoch": 196615, "shuffle": true, "source_seed_nodes": 196615, "split": "train", "static_batch_cache_size": 0, "supervised_targets_by_batch": [4096, 4096, 4096, 4096, 4096, 4096, 4096, 4096, 4096, 4096, 4096, 4096, 4096, 4096, 4096, 4096, 4096, 4096, 4096, 4096, 4096, 4096, 4096, 4096, 4096, 4096, 4096, 4096, 4096, 4096, 4096, 4096, 4096, 4096, 4096, 4096, 4096, 4096, 4096, 4096, 4096, 4096, 4096, 4096, 4096, 4096, 4096, 4096, 7], "traversal": "continuous_sequential_batches", "traversal_scope": "single_data_executor", "version": 1}
2026-09-19 10:16:03,393 INFO:   Connectivity check: running command: ping -c 1 -W 3 10.125.8.2
2026-09-19 10:16:03,399 INFO:   Connectivity check succeeded.
2026-09-19 10:16:03,418 INFO:   Appliance client semantic version: 1.14.0, cluster server semantic version: 1.20.2, job operator semantic version: 1.20.2
2026-09-19 10:16:03,419 INFO:   ===========================================================================
2026-09-19 10:16:03,419 INFO:   Trainer Fit Summary
2026-09-19 10:16:03,419 INFO:   ---------------------------------------------------------------------------
2026-09-19 10:16:03,419 INFO:   Trainer will run 25 train loops, interleaving validation as follows:
2026-09-19 10:16:03,419 INFO:   * val_dataloader_2 after every train loop
2026-09-19 10:16:03,419 INFO:   
2026-09-19 10:16:03,419 INFO:   Train steps per train loop:
2026-09-19 10:16:03,419 INFO:   * 25 loops of 40 steps
2026-09-19 10:16:03,419 INFO:   for a total of 1000 train steps.
2026-09-19 10:16:03,419 INFO:   
2026-09-19 10:16:03,419 INFO:   Progress will be logged every 10 steps.
2026-09-19 10:16:03,419 INFO:   ===========================================================================
2026-09-19 10:16:03,419 INFO:   ---------------------------------------------------------------------------
2026-09-19 10:16:03,419 INFO:   Starting train loop 1 of 25, from global step 1 to 40 (40 steps)
2026-09-19 10:16:03,419 INFO:   ---------------------------------------------------------------------------
2026-09-19 10:16:12,249 INFO:   Compiling the model. This may take a few minutes.
2026-09-19 10:16:12,249 INFO:   Connectivity check: running command: ping -c 1 -W 3 10.125.8.2
2026-09-19 10:16:12,255 INFO:   Connectivity check succeeded.
2026-09-19 10:16:12,274 INFO:   Appliance client semantic version: 1.14.0, cluster server semantic version: 1.20.2, job operator semantic version: 1.20.2
2026-09-19 10:16:13,442 INFO:   Initiating a new image build job against the cluster server.
2026-09-19 10:16:13,460 INFO:   Job id: imgjob-42280d4f85d91291dacb2ef766350f15, workflow id: wflow-rxpvwkobpvyxufl4yhrgy7, namespace: job-operator, remote log path: /n1/wsjob/workdir/job-operator/imgjob-42280d4f85d91291dacb2ef766350f15
2026-09-19 10:16:13,463 INFO:   Connectivity check: running command: ping -c 1 -W 3 10.125.8.2
2026-09-19 10:16:13,468 INFO:   Connectivity check succeeded.
2026-09-19 10:16:13,484 INFO:   Appliance client semantic version: 1.14.0, cluster server semantic version: 1.20.2, job operator semantic version: 1.20.2
2026-09-19 10:16:13,502 INFO:   Initiating a new compile wsjob against the cluster server.
2026-09-19 10:16:13,525 INFO:   Job id: wsjob-p6eyl4uwxhfxscr7vws63q, workflow id: wflow-rxpvwkobpvyxufl4yhrgy7, namespace: job-operator, remote log path: /n1/wsjob/workdir/job-operator/wsjob-p6eyl4uwxhfxscr7vws63q
2026-09-19 10:16:33,526 INFO:   Poll ingress status: Waiting for all Coordinator pods to be running, current running: 0/1.
2026-09-19 10:16:33,530 INFO:   Recording the timestamp when jobs is scheduled.
2026-09-19 10:16:33,547 WARNING:   Event 2026-09-19 10:16:14 +0000 UTC reason=InconsistentVersion wsjob=wsjob-p6eyl4uwxhfxscr7vws63q message='Warning: client semantic version 1.14.0 is inconsistent with cluster server semantic version 1.20.2, there's a risk job could fail due to inconsistent setup.'
2026-09-19 10:16:43,547 INFO:   Poll ingress status: Waiting for job ingress readiness.
2026-09-19 10:16:53,564 INFO:   Poll ingress status: Job ingress ready, dashboard: <internal-dashboard-url>
2026-09-19 10:16:53,576 INFO:   Poll ingress success: Job ingress ready, dashboard: <internal-dashboard-url>
2026-09-19 10:16:53,587 INFO:   Finalizing out-of-cluster job handle with ingress service url: 
2026-09-19 10:16:53,587 WARNING:   Empty ingress service url. Falling back to default server: 10.125.8.2:443
2026-09-19 10:16:54,119 INFO:   Pre-optimization transforms...
2026-09-19 10:16:54,276 INFO:   Optimizing layouts and memory usage...
2026-09-19 10:16:54,279 INFO:   Gradient accumulation enabled
2026-09-19 10:16:54,279 INFO:   Gradient accumulation trying micro batch size 16...
2026-09-19 10:16:54,584 INFO:   Exploring floorplans
2026-09-19 10:25:59,712 INFO:   Exploring data layouts
2026-09-19 10:26:17,280 INFO:   Optimizing memory usage
2026-09-19 10:26:18,895 INFO:   Gradient accumulation trying micro batch size 256...
2026-09-19 10:26:18,988 INFO:   Exploring floorplans
2026-09-19 10:28:04,015 INFO:   Exploring data layouts
2026-09-19 10:28:16,378 INFO:   Optimizing memory usage
2026-09-19 10:28:16,752 INFO:   Gradient accumulation trying micro batch size 64...
2026-09-19 10:28:16,884 INFO:   Exploring floorplans
2026-09-19 10:31:45,561 INFO:   Exploring data layouts
2026-09-19 10:31:57,034 INFO:   Optimizing memory usage
2026-09-19 10:31:57,575 INFO:   Gradient accumulation trying micro batch size 1024...
2026-09-19 10:31:57,656 INFO:   Exploring floorplans
2026-09-19 10:32:20,859 INFO:   Exploring data layouts
2026-09-19 10:32:32,715 INFO:   Optimizing memory usage
2026-09-19 10:32:33,501 INFO:   Gradient accumulation trying micro batch size 512...
2026-09-19 10:32:33,588 INFO:   Exploring floorplans
2026-09-19 10:33:24,370 INFO:   Exploring data layouts
2026-09-19 10:33:34,268 INFO:   Optimizing memory usage
2026-09-19 10:33:34,927 INFO:   Gradient accumulation trying micro batch size 2048...
2026-09-19 10:33:35,007 INFO:   Exploring floorplans
2026-09-19 10:33:46,094 INFO:   Exploring data layouts...
2026-09-19 10:33:46,135 INFO:   Gradient accumulation showed a benefit
2026-09-19 10:33:46,139 INFO:   Post-layout optimizations for <pbox=0, vbox=0, microbatch=1024, lanes=256>...
2026-09-19 10:33:46,140 INFO:   Post-layout optimizations for <pbox=0, vbox=0, microbatch=512, lanes=171>...
2026-09-19 10:33:46,140 INFO:   Post-layout optimizations for <pbox=0, vbox=0, microbatch=256, lanes=64>...
2026-09-19 10:33:46,141 INFO:   Post-layout optimizations for <pbox=0, vbox=0, microbatch=512, lanes=128>...
2026-09-19 10:33:46,141 INFO:   Post-layout optimizations for <pbox=0, vbox=0, microbatch=1024, lanes=342>...
2026-09-19 10:33:46,277 INFO:   Allocating buffers for <pbox=0, vbox=0, microbatch=1024, lanes=256>...
2026-09-19 10:33:46,286 INFO:   Allocating buffers for <pbox=0, vbox=0, microbatch=512, lanes=128>...
2026-09-19 10:33:46,288 INFO:   Allocating buffers for <pbox=0, vbox=0, microbatch=1024, lanes=342>...
2026-09-19 10:33:46,291 INFO:   Allocating buffers for <pbox=0, vbox=0, microbatch=512, lanes=171>...
2026-09-19 10:33:46,302 INFO:   Allocating buffers for <pbox=0, vbox=0, microbatch=256, lanes=64>...
2026-09-19 10:33:46,431 INFO:   Code generation for <pbox=0, vbox=0, microbatch=512, lanes=171>...
2026-09-19 10:33:46,432 INFO:   Code generation for <pbox=0, vbox=0, microbatch=512, lanes=128>...
2026-09-19 10:33:46,432 INFO:   Code generation for <pbox=0, vbox=0, microbatch=1024, lanes=256>...
2026-09-19 10:33:46,433 INFO:   Code generation for <pbox=0, vbox=0, microbatch=256, lanes=64>...
2026-09-19 10:33:46,433 INFO:   Code generation for <pbox=0, vbox=0, microbatch=1024, lanes=342>...
2026-09-19 10:33:48,040 INFO:   Gradient accumulation picked micro batch size 1024
2026-09-19 10:33:48,065 WARNING:   Non Plan-of-Record Secondary Rack setup - Insufficient Bandwidth Available
    Activation servers can only saturate 83 activation WIOs, but 103 are allocated)

2026-09-19 10:33:48,596 INFO:   Compile estimated performance: 15076 samples/sec (15076 samples/sec/system). Estimate may vary by 10-25% from actual runtime performance.
2026-09-19 10:33:50,677 INFO:   Compiling image...
2026-09-19 10:33:50,768 INFO:   Compiling kernels
2026-09-19 10:34:36,174 INFO:   Compiling final image
2026-09-19 10:35:23,103 INFO:   Using power profile none

2026-09-19 10:35:23,204 INFO:   Compile artifacts successfully written to remote compile directory. Compile hash is: cs_1860238076782471050
2026-09-19 10:35:23,697 ERROR:   Image build job imgjob-42280d4f85d91291dacb2ef766350f15 failed. Please check the error log in $REPO_ROOT/model_dirs/hpcasia_final/products_20260919T033108.186214Z/seed_43/learning_r1/model/cerebras_logs/20260919_101541/executors/000001/custom_worker_build.out. 
2026-09-19 10:35:23,697 INFO:   Falling back to venv mounting.
2026-09-19 10:35:23,700 INFO:   Compile was successful!
2026-09-19 10:35:23,700 INFO:   Programming Cerebras Wafer Scale Cluster for execution. This may take a few minutes.
2026-09-19 10:35:25,709 INFO:   Connectivity check: running command: ping -c 1 -W 3 10.125.8.2
2026-09-19 10:35:25,716 INFO:   Connectivity check succeeded.
2026-09-19 10:35:25,731 INFO:   Appliance client semantic version: 1.14.0, cluster server semantic version: 1.20.2, job operator semantic version: 1.20.2
2026-09-19 10:35:25,734 INFO:   Initiating a new execute wsjob against the cluster server.
2026-09-19 10:35:25,773 INFO:   Job id: wsjob-3qv5kzj8ybrtx2pv3xhwnd, workflow id: wflow-rxpvwkobpvyxufl4yhrgy7, namespace: job-operator, remote log path: /n1/wsjob/workdir/job-operator/wsjob-3qv5kzj8ybrtx2pv3xhwnd
2026-09-19 10:35:45,773 INFO:   Poll ingress status: Waiting for job to be scheduled, current job status: Queueing, msg: job queueing to be scheduled. Job queue status: current job is top of queue but likely blocked by running/reserved jobs, 1 execute job(s) running/reserved using 1 system(s) and 1 nodegroup(s)[1 pop and 0 depop], 2 compile job(s) running/reserved using 90Gi memory. For more information, please run 'csctl get job wsjob-3qv5kzj8ybrtx2pv3xhwnd --pending-status'.
2026-09-19 10:35:55,774 INFO:   Poll ingress status: Waiting for all Weight pods to be running, current running: 0/2.
2026-09-19 10:35:55,777 INFO:   Recording the timestamp when jobs is scheduled.
2026-09-19 10:35:55,795 WARNING:   Event 2026-09-19 10:35:41 +0000 UTC reason=InconsistentVersion wsjob=wsjob-3qv5kzj8ybrtx2pv3xhwnd message='Warning: client semantic version 1.14.0 is inconsistent with cluster server semantic version 1.20.2, there's a risk job could fail due to inconsistent setup.'
2026-09-19 10:35:55,795 INFO:   Infrastructure setup started for job wsjob-3qv5kzj8ybrtx2pv3xhwnd
2026-09-19 10:36:05,795 INFO:   Poll ingress status: Waiting for all Command pods to be running, current running: 0/1.
2026-09-19 10:36:05,806 INFO:   Infrastructure setup completed successfully for job wsjob-3qv5kzj8ybrtx2pv3xhwnd
2026-09-19 10:36:15,806 INFO:   Poll ingress status: Waiting for all Activation pods to be running, current running: 19/21.
2026-09-19 10:36:15,817 INFO:   Infrastructure setup completed successfully for job wsjob-3qv5kzj8ybrtx2pv3xhwnd
2026-09-19 10:36:25,817 INFO:   Poll ingress status: Job ingress ready, dashboard: <internal-dashboard-url>
2026-09-19 10:36:25,828 INFO:   Infrastructure setup completed successfully for job wsjob-3qv5kzj8ybrtx2pv3xhwnd
2026-09-19 10:36:25,828 INFO:   Poll ingress success: Job ingress ready, dashboard: <internal-dashboard-url>
2026-09-19 10:36:25,841 INFO:   Finalizing out-of-cluster job handle with ingress service url: 
2026-09-19 10:36:25,841 WARNING:   Empty ingress service url. Falling back to default server: 10.125.8.2:443
2026-09-19 10:36:25,920 INFO:   Preparing to execute using 1 CSX
2026-09-19 10:36:43,332 INFO:   About to send initial weights
2026-09-19 10:36:43,523 INFO:   Finished sending initial weights
2026-09-19 10:36:43,523 INFO:   Finalizing appliance staging for the run
2026-09-19 10:36:50,073 INFO:   Waiting for device programming to complete
2026-09-19 10:37:03,052 INFO:   Device programming is complete
2026-09-19 10:37:03,353 INFO:   Using network type: ROCE
2026-09-19 10:37:03,354 INFO:   Waiting for input workers to prime the data pipeline and begin streaming ...
2026-09-19 10:37:03,373 INFO:   Input workers have begun streaming input data
2026-09-19 10:37:03,503 INFO:   Appliance staging is complete
2026-09-19 10:37:03,503 INFO:   Beginning appliance run
2026-09-19 10:37:22,187 INFO:   | Train Device=CSX, Step=10, Loss=3.47683, Rate=2767.88 samples/sec, GlobalRate=32.20 samples/sec, LoopTimeRemaining=0:00:43, TimeRemaining>8:47:30
2026-09-19 10:37:42,299 INFO:   | Train Device=CSX, Step=20, Loss=2.69869, Rate=3265.71 samples/sec, GlobalRate=63.40 samples/sec, LoopTimeRemaining=0:00:28, TimeRemaining>8:47:08
2026-09-19 10:38:06,686 INFO:   | Train Device=CSX, Step=30, Loss=2.20280, Rate=2910.05 samples/sec, GlobalRate=93.34 samples/sec, LoopTimeRemaining=0:00:13, TimeRemaining>8:44:58
2026-09-19 10:38:26,419 INFO:   | Train Device=CSX, Step=40, Loss=1.84471, Rate=3469.83 samples/sec, GlobalRate=122.62 samples/sec, LoopTimeRemaining=0:00:00, TimeRemaining>8:43:15
2026-09-19 10:38:26,524 INFO:   Training completed successfully!
2026-09-19 10:38:26,540 INFO:   Ordinal 0: Initializing GNNDataProcessor for dataset 'ogbn-products' (split=valid, mode=neighbor).
$REPO_ROOT/.venv/lib/python3.11/site-packages/ogb/nodeproppred/dataset_pyg.py:69: FutureWarning: You are using `torch.load` with `weights_only=False` (the current default value), which uses the default pickle module implicitly. It is possible to construct malicious pickle data which will execute arbitrary code during unpickling (See https://github.com/pytorch/pytorch/blob/main/SECURITY.md#untrusted-models for more details). In a future release, the default value for `weights_only` will be flipped to `True`. This limits the functions that could be executed during unpickling. Arbitrary objects will no longer be allowed to be loaded via this mode unless they are explicitly allowlisted by the user via `torch.serialization.add_safe_globals`. We recommend you start setting `weights_only=True` for any use case where you don't have full control of the loaded file. Please open an issue on GitHub for any issues related to this experimental feature.
  self.data, self.slices = torch.load(self.processed_paths[0])
2026-09-19 10:38:48,795 INFO:   Ordinal 0: Initializing GNNDataProcessor for dataset 'ogbn-products' (split=valid, mode=neighbor).
$REPO_ROOT/.venv/lib/python3.11/site-packages/ogb/nodeproppred/dataset_pyg.py:69: FutureWarning: You are using `torch.load` with `weights_only=False` (the current default value), which uses the default pickle module implicitly. It is possible to construct malicious pickle data which will execute arbitrary code during unpickling (See https://github.com/pytorch/pytorch/blob/main/SECURITY.md#untrusted-models for more details). In a future release, the default value for `weights_only` will be flipped to `True`. This limits the functions that could be executed during unpickling. Arbitrary objects will no longer be allowed to be loaded via this mode unless they are explicitly allowlisted by the user via `torch.serialization.add_safe_globals`. We recommend you start setting `weights_only=True` for any use case where you don't have full control of the loaded file. Please open an issue on GitHub for any issues related to this experimental feature.
  self.data, self.slices = torch.load(self.processed_paths[0])
2026-09-19 10:39:18,611 INFO:   ---------------------------------------------------------------------------
2026-09-19 10:39:18,611 INFO:   Starting val_dataloader_2 loop 1 of 25, with 10 steps
2026-09-19 10:39:18,611 INFO:   ---------------------------------------------------------------------------
2026-09-19 10:39:20,795 INFO:   Compiling the model. This may take a few minutes.
2026-09-19 10:39:20,796 INFO:   Connectivity check: running command: ping -c 1 -W 3 10.125.8.2
2026-09-19 10:39:20,802 INFO:   Connectivity check succeeded.
2026-09-19 10:39:20,819 INFO:   Appliance client semantic version: 1.14.0, cluster server semantic version: 1.20.2, job operator semantic version: 1.20.2
2026-09-19 10:39:20,837 INFO:   Initiating a new compile wsjob against the cluster server.
2026-09-19 10:39:20,863 INFO:   Job id: wsjob-9h5afmw5mxwmkynnk4lazz, workflow id: wflow-rxpvwkobpvyxufl4yhrgy7, namespace: job-operator, remote log path: /n1/wsjob/workdir/job-operator/wsjob-9h5afmw5mxwmkynnk4lazz
2026-09-19 10:39:40,863 INFO:   Poll ingress status: Waiting for all Coordinator pods to be running, current running: 0/1.
2026-09-19 10:39:40,866 INFO:   Recording the timestamp when jobs is scheduled.
2026-09-19 10:39:40,884 WARNING:   Event 2026-09-19 10:39:21 +0000 UTC reason=InconsistentVersion wsjob=wsjob-9h5afmw5mxwmkynnk4lazz message='Warning: client semantic version 1.14.0 is inconsistent with cluster server semantic version 1.20.2, there's a risk job could fail due to inconsistent setup.'
2026-09-19 10:39:50,884 INFO:   Poll ingress status: Waiting for job ingress readiness.
2026-09-19 10:40:00,896 INFO:   Poll ingress status: Job ingress ready, dashboard: <internal-dashboard-url>
2026-09-19 10:40:00,905 INFO:   Poll ingress success: Job ingress ready, dashboard: <internal-dashboard-url>
2026-09-19 10:40:00,917 INFO:   Finalizing out-of-cluster job handle with ingress service url: 
2026-09-19 10:40:00,917 WARNING:   Empty ingress service url. Falling back to default server: 10.125.8.2:443
2026-09-19 10:40:00,970 INFO:   Found existing cached compile with hash: "cs_2775220529823632350"
2026-09-19 10:40:02,798 INFO:   Using power profile none

2026-09-19 10:40:02,812 INFO:   Compile artifacts successfully written to remote compile directory. Compile hash is: cs_2775220529823632350
2026-09-19 10:40:10,881 INFO:   Compile was successful!
2026-09-19 10:40:10,889 INFO:   Programming Cerebras Wafer Scale Cluster for execution. This may take a few minutes.
2026-09-19 10:40:10,889 INFO:   Preparing to execute using 1 CSX
2026-09-19 10:40:21,234 INFO:   About to send initial weights
2026-09-19 10:40:21,245 INFO:   Finished sending initial weights
2026-09-19 10:40:21,245 INFO:   Finalizing appliance staging for the run
2026-09-19 10:40:25,098 INFO:   Waiting for device programming to complete
2026-09-19 10:40:44,214 INFO:   Device programming is complete
2026-09-19 10:40:44,508 INFO:   Using network type: ROCE
2026-09-19 10:40:44,509 INFO:   Waiting for input workers to prime the data pipeline and begin streaming ...
2026-09-19 10:40:44,522 INFO:   Input workers have begun streaming input data
2026-09-19 10:40:44,594 INFO:   Appliance staging is complete
2026-09-19 10:40:44,594 INFO:   Beginning appliance run
2026-09-19 10:40:51,792 INFO:   | Eval Device=CSX, GlobalStep=40, Batch=10, Loss=1.72114, Rate=3576.76 samples/sec, GlobalRate=439.57 samples/sec, LoopTimeRemaining=0:00:00, TimeRemaining>9:39:49
2026-09-19 10:40:51,830 INFO:   Avg Eval Loss: 1.7211405992507935
2026-09-19 10:40:51,832 INFO:   Evaluation metrics:
2026-09-19 10:40:51,833 INFO:     - eval/masked_accuracy = 0.49940237402915955
2026-09-19 10:40:51,833 INFO:   Evaluation completed successfully!
2026-09-19 10:40:51,838 INFO:   ---------------------------------------------------------------------------
2026-09-19 10:40:51,838 INFO:   Starting train loop 2 of 25, from global step 41 to 80 (40 steps)
2026-09-19 10:40:51,838 INFO:   ---------------------------------------------------------------------------
2026-09-19 10:41:00,979 INFO:   Compiling the model. This may take a few minutes.
2026-09-19 10:41:00,979 INFO:   Found existing cached compile.
2026-09-19 10:41:00,979 INFO:   Compile was successful!
2026-09-19 10:41:00,980 INFO:   Programming Cerebras Wafer Scale Cluster for execution. This may take a few minutes.
2026-09-19 10:41:00,981 INFO:   Preparing to execute using 1 CSX
2026-09-19 10:41:27,829 INFO:   About to send initial weights
2026-09-19 10:41:27,865 INFO:   Finished sending initial weights
2026-09-19 10:41:27,866 INFO:   Finalizing appliance staging for the run
2026-09-19 10:41:28,778 INFO:   Waiting for device programming to complete
2026-09-19 10:41:36,456 INFO:   Device programming is complete
2026-09-19 10:41:36,813 INFO:   Using network type: ROCE
2026-09-19 10:41:36,814 INFO:   Waiting for input workers to prime the data pipeline and begin streaming ...
2026-09-19 10:41:36,824 INFO:   Input workers have begun streaming input data
2026-09-19 10:41:36,916 INFO:   Appliance staging is complete
2026-09-19 10:41:36,916 INFO:   Beginning appliance run
2026-09-19 10:41:52,984 INFO:   | Train Device=CSX, Step=50, Loss=1.47274, Rate=1831.62 samples/sec, GlobalRate=753.29 samples/sec, LoopTimeRemaining=0:00:32, TimeRemaining=1:31:05
2026-09-19 10:42:12,923 INFO:   | Train Device=CSX, Step=60, Loss=1.34442, Rate=3356.72 samples/sec, GlobalRate=1102.36 samples/sec, LoopTimeRemaining=0:00:22, TimeRemaining=1:31:51
2026-09-19 10:42:37,333 INFO:   | Train Device=CSX, Step=70, Loss=1.23824, Rate=1826.85 samples/sec, GlobalRate=1244.69 samples/sec, LoopTimeRemaining=0:00:11, TimeRemaining=1:31:47
2026-09-19 10:42:57,426 INFO:   | Train Device=CSX, Step=80, Loss=1.16626, Rate=3339.78 samples/sec, GlobalRate=1378.94 samples/sec, LoopTimeRemaining=0:00:00, TimeRemaining=1:31:38
2026-09-19 10:42:57,516 INFO:   Training completed successfully!
2026-09-19 10:42:57,536 INFO:   Ordinal 0: Initializing GNNDataProcessor for dataset 'ogbn-products' (split=valid, mode=neighbor).
$REPO_ROOT/.venv/lib/python3.11/site-packages/ogb/nodeproppred/dataset_pyg.py:69: FutureWarning: You are using `torch.load` with `weights_only=False` (the current default value), which uses the default pickle module implicitly. It is possible to construct malicious pickle data which will execute arbitrary code during unpickling (See https://github.com/pytorch/pytorch/blob/main/SECURITY.md#untrusted-models for more details). In a future release, the default value for `weights_only` will be flipped to `True`. This limits the functions that could be executed during unpickling. Arbitrary objects will no longer be allowed to be loaded via this mode unless they are explicitly allowlisted by the user via `torch.serialization.add_safe_globals`. We recommend you start setting `weights_only=True` for any use case where you don't have full control of the loaded file. Please open an issue on GitHub for any issues related to this experimental feature.
  self.data, self.slices = torch.load(self.processed_paths[0])
2026-09-19 10:43:26,020 INFO:   ---------------------------------------------------------------------------
2026-09-19 10:43:26,020 INFO:   Starting val_dataloader_2 loop 2 of 25, with 10 steps
2026-09-19 10:43:26,020 INFO:   ---------------------------------------------------------------------------
2026-09-19 10:43:27,821 INFO:   Compiling the model. This may take a few minutes.
2026-09-19 10:43:27,821 INFO:   Found existing cached compile.
2026-09-19 10:43:27,821 INFO:   Compile was successful!
2026-09-19 10:43:27,830 INFO:   Programming Cerebras Wafer Scale Cluster for execution. This may take a few minutes.
2026-09-19 10:43:27,830 INFO:   Preparing to execute using 1 CSX
2026-09-19 10:43:37,666 INFO:   About to send initial weights
2026-09-19 10:43:37,677 INFO:   Finished sending initial weights
2026-09-19 10:43:37,677 INFO:   Finalizing appliance staging for the run
2026-09-19 10:43:38,080 INFO:   Waiting for device programming to complete
2026-09-19 10:44:00,550 INFO:   Device programming is complete
2026-09-19 10:44:00,856 INFO:   Using network type: ROCE
2026-09-19 10:44:00,856 INFO:   Waiting for input workers to prime the data pipeline and begin streaming ...
2026-09-19 10:44:00,865 INFO:   Input workers have begun streaming input data
2026-09-19 10:44:00,956 INFO:   Appliance staging is complete
2026-09-19 10:44:00,956 INFO:   Beginning appliance run
2026-09-19 10:44:08,122 INFO:   | Eval Device=CSX, GlobalStep=80, Batch=10, Loss=1.09106, Rate=3733.21 samples/sec, GlobalRate=972.89 samples/sec, LoopTimeRemaining=0:00:00, TimeRemaining=1:00:35
2026-09-19 10:44:08,159 INFO:   Avg Eval Loss: 1.0910610795021056
2026-09-19 10:44:08,161 INFO:   Evaluation metrics:
2026-09-19 10:44:08,161 INFO:     - eval/masked_accuracy = 0.699616014957428
2026-09-19 10:44:08,161 INFO:   Evaluation completed successfully!
2026-09-19 10:44:08,167 INFO:   ---------------------------------------------------------------------------
2026-09-19 10:44:08,167 INFO:   Starting train loop 3 of 25, from global step 81 to 120 (40 steps)
2026-09-19 10:44:08,167 INFO:   ---------------------------------------------------------------------------
2026-09-19 10:44:17,154 INFO:   Compiling the model. This may take a few minutes.
2026-09-19 10:44:17,154 INFO:   Found existing cached compile.
2026-09-19 10:44:17,154 INFO:   Compile was successful!
2026-09-19 10:44:17,164 INFO:   Programming Cerebras Wafer Scale Cluster for execution. This may take a few minutes.
2026-09-19 10:44:17,164 INFO:   Preparing to execute using 1 CSX
2026-09-19 10:44:34,954 INFO:   About to send initial weights
2026-09-19 10:44:34,996 INFO:   Finished sending initial weights
2026-09-19 10:44:34,996 INFO:   Finalizing appliance staging for the run
2026-09-19 10:44:36,117 INFO:   Waiting for device programming to complete
2026-09-19 10:44:52,866 INFO:   Device programming is complete
2026-09-19 10:44:53,183 INFO:   Using network type: ROCE
2026-09-19 10:44:53,184 INFO:   Waiting for input workers to prime the data pipeline and begin streaming ...
2026-09-19 10:44:53,193 INFO:   Input workers have begun streaming input data
2026-09-19 10:44:53,337 INFO:   Appliance staging is complete
2026-09-19 10:44:53,337 INFO:   Beginning appliance run
2026-09-19 10:45:01,510 INFO:   | Train Device=CSX, Step=90, Loss=1.09868, Rate=3539.71 samples/sec, GlobalRate=880.00 samples/sec, LoopTimeRemaining=0:00:33, TimeRemaining=0:59:26
2026-09-19 10:45:27,435 INFO:   | Train Device=CSX, Step=100, Loss=1.14349, Rate=2759.47 samples/sec, GlobalRate=1130.39 samples/sec, LoopTimeRemaining=0:00:23, TimeRemaining=0:59:31
2026-09-19 10:45:47,757 INFO:   | Train Device=CSX, Step=110, Loss=1.02588, Rate=3312.85 samples/sec, GlobalRate=1324.25 samples/sec, LoopTimeRemaining=0:00:11, TimeRemaining=0:59:34
2026-09-19 10:46:11,620 INFO:   | Train Device=CSX, Step=120, Loss=0.98517, Rate=2770.10 samples/sec, GlobalRate=1404.48 samples/sec, LoopTimeRemaining=0:00:00, TimeRemaining=0:59:26
2026-09-19 10:46:11,711 INFO:   Training completed successfully!
2026-09-19 10:46:11,734 INFO:   Ordinal 0: Initializing GNNDataProcessor for dataset 'ogbn-products' (split=valid, mode=neighbor).
$REPO_ROOT/.venv/lib/python3.11/site-packages/ogb/nodeproppred/dataset_pyg.py:69: FutureWarning: You are using `torch.load` with `weights_only=False` (the current default value), which uses the default pickle module implicitly. It is possible to construct malicious pickle data which will execute arbitrary code during unpickling (See https://github.com/pytorch/pytorch/blob/main/SECURITY.md#untrusted-models for more details). In a future release, the default value for `weights_only` will be flipped to `True`. This limits the functions that could be executed during unpickling. Arbitrary objects will no longer be allowed to be loaded via this mode unless they are explicitly allowlisted by the user via `torch.serialization.add_safe_globals`. We recommend you start setting `weights_only=True` for any use case where you don't have full control of the loaded file. Please open an issue on GitHub for any issues related to this experimental feature.
  self.data, self.slices = torch.load(self.processed_paths[0])
2026-09-19 10:46:40,642 INFO:   ---------------------------------------------------------------------------
2026-09-19 10:46:40,642 INFO:   Starting val_dataloader_2 loop 3 of 25, with 10 steps
2026-09-19 10:46:40,643 INFO:   ---------------------------------------------------------------------------
2026-09-19 10:46:42,654 INFO:   Compiling the model. This may take a few minutes.
2026-09-19 10:46:42,655 INFO:   Found existing cached compile.
2026-09-19 10:46:42,655 INFO:   Compile was successful!
2026-09-19 10:46:42,656 INFO:   Programming Cerebras Wafer Scale Cluster for execution. This may take a few minutes.
2026-09-19 10:46:42,656 INFO:   Preparing to execute using 1 CSX
2026-09-19 10:47:01,512 INFO:   About to send initial weights
2026-09-19 10:47:01,524 INFO:   Finished sending initial weights
2026-09-19 10:47:01,524 INFO:   Finalizing appliance staging for the run
2026-09-19 10:47:02,492 INFO:   Waiting for device programming to complete
2026-09-19 10:47:15,645 INFO:   Device programming is complete
2026-09-19 10:47:15,943 INFO:   Using network type: ROCE
2026-09-19 10:47:15,943 INFO:   Waiting for input workers to prime the data pipeline and begin streaming ...
2026-09-19 10:47:15,968 INFO:   Input workers have begun streaming input data
2026-09-19 10:47:16,092 INFO:   Appliance staging is complete
2026-09-19 10:47:16,092 INFO:   Beginning appliance run
2026-09-19 10:47:32,360 INFO:   | Eval Device=CSX, GlobalStep=120, Batch=10, Loss=0.90447, Rate=2809.54 samples/sec, GlobalRate=792.01 samples/sec, LoopTimeRemaining=0:00:00, TimeRemaining=1:02:25
2026-09-19 10:47:32,397 INFO:   Avg Eval Loss: 0.9044710218906402
2026-09-19 10:47:32,399 INFO:   Evaluation metrics:
2026-09-19 10:47:32,399 INFO:     - eval/masked_accuracy = 0.7640566825866699
2026-09-19 10:47:32,399 INFO:   Evaluation completed successfully!
2026-09-19 10:47:32,404 INFO:   ---------------------------------------------------------------------------
2026-09-19 10:47:32,404 INFO:   Starting train loop 4 of 25, from global step 121 to 160 (40 steps)
2026-09-19 10:47:32,404 INFO:   ---------------------------------------------------------------------------
2026-09-19 10:47:41,155 INFO:   Compiling the model. This may take a few minutes.
2026-09-19 10:47:41,156 INFO:   Found existing cached compile.
2026-09-19 10:47:41,156 INFO:   Compile was successful!
2026-09-19 10:47:41,157 INFO:   Programming Cerebras Wafer Scale Cluster for execution. This may take a few minutes.
2026-09-19 10:47:41,157 INFO:   Preparing to execute using 1 CSX
2026-09-19 10:47:51,111 INFO:   About to send initial weights
2026-09-19 10:47:51,181 INFO:   Finished sending initial weights
2026-09-19 10:47:51,181 INFO:   Finalizing appliance staging for the run
2026-09-19 10:47:52,268 INFO:   Waiting for device programming to complete
2026-09-19 10:48:16,991 INFO:   Device programming is complete
2026-09-19 10:48:17,262 INFO:   Using network type: ROCE
2026-09-19 10:48:17,263 INFO:   Waiting for input workers to prime the data pipeline and begin streaming ...
2026-09-19 10:48:17,272 INFO:   Input workers have begun streaming input data
2026-09-19 10:48:17,356 INFO:   Appliance staging is complete
2026-09-19 10:48:17,356 INFO:   Beginning appliance run
2026-09-19 10:48:25,849 INFO:   | Train Device=CSX, Step=130, Loss=0.89247, Rate=3334.90 samples/sec, GlobalRate=878.12 samples/sec, LoopTimeRemaining=0:00:33, TimeRemaining=1:00:35
2026-09-19 10:48:46,569 INFO:   | Train Device=CSX, Step=140, Loss=0.87695, Rate=1868.88 samples/sec, GlobalRate=1216.05 samples/sec, LoopTimeRemaining=0:00:23, TimeRemaining=1:01:13
2026-09-19 10:49:10,635 INFO:   | Train Device=CSX, Step=150, Loss=0.92448, Rate=3296.91 samples/sec, GlobalRate=1343.96 samples/sec, LoopTimeRemaining=0:00:12, TimeRemaining=1:01:01
2026-09-19 10:49:35,223 INFO:   | Train Device=CSX, Step=160, Loss=0.89547, Rate=1810.02 samples/sec, GlobalRate=1412.19 samples/sec, LoopTimeRemaining=0:00:00, TimeRemaining=1:00:55
2026-09-19 10:49:35,310 INFO:   Training completed successfully!
2026-09-19 10:49:35,337 INFO:   Ordinal 0: Initializing GNNDataProcessor for dataset 'ogbn-products' (split=valid, mode=neighbor).
$REPO_ROOT/.venv/lib/python3.11/site-packages/ogb/nodeproppred/dataset_pyg.py:69: FutureWarning: You are using `torch.load` with `weights_only=False` (the current default value), which uses the default pickle module implicitly. It is possible to construct malicious pickle data which will execute arbitrary code during unpickling (See https://github.com/pytorch/pytorch/blob/main/SECURITY.md#untrusted-models for more details). In a future release, the default value for `weights_only` will be flipped to `True`. This limits the functions that could be executed during unpickling. Arbitrary objects will no longer be allowed to be loaded via this mode unless they are explicitly allowlisted by the user via `torch.serialization.add_safe_globals`. We recommend you start setting `weights_only=True` for any use case where you don't have full control of the loaded file. Please open an issue on GitHub for any issues related to this experimental feature.
  self.data, self.slices = torch.load(self.processed_paths[0])
2026-09-19 10:50:04,353 INFO:   ---------------------------------------------------------------------------
2026-09-19 10:50:04,353 INFO:   Starting val_dataloader_2 loop 4 of 25, with 10 steps
2026-09-19 10:50:04,353 INFO:   ---------------------------------------------------------------------------
2026-09-19 10:50:06,520 INFO:   Compiling the model. This may take a few minutes.
2026-09-19 10:50:06,520 INFO:   Found existing cached compile.
2026-09-19 10:50:06,520 INFO:   Compile was successful!
2026-09-19 10:50:06,521 INFO:   Programming Cerebras Wafer Scale Cluster for execution. This may take a few minutes.
2026-09-19 10:50:06,521 INFO:   Preparing to execute using 1 CSX
2026-09-19 10:50:24,113 INFO:   About to send initial weights
2026-09-19 10:50:24,125 INFO:   Finished sending initial weights
2026-09-19 10:50:24,125 INFO:   Finalizing appliance staging for the run
2026-09-19 10:50:24,534 INFO:   Waiting for device programming to complete
2026-09-19 10:50:39,191 INFO:   Device programming is complete
2026-09-19 10:50:39,485 INFO:   Using network type: ROCE
2026-09-19 10:50:39,486 INFO:   Waiting for input workers to prime the data pipeline and begin streaming ...
2026-09-19 10:50:39,495 INFO:   Input workers have begun streaming input data
2026-09-19 10:50:39,580 INFO:   Appliance staging is complete
2026-09-19 10:50:39,580 INFO:   Beginning appliance run
2026-09-19 10:50:54,290 INFO:   | Eval Device=CSX, GlobalStep=160, Batch=10, Loss=0.79464, Rate=2915.07 samples/sec, GlobalRate=820.24 samples/sec, LoopTimeRemaining=0:00:00, TimeRemaining=1:01:04
2026-09-19 10:50:54,328 INFO:   Avg Eval Loss: 0.7946444630622864
2026-09-19 10:50:54,330 INFO:   Evaluation metrics:
2026-09-19 10:50:54,330 INFO:     - eval/masked_accuracy = 0.7942425608634949
2026-09-19 10:50:54,331 INFO:   Evaluation completed successfully!
2026-09-19 10:50:54,336 INFO:   ---------------------------------------------------------------------------
2026-09-19 10:50:54,336 INFO:   Starting train loop 5 of 25, from global step 161 to 200 (40 steps)
2026-09-19 10:50:54,336 INFO:   ---------------------------------------------------------------------------
2026-09-19 10:51:03,187 INFO:   Compiling the model. This may take a few minutes.
2026-09-19 10:51:03,187 INFO:   Found existing cached compile.
2026-09-19 10:51:03,188 INFO:   Compile was successful!
2026-09-19 10:51:03,189 INFO:   Programming Cerebras Wafer Scale Cluster for execution. This may take a few minutes.
2026-09-19 10:51:03,189 INFO:   Preparing to execute using 1 CSX
2026-09-19 10:51:30,098 INFO:   About to send initial weights
2026-09-19 10:51:30,137 INFO:   Finished sending initial weights
2026-09-19 10:51:30,137 INFO:   Finalizing appliance staging for the run
2026-09-19 10:51:31,754 INFO:   Waiting for device programming to complete
2026-09-19 10:51:38,457 INFO:   Device programming is complete
2026-09-19 10:51:38,805 INFO:   Using network type: ROCE
2026-09-19 10:51:38,805 INFO:   Waiting for input workers to prime the data pipeline and begin streaming ...
2026-09-19 10:51:38,814 INFO:   Input workers have begun streaming input data
2026-09-19 10:51:38,904 INFO:   Appliance staging is complete
2026-09-19 10:51:38,904 INFO:   Beginning appliance run
2026-09-19 10:51:47,398 INFO:   | Train Device=CSX, Step=170, Loss=0.84605, Rate=3432.36 samples/sec, GlobalRate=884.91 samples/sec, LoopTimeRemaining=0:00:33, TimeRemaining=0:59:15
2026-09-19 10:52:08,365 INFO:   | Train Device=CSX, Step=180, Loss=0.79437, Rate=1781.97 samples/sec, GlobalRate=1218.08 samples/sec, LoopTimeRemaining=0:00:23, TimeRemaining=0:59:51
2026-09-19 10:52:28,583 INFO:   | Train Device=CSX, Step=190, Loss=0.78792, Rate=3030.09 samples/sec, GlobalRate=1404.79 samples/sec, LoopTimeRemaining=0:00:12, TimeRemaining=0:59:57
2026-09-19 10:52:52,221 INFO:   | Train Device=CSX, Step=200, Loss=0.84323, Rate=3425.16 samples/sec, GlobalRate=1474.58 samples/sec, LoopTimeRemaining=0:00:00, TimeRemaining=0:59:39
2026-09-19 10:52:52,312 INFO:   Training completed successfully!
2026-09-19 10:52:52,333 INFO:   Ordinal 0: Initializing GNNDataProcessor for dataset 'ogbn-products' (split=valid, mode=neighbor).
$REPO_ROOT/.venv/lib/python3.11/site-packages/ogb/nodeproppred/dataset_pyg.py:69: FutureWarning: You are using `torch.load` with `weights_only=False` (the current default value), which uses the default pickle module implicitly. It is possible to construct malicious pickle data which will execute arbitrary code during unpickling (See https://github.com/pytorch/pytorch/blob/main/SECURITY.md#untrusted-models for more details). In a future release, the default value for `weights_only` will be flipped to `True`. This limits the functions that could be executed during unpickling. Arbitrary objects will no longer be allowed to be loaded via this mode unless they are explicitly allowlisted by the user via `torch.serialization.add_safe_globals`. We recommend you start setting `weights_only=True` for any use case where you don't have full control of the loaded file. Please open an issue on GitHub for any issues related to this experimental feature.
  self.data, self.slices = torch.load(self.processed_paths[0])
2026-09-19 10:53:21,844 INFO:   ---------------------------------------------------------------------------
2026-09-19 10:53:21,845 INFO:   Starting val_dataloader_2 loop 5 of 25, with 10 steps
2026-09-19 10:53:21,845 INFO:   ---------------------------------------------------------------------------
2026-09-19 10:53:24,030 INFO:   Compiling the model. This may take a few minutes.
2026-09-19 10:53:24,030 INFO:   Found existing cached compile.
2026-09-19 10:53:24,030 INFO:   Compile was successful!
2026-09-19 10:53:24,037 INFO:   Programming Cerebras Wafer Scale Cluster for execution. This may take a few minutes.
2026-09-19 10:53:24,038 INFO:   Preparing to execute using 1 CSX
2026-09-19 10:53:33,669 INFO:   About to send initial weights
2026-09-19 10:53:33,682 INFO:   Finished sending initial weights
2026-09-19 10:53:33,682 INFO:   Finalizing appliance staging for the run
2026-09-19 10:53:34,320 INFO:   Waiting for device programming to complete
2026-09-19 10:53:56,866 INFO:   Device programming is complete
2026-09-19 10:53:57,177 INFO:   Using network type: ROCE
2026-09-19 10:53:57,178 INFO:   Waiting for input workers to prime the data pipeline and begin streaming ...
2026-09-19 10:53:57,186 INFO:   Input workers have begun streaming input data
2026-09-19 10:53:57,281 INFO:   Appliance staging is complete
2026-09-19 10:53:57,282 INFO:   Beginning appliance run
2026-09-19 10:54:03,984 INFO:   | Eval Device=CSX, GlobalStep=200, Batch=10, Loss=0.74471, Rate=3634.49 samples/sec, GlobalRate=972.02 samples/sec, LoopTimeRemaining=0:00:00, TimeRemaining=0:53:40
2026-09-19 10:54:04,022 INFO:   Avg Eval Loss: 0.7447148263454437
2026-09-19 10:54:04,024 INFO:   Evaluation metrics:
2026-09-19 10:54:04,024 INFO:     - eval/masked_accuracy = 0.7989726066589355
2026-09-19 10:54:04,025 INFO:   Evaluation completed successfully!
2026-09-19 10:54:04,030 INFO:   ---------------------------------------------------------------------------
2026-09-19 10:54:04,031 INFO:   Starting train loop 6 of 25, from global step 201 to 240 (40 steps)
2026-09-19 10:54:04,031 INFO:   ---------------------------------------------------------------------------
2026-09-19 10:54:12,856 INFO:   Compiling the model. This may take a few minutes.
2026-09-19 10:54:12,856 INFO:   Found existing cached compile.
2026-09-19 10:54:12,856 INFO:   Compile was successful!
2026-09-19 10:54:12,858 INFO:   Programming Cerebras Wafer Scale Cluster for execution. This may take a few minutes.
2026-09-19 10:54:12,858 INFO:   Preparing to execute using 1 CSX
2026-09-19 10:54:23,293 INFO:   About to send initial weights
2026-09-19 10:54:23,331 INFO:   Finished sending initial weights
2026-09-19 10:54:23,331 INFO:   Finalizing appliance staging for the run
2026-09-19 10:54:24,452 INFO:   Waiting for device programming to complete
2026-09-19 10:54:48,575 INFO:   Device programming is complete
2026-09-19 10:54:48,912 INFO:   Using network type: ROCE
2026-09-19 10:54:48,912 INFO:   Waiting for input workers to prime the data pipeline and begin streaming ...
2026-09-19 10:54:48,921 INFO:   Input workers have begun streaming input data
2026-09-19 10:54:49,043 INFO:   Appliance staging is complete
2026-09-19 10:54:49,043 INFO:   Beginning appliance run
2026-09-19 10:54:57,273 INFO:   | Train Device=CSX, Step=210, Loss=0.78816, Rate=3531.57 samples/sec, GlobalRate=881.76 samples/sec, LoopTimeRemaining=0:00:33, TimeRemaining=0:52:00
2026-09-19 10:55:18,655 INFO:   | Train Device=CSX, Step=220, Loss=0.76319, Rate=1773.17 samples/sec, GlobalRate=1207.64 samples/sec, LoopTimeRemaining=0:00:23, TimeRemaining=0:52:26
2026-09-19 10:55:38,700 INFO:   | Train Device=CSX, Step=230, Loss=0.73257, Rate=3209.56 samples/sec, GlobalRate=1398.27 samples/sec, LoopTimeRemaining=0:00:12, TimeRemaining=0:52:22
2026-09-19 10:56:03,013 INFO:   | Train Device=CSX, Step=240, Loss=0.67103, Rate=1817.38 samples/sec, GlobalRate=1460.35 samples/sec, LoopTimeRemaining=0:00:00, TimeRemaining=0:52:11
2026-09-19 10:56:03,105 INFO:   Training completed successfully!
2026-09-19 10:56:03,127 INFO:   Ordinal 0: Initializing GNNDataProcessor for dataset 'ogbn-products' (split=valid, mode=neighbor).
$REPO_ROOT/.venv/lib/python3.11/site-packages/ogb/nodeproppred/dataset_pyg.py:69: FutureWarning: You are using `torch.load` with `weights_only=False` (the current default value), which uses the default pickle module implicitly. It is possible to construct malicious pickle data which will execute arbitrary code during unpickling (See https://github.com/pytorch/pytorch/blob/main/SECURITY.md#untrusted-models for more details). In a future release, the default value for `weights_only` will be flipped to `True`. This limits the functions that could be executed during unpickling. Arbitrary objects will no longer be allowed to be loaded via this mode unless they are explicitly allowlisted by the user via `torch.serialization.add_safe_globals`. We recommend you start setting `weights_only=True` for any use case where you don't have full control of the loaded file. Please open an issue on GitHub for any issues related to this experimental feature.
  self.data, self.slices = torch.load(self.processed_paths[0])
2026-09-19 10:56:32,304 INFO:   ---------------------------------------------------------------------------
2026-09-19 10:56:32,304 INFO:   Starting val_dataloader_2 loop 6 of 25, with 10 steps
2026-09-19 10:56:32,304 INFO:   ---------------------------------------------------------------------------
2026-09-19 10:56:34,397 INFO:   Compiling the model. This may take a few minutes.
2026-09-19 10:56:34,398 INFO:   Found existing cached compile.
2026-09-19 10:56:34,398 INFO:   Compile was successful!
2026-09-19 10:56:34,405 INFO:   Programming Cerebras Wafer Scale Cluster for execution. This may take a few minutes.
2026-09-19 10:56:34,405 INFO:   Preparing to execute using 1 CSX
2026-09-19 10:56:51,793 INFO:   About to send initial weights
2026-09-19 10:56:51,804 INFO:   Finished sending initial weights
2026-09-19 10:56:51,804 INFO:   Finalizing appliance staging for the run
2026-09-19 10:56:53,217 INFO:   Waiting for device programming to complete
2026-09-19 10:57:07,438 INFO:   Device programming is complete
2026-09-19 10:57:07,776 INFO:   Using network type: ROCE
2026-09-19 10:57:07,777 INFO:   Waiting for input workers to prime the data pipeline and begin streaming ...
2026-09-19 10:57:07,786 INFO:   Input workers have begun streaming input data
2026-09-19 10:57:07,902 INFO:   Appliance staging is complete
2026-09-19 10:57:07,902 INFO:   Beginning appliance run
2026-09-19 10:57:21,796 INFO:   | Eval Device=CSX, GlobalStep=240, Batch=10, Loss=0.64704, Rate=2887.75 samples/sec, GlobalRate=827.62 samples/sec, LoopTimeRemaining=0:00:00, TimeRemaining=0:55:25
2026-09-19 10:57:21,835 INFO:   Avg Eval Loss: 0.6470352530479431
2026-09-19 10:57:21,837 INFO:   Evaluation metrics:
2026-09-19 10:57:21,837 INFO:     - eval/masked_accuracy = 0.8377540111541748
2026-09-19 10:57:21,837 INFO:   Evaluation completed successfully!
2026-09-19 10:57:21,843 INFO:   ---------------------------------------------------------------------------
2026-09-19 10:57:21,843 INFO:   Starting train loop 7 of 25, from global step 241 to 280 (40 steps)
2026-09-19 10:57:21,843 INFO:   ---------------------------------------------------------------------------
2026-09-19 10:57:30,682 INFO:   Compiling the model. This may take a few minutes.
2026-09-19 10:57:30,682 INFO:   Found existing cached compile.
2026-09-19 10:57:30,682 INFO:   Compile was successful!
2026-09-19 10:57:30,684 INFO:   Programming Cerebras Wafer Scale Cluster for execution. This may take a few minutes.
2026-09-19 10:57:30,684 INFO:   Preparing to execute using 1 CSX
2026-09-19 10:57:40,944 INFO:   About to send initial weights
2026-09-19 10:57:40,983 INFO:   Finished sending initial weights
2026-09-19 10:57:40,983 INFO:   Finalizing appliance staging for the run
2026-09-19 10:57:42,087 INFO:   Waiting for device programming to complete
2026-09-19 10:58:06,194 INFO:   Device programming is complete
2026-09-19 10:58:06,537 INFO:   Using network type: ROCE
2026-09-19 10:58:06,538 INFO:   Waiting for input workers to prime the data pipeline and begin streaming ...
2026-09-19 10:58:06,547 INFO:   Input workers have begun streaming input data
2026-09-19 10:58:06,622 INFO:   Appliance staging is complete
2026-09-19 10:58:06,622 INFO:   Beginning appliance run
2026-09-19 10:58:27,036 INFO:   | Train Device=CSX, Step=250, Loss=0.80139, Rate=1903.93 samples/sec, GlobalRate=701.71 samples/sec, LoopTimeRemaining=0:00:32, TimeRemaining=0:53:15
2026-09-19 10:58:46,876 INFO:   | Train Device=CSX, Step=260, Loss=0.70878, Rate=3313.63 samples/sec, GlobalRate=1047.41 samples/sec, LoopTimeRemaining=0:00:23, TimeRemaining=0:53:53
2026-09-19 10:59:11,101 INFO:   | Train Device=CSX, Step=270, Loss=0.72556, Rate=1843.05 samples/sec, GlobalRate=1199.57 samples/sec, LoopTimeRemaining=0:00:12, TimeRemaining=0:53:52
2026-09-19 10:59:31,383 INFO:   | Train Device=CSX, Step=280, Loss=0.65561, Rate=3142.44 samples/sec, GlobalRate=1335.09 samples/sec, LoopTimeRemaining=0:00:00, TimeRemaining=0:53:42
2026-09-19 10:59:31,472 INFO:   Training completed successfully!
2026-09-19 10:59:31,497 INFO:   Ordinal 0: Initializing GNNDataProcessor for dataset 'ogbn-products' (split=valid, mode=neighbor).
$REPO_ROOT/.venv/lib/python3.11/site-packages/ogb/nodeproppred/dataset_pyg.py:69: FutureWarning: You are using `torch.load` with `weights_only=False` (the current default value), which uses the default pickle module implicitly. It is possible to construct malicious pickle data which will execute arbitrary code during unpickling (See https://github.com/pytorch/pytorch/blob/main/SECURITY.md#untrusted-models for more details). In a future release, the default value for `weights_only` will be flipped to `True`. This limits the functions that could be executed during unpickling. Arbitrary objects will no longer be allowed to be loaded via this mode unless they are explicitly allowlisted by the user via `torch.serialization.add_safe_globals`. We recommend you start setting `weights_only=True` for any use case where you don't have full control of the loaded file. Please open an issue on GitHub for any issues related to this experimental feature.
  self.data, self.slices = torch.load(self.processed_paths[0])
2026-09-19 11:00:00,869 INFO:   ---------------------------------------------------------------------------
2026-09-19 11:00:00,870 INFO:   Starting val_dataloader_2 loop 7 of 25, with 10 steps
2026-09-19 11:00:00,870 INFO:   ---------------------------------------------------------------------------
2026-09-19 11:00:02,968 INFO:   Compiling the model. This may take a few minutes.
2026-09-19 11:00:02,969 INFO:   Found existing cached compile.
2026-09-19 11:00:02,969 INFO:   Compile was successful!
2026-09-19 11:00:02,970 INFO:   Programming Cerebras Wafer Scale Cluster for execution. This may take a few minutes.
2026-09-19 11:00:02,970 INFO:   Preparing to execute using 1 CSX
2026-09-19 11:00:20,399 INFO:   About to send initial weights
2026-09-19 11:00:20,411 INFO:   Finished sending initial weights
2026-09-19 11:00:20,411 INFO:   Finalizing appliance staging for the run
2026-09-19 11:00:21,804 INFO:   Waiting for device programming to complete
2026-09-19 11:00:35,870 INFO:   Device programming is complete
2026-09-19 11:00:36,193 INFO:   Using network type: ROCE
2026-09-19 11:00:36,194 INFO:   Waiting for input workers to prime the data pipeline and begin streaming ...
2026-09-19 11:00:36,201 INFO:   Input workers have begun streaming input data
2026-09-19 11:00:36,288 INFO:   Appliance staging is complete
2026-09-19 11:00:36,288 INFO:   Beginning appliance run
2026-09-19 11:00:50,841 INFO:   | Eval Device=CSX, GlobalStep=280, Batch=10, Loss=0.61712, Rate=2818.69 samples/sec, GlobalRate=819.68 samples/sec, LoopTimeRemaining=0:00:00, TimeRemaining=0:51:06
2026-09-19 11:00:50,878 INFO:   Avg Eval Loss: 0.6171200335025787
2026-09-19 11:00:50,880 INFO:   Evaluation metrics:
2026-09-19 11:00:50,880 INFO:     - eval/masked_accuracy = 0.8484856486320496
2026-09-19 11:00:50,881 INFO:   Evaluation completed successfully!
2026-09-19 11:00:50,885 INFO:   ---------------------------------------------------------------------------
2026-09-19 11:00:50,886 INFO:   Starting train loop 8 of 25, from global step 281 to 320 (40 steps)
2026-09-19 11:00:50,886 INFO:   ---------------------------------------------------------------------------
2026-09-19 11:00:59,606 INFO:   Compiling the model. This may take a few minutes.
2026-09-19 11:00:59,606 INFO:   Found existing cached compile.
2026-09-19 11:00:59,606 INFO:   Compile was successful!
2026-09-19 11:00:59,608 INFO:   Programming Cerebras Wafer Scale Cluster for execution. This may take a few minutes.
2026-09-19 11:00:59,608 INFO:   Preparing to execute using 1 CSX
2026-09-19 11:01:09,318 INFO:   About to send initial weights
2026-09-19 11:01:09,379 INFO:   Finished sending initial weights
2026-09-19 11:01:09,379 INFO:   Finalizing appliance staging for the run
2026-09-19 11:01:10,466 INFO:   Waiting for device programming to complete
2026-09-19 11:01:35,631 INFO:   Device programming is complete
2026-09-19 11:01:35,946 INFO:   Using network type: ROCE
2026-09-19 11:01:35,946 INFO:   Waiting for input workers to prime the data pipeline and begin streaming ...
2026-09-19 11:01:35,955 INFO:   Input workers have begun streaming input data
2026-09-19 11:01:36,039 INFO:   Appliance staging is complete
2026-09-19 11:01:36,040 INFO:   Beginning appliance run
2026-09-19 11:01:44,389 INFO:   | Train Device=CSX, Step=290, Loss=0.70288, Rate=3669.98 samples/sec, GlobalRate=876.12 samples/sec, LoopTimeRemaining=0:00:34, TimeRemaining=0:49:43
2026-09-19 11:02:10,135 INFO:   | Train Device=CSX, Step=300, Loss=0.77353, Rate=2090.50 samples/sec, GlobalRate=1129.96 samples/sec, LoopTimeRemaining=0:00:23, TimeRemaining=0:49:51
2026-09-19 11:02:29,949 INFO:   | Train Device=CSX, Step=310, Loss=0.73917, Rate=3360.33 samples/sec, GlobalRate=1331.14 samples/sec, LoopTimeRemaining=0:00:12, TimeRemaining=0:49:44
2026-09-19 11:02:54,075 INFO:   | Train Device=CSX, Step=320, Loss=0.67891, Rate=2804.49 samples/sec, GlobalRate=1407.10 samples/sec, LoopTimeRemaining=0:00:00, TimeRemaining=0:49:35
2026-09-19 11:02:54,169 INFO:   Training completed successfully!
2026-09-19 11:02:54,190 INFO:   Ordinal 0: Initializing GNNDataProcessor for dataset 'ogbn-products' (split=valid, mode=neighbor).
$REPO_ROOT/.venv/lib/python3.11/site-packages/ogb/nodeproppred/dataset_pyg.py:69: FutureWarning: You are using `torch.load` with `weights_only=False` (the current default value), which uses the default pickle module implicitly. It is possible to construct malicious pickle data which will execute arbitrary code during unpickling (See https://github.com/pytorch/pytorch/blob/main/SECURITY.md#untrusted-models for more details). In a future release, the default value for `weights_only` will be flipped to `True`. This limits the functions that could be executed during unpickling. Arbitrary objects will no longer be allowed to be loaded via this mode unless they are explicitly allowlisted by the user via `torch.serialization.add_safe_globals`. We recommend you start setting `weights_only=True` for any use case where you don't have full control of the loaded file. Please open an issue on GitHub for any issues related to this experimental feature.
  self.data, self.slices = torch.load(self.processed_paths[0])
2026-09-19 11:03:23,904 INFO:   ---------------------------------------------------------------------------
2026-09-19 11:03:23,904 INFO:   Starting val_dataloader_2 loop 8 of 25, with 10 steps
2026-09-19 11:03:23,904 INFO:   ---------------------------------------------------------------------------
2026-09-19 11:03:25,943 INFO:   Compiling the model. This may take a few minutes.
2026-09-19 11:03:25,943 INFO:   Found existing cached compile.
2026-09-19 11:03:25,943 INFO:   Compile was successful!
2026-09-19 11:03:25,944 INFO:   Programming Cerebras Wafer Scale Cluster for execution. This may take a few minutes.
2026-09-19 11:03:25,944 INFO:   Preparing to execute using 1 CSX
2026-09-19 11:03:35,818 INFO:   About to send initial weights
2026-09-19 11:03:35,832 INFO:   Finished sending initial weights
2026-09-19 11:03:35,832 INFO:   Finalizing appliance staging for the run
2026-09-19 11:03:37,213 INFO:   Waiting for device programming to complete
2026-09-19 11:03:58,755 INFO:   Device programming is complete
2026-09-19 11:03:59,091 INFO:   Using network type: ROCE
2026-09-19 11:03:59,092 INFO:   Waiting for input workers to prime the data pipeline and begin streaming ...
2026-09-19 11:03:59,100 INFO:   Input workers have begun streaming input data
2026-09-19 11:03:59,187 INFO:   Appliance staging is complete
2026-09-19 11:03:59,187 INFO:   Beginning appliance run
2026-09-19 11:04:06,257 INFO:   | Eval Device=CSX, GlobalStep=320, Batch=10, Loss=0.60774, Rate=3717.44 samples/sec, GlobalRate=967.12 samples/sec, LoopTimeRemaining=0:00:00, TimeRemaining=0:45:36
2026-09-19 11:04:06,295 INFO:   Avg Eval Loss: 0.6077373266220093
2026-09-19 11:04:06,297 INFO:   Evaluation metrics:
2026-09-19 11:04:06,297 INFO:     - eval/masked_accuracy = 0.8570811152458191
2026-09-19 11:04:06,297 INFO:   Evaluation completed successfully!
2026-09-19 11:04:06,304 INFO:   ---------------------------------------------------------------------------
2026-09-19 11:04:06,304 INFO:   Starting train loop 9 of 25, from global step 321 to 360 (40 steps)
2026-09-19 11:04:06,304 INFO:   ---------------------------------------------------------------------------
2026-09-19 11:04:15,120 INFO:   Compiling the model. This may take a few minutes.
2026-09-19 11:04:15,121 INFO:   Found existing cached compile.
2026-09-19 11:04:15,121 INFO:   Compile was successful!
2026-09-19 11:04:15,122 INFO:   Programming Cerebras Wafer Scale Cluster for execution. This may take a few minutes.
2026-09-19 11:04:15,122 INFO:   Preparing to execute using 1 CSX
2026-09-19 11:04:33,195 INFO:   About to send initial weights
2026-09-19 11:04:33,238 INFO:   Finished sending initial weights
2026-09-19 11:04:33,238 INFO:   Finalizing appliance staging for the run
2026-09-19 11:04:34,357 INFO:   Waiting for device programming to complete
2026-09-19 11:04:50,936 INFO:   Device programming is complete
2026-09-19 11:04:51,266 INFO:   Using network type: ROCE
2026-09-19 11:04:51,267 INFO:   Waiting for input workers to prime the data pipeline and begin streaming ...
2026-09-19 11:04:51,275 INFO:   Input workers have begun streaming input data
2026-09-19 11:04:51,398 INFO:   Appliance staging is complete
2026-09-19 11:04:51,398 INFO:   Beginning appliance run
2026-09-19 11:04:59,787 INFO:   | Train Device=CSX, Step=330, Loss=0.68375, Rate=3366.91 samples/sec, GlobalRate=876.85 samples/sec, LoopTimeRemaining=0:00:33, TimeRemaining=0:44:01
2026-09-19 11:05:20,290 INFO:   | Train Device=CSX, Step=340, Loss=0.67506, Rate=1818.77 samples/sec, GlobalRate=1218.77 samples/sec, LoopTimeRemaining=0:00:24, TimeRemaining=0:44:44
2026-09-19 11:05:44,622 INFO:   | Train Device=CSX, Step=350, Loss=0.79254, Rate=3325.71 samples/sec, GlobalRate=1342.26 samples/sec, LoopTimeRemaining=0:00:12, TimeRemaining=0:44:31
2026-09-19 11:06:08,684 INFO:   | Train Device=CSX, Step=360, Loss=0.70294, Rate=1850.82 samples/sec, GlobalRate=1417.19 samples/sec, LoopTimeRemaining=0:00:00, TimeRemaining=0:44:23
2026-09-19 11:06:08,783 INFO:   Training completed successfully!
2026-09-19 11:06:08,806 INFO:   Ordinal 0: Initializing GNNDataProcessor for dataset 'ogbn-products' (split=valid, mode=neighbor).
$REPO_ROOT/.venv/lib/python3.11/site-packages/ogb/nodeproppred/dataset_pyg.py:69: FutureWarning: You are using `torch.load` with `weights_only=False` (the current default value), which uses the default pickle module implicitly. It is possible to construct malicious pickle data which will execute arbitrary code during unpickling (See https://github.com/pytorch/pytorch/blob/main/SECURITY.md#untrusted-models for more details). In a future release, the default value for `weights_only` will be flipped to `True`. This limits the functions that could be executed during unpickling. Arbitrary objects will no longer be allowed to be loaded via this mode unless they are explicitly allowlisted by the user via `torch.serialization.add_safe_globals`. We recommend you start setting `weights_only=True` for any use case where you don't have full control of the loaded file. Please open an issue on GitHub for any issues related to this experimental feature.
  self.data, self.slices = torch.load(self.processed_paths[0])
2026-09-19 11:06:38,099 INFO:   ---------------------------------------------------------------------------
2026-09-19 11:06:38,099 INFO:   Starting val_dataloader_2 loop 9 of 25, with 10 steps
2026-09-19 11:06:38,099 INFO:   ---------------------------------------------------------------------------
2026-09-19 11:06:40,161 INFO:   Compiling the model. This may take a few minutes.
2026-09-19 11:06:40,161 INFO:   Found existing cached compile.
2026-09-19 11:06:40,161 INFO:   Compile was successful!
2026-09-19 11:06:40,162 INFO:   Programming Cerebras Wafer Scale Cluster for execution. This may take a few minutes.
2026-09-19 11:06:40,162 INFO:   Preparing to execute using 1 CSX
2026-09-19 11:07:06,156 INFO:   About to send initial weights
2026-09-19 11:07:06,168 INFO:   Finished sending initial weights
2026-09-19 11:07:06,168 INFO:   Finalizing appliance staging for the run
2026-09-19 11:07:07,568 INFO:   Waiting for device programming to complete
2026-09-19 11:07:13,023 INFO:   Device programming is complete
2026-09-19 11:07:13,297 INFO:   Using network type: ROCE
2026-09-19 11:07:13,298 INFO:   Waiting for input workers to prime the data pipeline and begin streaming ...
2026-09-19 11:07:16,849 INFO:   Input workers have begun streaming input data
2026-09-19 11:07:16,953 INFO:   Appliance staging is complete
2026-09-19 11:07:16,954 INFO:   Beginning appliance run
2026-09-19 11:07:36,658 INFO:   | Eval Device=CSX, GlobalStep=360, Batch=10, Loss=0.63800, Rate=2749.82 samples/sec, GlobalRate=699.47 samples/sec, LoopTimeRemaining=0:00:00, TimeRemaining=0:47:52
2026-09-19 11:07:36,699 INFO:   Avg Eval Loss: 0.6380040049552917
2026-09-19 11:07:36,702 INFO:   Evaluation metrics:
2026-09-19 11:07:36,702 INFO:     - eval/masked_accuracy = 0.8501894474029541
2026-09-19 11:07:36,702 INFO:   Evaluation completed successfully!
2026-09-19 11:07:36,707 INFO:   ---------------------------------------------------------------------------
2026-09-19 11:07:36,707 INFO:   Starting train loop 10 of 25, from global step 361 to 400 (40 steps)
2026-09-19 11:07:36,707 INFO:   ---------------------------------------------------------------------------
2026-09-19 11:07:45,765 INFO:   Compiling the model. This may take a few minutes.
2026-09-19 11:07:45,766 INFO:   Found existing cached compile.
2026-09-19 11:07:45,766 INFO:   Compile was successful!
2026-09-19 11:07:45,767 INFO:   Programming Cerebras Wafer Scale Cluster for execution. This may take a few minutes.
2026-09-19 11:07:45,767 INFO:   Preparing to execute using 1 CSX
2026-09-19 11:08:03,007 INFO:   About to send initial weights
2026-09-19 11:08:03,049 INFO:   Finished sending initial weights
2026-09-19 11:08:03,049 INFO:   Finalizing appliance staging for the run
2026-09-19 11:08:04,150 INFO:   Waiting for device programming to complete
2026-09-19 11:08:21,466 INFO:   Device programming is complete
2026-09-19 11:08:21,772 INFO:   Using network type: ROCE
2026-09-19 11:08:21,773 INFO:   Waiting for input workers to prime the data pipeline and begin streaming ...
2026-09-19 11:08:21,783 INFO:   Input workers have begun streaming input data
2026-09-19 11:08:21,852 INFO:   Appliance staging is complete
2026-09-19 11:08:21,852 INFO:   Beginning appliance run
2026-09-19 11:08:30,227 INFO:   | Train Device=CSX, Step=370, Loss=0.73575, Rate=3501.34 samples/sec, GlobalRate=877.21 samples/sec, LoopTimeRemaining=0:00:33, TimeRemaining=0:46:01
2026-09-19 11:08:51,174 INFO:   | Train Device=CSX, Step=380, Loss=0.65113, Rate=1751.16 samples/sec, GlobalRate=1211.11 samples/sec, LoopTimeRemaining=0:00:24, TimeRemaining=0:46:47
2026-09-19 11:09:11,063 INFO:   | Train Device=CSX, Step=390, Loss=0.66875, Rate=3316.61 samples/sec, GlobalRate=1403.86 samples/sec, LoopTimeRemaining=0:00:12, TimeRemaining=0:46:38
2026-09-19 11:09:34,943 INFO:   | Train Device=CSX, Step=400, Loss=0.62091, Rate=3452.61 samples/sec, GlobalRate=1470.60 samples/sec, LoopTimeRemaining=0:00:00, TimeRemaining=0:46:19
2026-09-19 11:09:35,038 INFO:   Training completed successfully!
2026-09-19 11:09:35,062 INFO:   Ordinal 0: Initializing GNNDataProcessor for dataset 'ogbn-products' (split=valid, mode=neighbor).
$REPO_ROOT/.venv/lib/python3.11/site-packages/ogb/nodeproppred/dataset_pyg.py:69: FutureWarning: You are using `torch.load` with `weights_only=False` (the current default value), which uses the default pickle module implicitly. It is possible to construct malicious pickle data which will execute arbitrary code during unpickling (See https://github.com/pytorch/pytorch/blob/main/SECURITY.md#untrusted-models for more details). In a future release, the default value for `weights_only` will be flipped to `True`. This limits the functions that could be executed during unpickling. Arbitrary objects will no longer be allowed to be loaded via this mode unless they are explicitly allowlisted by the user via `torch.serialization.add_safe_globals`. We recommend you start setting `weights_only=True` for any use case where you don't have full control of the loaded file. Please open an issue on GitHub for any issues related to this experimental feature.
  self.data, self.slices = torch.load(self.processed_paths[0])
2026-09-19 11:10:04,632 INFO:   ---------------------------------------------------------------------------
2026-09-19 11:10:04,632 INFO:   Starting val_dataloader_2 loop 10 of 25, with 10 steps
2026-09-19 11:10:04,632 INFO:   ---------------------------------------------------------------------------
2026-09-19 11:10:06,748 INFO:   Compiling the model. This may take a few minutes.
2026-09-19 11:10:06,748 INFO:   Found existing cached compile.
2026-09-19 11:10:06,748 INFO:   Compile was successful!
2026-09-19 11:10:06,749 INFO:   Programming Cerebras Wafer Scale Cluster for execution. This may take a few minutes.
2026-09-19 11:10:06,749 INFO:   Preparing to execute using 1 CSX
2026-09-19 11:10:24,630 INFO:   About to send initial weights
2026-09-19 11:10:24,641 INFO:   Finished sending initial weights
2026-09-19 11:10:24,642 INFO:   Finalizing appliance staging for the run
2026-09-19 11:10:26,035 INFO:   Waiting for device programming to complete
2026-09-19 11:10:39,521 INFO:   Device programming is complete
2026-09-19 11:10:39,816 INFO:   Using network type: ROCE
2026-09-19 11:10:39,817 INFO:   Waiting for input workers to prime the data pipeline and begin streaming ...
2026-09-19 11:10:39,837 INFO:   Input workers have begun streaming input data
2026-09-19 11:10:39,915 INFO:   Appliance staging is complete
2026-09-19 11:10:39,915 INFO:   Beginning appliance run
2026-09-19 11:10:54,811 INFO:   | Eval Device=CSX, GlobalStep=400, Batch=10, Loss=0.57621, Rate=2909.29 samples/sec, GlobalRate=816.29 samples/sec, LoopTimeRemaining=0:00:00, TimeRemaining=0:42:58
2026-09-19 11:10:54,852 INFO:   Avg Eval Loss: 0.5762081742286682
2026-09-19 11:10:54,854 INFO:   Evaluation metrics:
2026-09-19 11:10:54,854 INFO:     - eval/masked_accuracy = 0.8678127527236938
2026-09-19 11:10:54,855 INFO:   Evaluation completed successfully!
2026-09-19 11:10:54,859 INFO:   ---------------------------------------------------------------------------
2026-09-19 11:10:54,860 INFO:   Starting train loop 11 of 25, from global step 401 to 440 (40 steps)
2026-09-19 11:10:54,860 INFO:   ---------------------------------------------------------------------------
2026-09-19 11:11:03,666 INFO:   Compiling the model. This may take a few minutes.
2026-09-19 11:11:03,666 INFO:   Found existing cached compile.
2026-09-19 11:11:03,666 INFO:   Compile was successful!
2026-09-19 11:11:03,667 INFO:   Programming Cerebras Wafer Scale Cluster for execution. This may take a few minutes.
2026-09-19 11:11:03,667 INFO:   Preparing to execute using 1 CSX
2026-09-19 11:11:13,926 INFO:   About to send initial weights
2026-09-19 11:11:13,968 INFO:   Finished sending initial weights
2026-09-19 11:11:13,968 INFO:   Finalizing appliance staging for the run
2026-09-19 11:11:15,093 INFO:   Waiting for device programming to complete
2026-09-19 11:11:39,153 INFO:   Device programming is complete
2026-09-19 11:11:39,488 INFO:   Using network type: ROCE
2026-09-19 11:11:39,489 INFO:   Waiting for input workers to prime the data pipeline and begin streaming ...
2026-09-19 11:11:39,498 INFO:   Input workers have begun streaming input data
2026-09-19 11:11:39,575 INFO:   Appliance staging is complete
2026-09-19 11:11:39,576 INFO:   Beginning appliance run
2026-09-19 11:11:47,995 INFO:   | Train Device=CSX, Step=410, Loss=0.66812, Rate=3315.23 samples/sec, GlobalRate=884.07 samples/sec, LoopTimeRemaining=0:00:34, TimeRemaining=0:41:12
2026-09-19 11:12:09,147 INFO:   | Train Device=CSX, Step=420, Loss=0.65817, Rate=1660.46 samples/sec, GlobalRate=1213.92 samples/sec, LoopTimeRemaining=0:00:24, TimeRemaining=0:41:41
2026-09-19 11:12:29,111 INFO:   | Train Device=CSX, Step=430, Loss=0.65590, Rate=3058.36 samples/sec, GlobalRate=1405.18 samples/sec, LoopTimeRemaining=0:00:13, TimeRemaining=0:42:07
2026-09-19 11:12:52,237 INFO:   | Train Device=CSX, Step=440, Loss=0.65998, Rate=1934.24 samples/sec, GlobalRate=1481.73 samples/sec, LoopTimeRemaining=0:00:00, TimeRemaining=0:41:54
2026-09-19 11:12:52,326 INFO:   Training completed successfully!
2026-09-19 11:12:52,348 INFO:   Ordinal 0: Initializing GNNDataProcessor for dataset 'ogbn-products' (split=valid, mode=neighbor).
$REPO_ROOT/.venv/lib/python3.11/site-packages/ogb/nodeproppred/dataset_pyg.py:69: FutureWarning: You are using `torch.load` with `weights_only=False` (the current default value), which uses the default pickle module implicitly. It is possible to construct malicious pickle data which will execute arbitrary code during unpickling (See https://github.com/pytorch/pytorch/blob/main/SECURITY.md#untrusted-models for more details). In a future release, the default value for `weights_only` will be flipped to `True`. This limits the functions that could be executed during unpickling. Arbitrary objects will no longer be allowed to be loaded via this mode unless they are explicitly allowlisted by the user via `torch.serialization.add_safe_globals`. We recommend you start setting `weights_only=True` for any use case where you don't have full control of the loaded file. Please open an issue on GitHub for any issues related to this experimental feature.
  self.data, self.slices = torch.load(self.processed_paths[0])
2026-09-19 11:13:22,151 INFO:   ---------------------------------------------------------------------------
2026-09-19 11:13:22,151 INFO:   Starting val_dataloader_2 loop 11 of 25, with 10 steps
2026-09-19 11:13:22,151 INFO:   ---------------------------------------------------------------------------
2026-09-19 11:13:24,178 INFO:   Compiling the model. This may take a few minutes.
2026-09-19 11:13:24,179 INFO:   Found existing cached compile.
2026-09-19 11:13:24,179 INFO:   Compile was successful!
2026-09-19 11:13:24,180 INFO:   Programming Cerebras Wafer Scale Cluster for execution. This may take a few minutes.
2026-09-19 11:13:24,180 INFO:   Preparing to execute using 1 CSX
2026-09-19 11:13:33,353 INFO:   About to send initial weights
2026-09-19 11:13:33,364 INFO:   Finished sending initial weights
2026-09-19 11:13:33,364 INFO:   Finalizing appliance staging for the run
2026-09-19 11:13:34,754 INFO:   Waiting for device programming to complete
2026-09-19 11:13:56,904 INFO:   Device programming is complete
2026-09-19 11:13:57,257 INFO:   Using network type: ROCE
2026-09-19 11:13:57,258 INFO:   Waiting for input workers to prime the data pipeline and begin streaming ...
2026-09-19 11:13:57,265 INFO:   Input workers have begun streaming input data
2026-09-19 11:13:57,345 INFO:   Appliance staging is complete
2026-09-19 11:13:57,345 INFO:   Beginning appliance run
2026-09-19 11:14:03,527 INFO:   | Eval Device=CSX, GlobalStep=440, Batch=10, Loss=0.55650, Rate=3801.12 samples/sec, GlobalRate=989.94 samples/sec, LoopTimeRemaining=0:00:00, TimeRemaining=0:39:02
2026-09-19 11:14:03,570 INFO:   Avg Eval Loss: 0.5564980864524841
2026-09-19 11:14:03,572 INFO:   Evaluation metrics:
2026-09-19 11:14:03,572 INFO:     - eval/masked_accuracy = 0.8681941628456116
2026-09-19 11:14:03,572 INFO:   Evaluation completed successfully!
2026-09-19 11:14:03,577 INFO:   ---------------------------------------------------------------------------
2026-09-19 11:14:03,577 INFO:   Starting train loop 12 of 25, from global step 441 to 480 (40 steps)
2026-09-19 11:14:03,577 INFO:   ---------------------------------------------------------------------------
2026-09-19 11:14:12,316 INFO:   Compiling the model. This may take a few minutes.
2026-09-19 11:14:12,316 INFO:   Found existing cached compile.
2026-09-19 11:14:12,316 INFO:   Compile was successful!
2026-09-19 11:14:12,318 INFO:   Programming Cerebras Wafer Scale Cluster for execution. This may take a few minutes.
2026-09-19 11:14:12,318 INFO:   Preparing to execute using 1 CSX
2026-09-19 11:14:30,372 INFO:   About to send initial weights
2026-09-19 11:14:30,414 INFO:   Finished sending initial weights
2026-09-19 11:14:30,414 INFO:   Finalizing appliance staging for the run
2026-09-19 11:14:31,522 INFO:   Waiting for device programming to complete
2026-09-19 11:14:48,207 INFO:   Device programming is complete
2026-09-19 11:14:48,542 INFO:   Using network type: ROCE
2026-09-19 11:14:48,543 INFO:   Waiting for input workers to prime the data pipeline and begin streaming ...
2026-09-19 11:14:48,553 INFO:   Input workers have begun streaming input data
2026-09-19 11:14:48,680 INFO:   Appliance staging is complete
2026-09-19 11:14:48,681 INFO:   Beginning appliance run
2026-09-19 11:14:58,918 INFO:   | Train Device=CSX, Step=450, Loss=0.67736, Rate=2359.89 samples/sec, GlobalRate=842.78 samples/sec, LoopTimeRemaining=0:00:34, TimeRemaining=0:37:02
2026-09-19 11:15:19,223 INFO:   | Train Device=CSX, Step=460, Loss=0.65244, Rate=3032.48 samples/sec, GlobalRate=1188.88 samples/sec, LoopTimeRemaining=0:00:23, TimeRemaining=0:37:10
2026-09-19 11:15:43,107 INFO:   | Train Device=CSX, Step=470, Loss=0.59398, Rate=1812.43 samples/sec, GlobalRate=1324.29 samples/sec, LoopTimeRemaining=0:00:12, TimeRemaining=0:37:12
2026-09-19 11:16:03,335 INFO:   | Train Device=CSX, Step=480, Loss=0.59142, Rate=3227.02 samples/sec, GlobalRate=1449.69 samples/sec, LoopTimeRemaining=0:00:00, TimeRemaining=0:36:55
2026-09-19 11:16:03,423 INFO:   Training completed successfully!
2026-09-19 11:16:03,443 INFO:   Ordinal 0: Initializing GNNDataProcessor for dataset 'ogbn-products' (split=valid, mode=neighbor).
$REPO_ROOT/.venv/lib/python3.11/site-packages/ogb/nodeproppred/dataset_pyg.py:69: FutureWarning: You are using `torch.load` with `weights_only=False` (the current default value), which uses the default pickle module implicitly. It is possible to construct malicious pickle data which will execute arbitrary code during unpickling (See https://github.com/pytorch/pytorch/blob/main/SECURITY.md#untrusted-models for more details). In a future release, the default value for `weights_only` will be flipped to `True`. This limits the functions that could be executed during unpickling. Arbitrary objects will no longer be allowed to be loaded via this mode unless they are explicitly allowlisted by the user via `torch.serialization.add_safe_globals`. We recommend you start setting `weights_only=True` for any use case where you don't have full control of the loaded file. Please open an issue on GitHub for any issues related to this experimental feature.
  self.data, self.slices = torch.load(self.processed_paths[0])
2026-09-19 11:16:33,047 INFO:   ---------------------------------------------------------------------------
2026-09-19 11:16:33,047 INFO:   Starting val_dataloader_2 loop 12 of 25, with 10 steps
2026-09-19 11:16:33,047 INFO:   ---------------------------------------------------------------------------
2026-09-19 11:16:35,074 INFO:   Compiling the model. This may take a few minutes.
2026-09-19 11:16:35,074 INFO:   Found existing cached compile.
2026-09-19 11:16:35,074 INFO:   Compile was successful!
2026-09-19 11:16:35,076 INFO:   Programming Cerebras Wafer Scale Cluster for execution. This may take a few minutes.
2026-09-19 11:16:35,076 INFO:   Preparing to execute using 1 CSX
2026-09-19 11:16:53,949 INFO:   About to send initial weights
2026-09-19 11:16:53,960 INFO:   Finished sending initial weights
2026-09-19 11:16:53,960 INFO:   Finalizing appliance staging for the run
2026-09-19 11:16:54,850 INFO:   Waiting for device programming to complete
2026-09-19 11:17:07,871 INFO:   Device programming is complete
2026-09-19 11:17:08,172 INFO:   Using network type: ROCE
2026-09-19 11:17:08,173 INFO:   Waiting for input workers to prime the data pipeline and begin streaming ...
2026-09-19 11:17:08,181 INFO:   Input workers have begun streaming input data
2026-09-19 11:17:08,308 INFO:   Appliance staging is complete
2026-09-19 11:17:08,308 INFO:   Beginning appliance run
2026-09-19 11:17:24,643 INFO:   | Eval Device=CSX, GlobalStep=480, Batch=10, Loss=0.52898, Rate=2785.83 samples/sec, GlobalRate=793.88 samples/sec, LoopTimeRemaining=0:00:00, TimeRemaining=0:37:14
2026-09-19 11:17:24,679 INFO:   Avg Eval Loss: 0.5289752602577209
2026-09-19 11:17:24,681 INFO:   Evaluation metrics:
2026-09-19 11:17:24,681 INFO:     - eval/masked_accuracy = 0.8771965503692627
2026-09-19 11:17:24,682 INFO:   Evaluation completed successfully!
2026-09-19 11:17:24,686 INFO:   ---------------------------------------------------------------------------
2026-09-19 11:17:24,686 INFO:   Starting train loop 13 of 25, from global step 481 to 520 (40 steps)
2026-09-19 11:17:24,686 INFO:   ---------------------------------------------------------------------------
2026-09-19 11:17:33,437 INFO:   Compiling the model. This may take a few minutes.
2026-09-19 11:17:33,437 INFO:   Found existing cached compile.
2026-09-19 11:17:33,437 INFO:   Compile was successful!
2026-09-19 11:17:33,439 INFO:   Programming Cerebras Wafer Scale Cluster for execution. This may take a few minutes.
2026-09-19 11:17:33,439 INFO:   Preparing to execute using 1 CSX
2026-09-19 11:17:51,321 INFO:   About to send initial weights
2026-09-19 11:17:51,363 INFO:   Finished sending initial weights
2026-09-19 11:17:51,363 INFO:   Finalizing appliance staging for the run
2026-09-19 11:17:52,487 INFO:   Waiting for device programming to complete
2026-09-19 11:18:08,903 INFO:   Device programming is complete
2026-09-19 11:18:09,227 INFO:   Using network type: ROCE
2026-09-19 11:18:09,228 INFO:   Waiting for input workers to prime the data pipeline and begin streaming ...
2026-09-19 11:18:09,238 INFO:   Input workers have begun streaming input data
2026-09-19 11:18:09,311 INFO:   Appliance staging is complete
2026-09-19 11:18:09,311 INFO:   Beginning appliance run
2026-09-19 11:18:17,079 INFO:   | Train Device=CSX, Step=490, Loss=0.26183, Rate=3833.02 samples/sec, GlobalRate=898.11 samples/sec, LoopTimeRemaining=0:00:32, TimeRemaining=0:35:03
2026-09-19 11:18:46,225 INFO:   | Train Device=CSX, Step=500, Loss=0.57459, Rate=2874.40 samples/sec, GlobalRate=1095.89 samples/sec, LoopTimeRemaining=0:00:22, TimeRemaining=0:35:14
2026-09-19 11:19:06,006 INFO:   | Train Device=CSX, Step=510, Loss=0.60451, Rate=3456.52 samples/sec, GlobalRate=1299.86 samples/sec, LoopTimeRemaining=0:00:11, TimeRemaining=0:35:21
2026-09-19 11:19:30,036 INFO:   | Train Device=CSX, Step=520, Loss=0.51546, Rate=2818.48 samples/sec, GlobalRate=1381.88 samples/sec, LoopTimeRemaining=0:00:00, TimeRemaining=0:35:13
2026-09-19 11:19:30,126 INFO:   Training completed successfully!
2026-09-19 11:19:30,151 INFO:   Ordinal 0: Initializing GNNDataProcessor for dataset 'ogbn-products' (split=valid, mode=neighbor).
$REPO_ROOT/.venv/lib/python3.11/site-packages/ogb/nodeproppred/dataset_pyg.py:69: FutureWarning: You are using `torch.load` with `weights_only=False` (the current default value), which uses the default pickle module implicitly. It is possible to construct malicious pickle data which will execute arbitrary code during unpickling (See https://github.com/pytorch/pytorch/blob/main/SECURITY.md#untrusted-models for more details). In a future release, the default value for `weights_only` will be flipped to `True`. This limits the functions that could be executed during unpickling. Arbitrary objects will no longer be allowed to be loaded via this mode unless they are explicitly allowlisted by the user via `torch.serialization.add_safe_globals`. We recommend you start setting `weights_only=True` for any use case where you don't have full control of the loaded file. Please open an issue on GitHub for any issues related to this experimental feature.
  self.data, self.slices = torch.load(self.processed_paths[0])
2026-09-19 11:19:59,976 INFO:   ---------------------------------------------------------------------------
2026-09-19 11:19:59,976 INFO:   Starting val_dataloader_2 loop 13 of 25, with 10 steps
2026-09-19 11:19:59,976 INFO:   ---------------------------------------------------------------------------
2026-09-19 11:20:02,056 INFO:   Compiling the model. This may take a few minutes.
2026-09-19 11:20:02,056 INFO:   Found existing cached compile.
2026-09-19 11:20:02,056 INFO:   Compile was successful!
2026-09-19 11:20:02,057 INFO:   Programming Cerebras Wafer Scale Cluster for execution. This may take a few minutes.
2026-09-19 11:20:02,057 INFO:   Preparing to execute using 1 CSX
2026-09-19 11:20:20,865 INFO:   About to send initial weights
2026-09-19 11:20:20,876 INFO:   Finished sending initial weights
2026-09-19 11:20:20,876 INFO:   Finalizing appliance staging for the run
2026-09-19 11:20:22,492 INFO:   Waiting for device programming to complete
2026-09-19 11:20:34,867 INFO:   Device programming is complete
2026-09-19 11:20:35,180 INFO:   Using network type: ROCE
2026-09-19 11:20:35,181 INFO:   Waiting for input workers to prime the data pipeline and begin streaming ...
2026-09-19 11:20:35,188 INFO:   Input workers have begun streaming input data
2026-09-19 11:20:35,292 INFO:   Appliance staging is complete
2026-09-19 11:20:35,292 INFO:   Beginning appliance run
2026-09-19 11:20:52,257 INFO:   | Eval Device=CSX, GlobalStep=520, Batch=10, Loss=0.50692, Rate=2818.31 samples/sec, GlobalRate=783.47 samples/sec, LoopTimeRemaining=0:00:00, TimeRemaining=0:33:57
2026-09-19 11:20:52,296 INFO:   Avg Eval Loss: 0.5069183588027955
2026-09-19 11:20:52,298 INFO:   Evaluation metrics:
2026-09-19 11:20:52,298 INFO:     - eval/masked_accuracy = 0.8811637163162231
2026-09-19 11:20:52,298 INFO:   Evaluation completed successfully!
2026-09-19 11:20:52,303 INFO:   ---------------------------------------------------------------------------
2026-09-19 11:20:52,304 INFO:   Starting train loop 14 of 25, from global step 521 to 560 (40 steps)
2026-09-19 11:20:52,304 INFO:   ---------------------------------------------------------------------------
2026-09-19 11:21:01,103 INFO:   Compiling the model. This may take a few minutes.
2026-09-19 11:21:01,104 INFO:   Found existing cached compile.
2026-09-19 11:21:01,104 INFO:   Compile was successful!
2026-09-19 11:21:01,105 INFO:   Programming Cerebras Wafer Scale Cluster for execution. This may take a few minutes.
2026-09-19 11:21:01,105 INFO:   Preparing to execute using 1 CSX
2026-09-19 11:21:19,278 INFO:   About to send initial weights
2026-09-19 11:21:19,319 INFO:   Finished sending initial weights
2026-09-19 11:21:19,319 INFO:   Finalizing appliance staging for the run
2026-09-19 11:21:20,456 INFO:   Waiting for device programming to complete
2026-09-19 11:21:37,126 INFO:   Device programming is complete
2026-09-19 11:21:37,489 INFO:   Using network type: ROCE
2026-09-19 11:21:37,490 INFO:   Waiting for input workers to prime the data pipeline and begin streaming ...
2026-09-19 11:21:37,499 INFO:   Input workers have begun streaming input data
2026-09-19 11:21:37,578 INFO:   Appliance staging is complete
2026-09-19 11:21:37,578 INFO:   Beginning appliance run
2026-09-19 11:21:46,141 INFO:   | Train Device=CSX, Step=530, Loss=0.57929, Rate=3363.34 samples/sec, GlobalRate=870.25 samples/sec, LoopTimeRemaining=0:00:33, TimeRemaining=0:32:53
2026-09-19 11:22:10,786 INFO:   | Train Device=CSX, Step=540, Loss=0.53925, Rate=1676.14 samples/sec, GlobalRate=1142.35 samples/sec, LoopTimeRemaining=0:00:23, TimeRemaining=0:32:55
2026-09-19 11:22:30,928 INFO:   | Train Device=CSX, Step=550, Loss=0.56871, Rate=3346.55 samples/sec, GlobalRate=1337.77 samples/sec, LoopTimeRemaining=0:00:11, TimeRemaining=0:32:43
2026-09-19 11:22:55,536 INFO:   | Train Device=CSX, Step=560, Loss=0.52237, Rate=1812.54 samples/sec, GlobalRate=1406.80 samples/sec, LoopTimeRemaining=0:00:00, TimeRemaining=0:32:33
2026-09-19 11:22:55,625 INFO:   Training completed successfully!
2026-09-19 11:22:55,647 INFO:   Ordinal 0: Initializing GNNDataProcessor for dataset 'ogbn-products' (split=valid, mode=neighbor).
$REPO_ROOT/.venv/lib/python3.11/site-packages/ogb/nodeproppred/dataset_pyg.py:69: FutureWarning: You are using `torch.load` with `weights_only=False` (the current default value), which uses the default pickle module implicitly. It is possible to construct malicious pickle data which will execute arbitrary code during unpickling (See https://github.com/pytorch/pytorch/blob/main/SECURITY.md#untrusted-models for more details). In a future release, the default value for `weights_only` will be flipped to `True`. This limits the functions that could be executed during unpickling. Arbitrary objects will no longer be allowed to be loaded via this mode unless they are explicitly allowlisted by the user via `torch.serialization.add_safe_globals`. We recommend you start setting `weights_only=True` for any use case where you don't have full control of the loaded file. Please open an issue on GitHub for any issues related to this experimental feature.
  self.data, self.slices = torch.load(self.processed_paths[0])
2026-09-19 11:23:25,450 INFO:   ---------------------------------------------------------------------------
2026-09-19 11:23:25,450 INFO:   Starting val_dataloader_2 loop 14 of 25, with 10 steps
2026-09-19 11:23:25,450 INFO:   ---------------------------------------------------------------------------
2026-09-19 11:23:27,459 INFO:   Compiling the model. This may take a few minutes.
2026-09-19 11:23:27,459 INFO:   Found existing cached compile.
2026-09-19 11:23:27,459 INFO:   Compile was successful!
2026-09-19 11:23:27,461 INFO:   Programming Cerebras Wafer Scale Cluster for execution. This may take a few minutes.
2026-09-19 11:23:27,461 INFO:   Preparing to execute using 1 CSX
2026-09-19 11:23:46,167 INFO:   About to send initial weights
2026-09-19 11:23:46,177 INFO:   Finished sending initial weights
2026-09-19 11:23:46,177 INFO:   Finalizing appliance staging for the run
2026-09-19 11:23:46,758 INFO:   Waiting for device programming to complete
2026-09-19 11:24:00,037 INFO:   Device programming is complete
2026-09-19 11:24:00,314 INFO:   Using network type: ROCE
2026-09-19 11:24:00,315 INFO:   Waiting for input workers to prime the data pipeline and begin streaming ...
2026-09-19 11:24:00,335 INFO:   Input workers have begun streaming input data
2026-09-19 11:24:00,410 INFO:   Appliance staging is complete
2026-09-19 11:24:00,410 INFO:   Beginning appliance run
2026-09-19 11:24:16,633 INFO:   | Eval Device=CSX, GlobalStep=560, Batch=10, Loss=0.48994, Rate=2876.40 samples/sec, GlobalRate=800.28 samples/sec, LoopTimeRemaining=0:00:00, TimeRemaining=0:32:00
2026-09-19 11:24:16,671 INFO:   Avg Eval Loss: 0.4899357736110687
2026-09-19 11:24:16,673 INFO:   Evaluation metrics:
2026-09-19 11:24:16,673 INFO:     - eval/masked_accuracy = 0.8846731185913086
2026-09-19 11:24:16,673 INFO:   Evaluation completed successfully!
2026-09-19 11:24:16,678 INFO:   ---------------------------------------------------------------------------
2026-09-19 11:24:16,678 INFO:   Starting train loop 15 of 25, from global step 561 to 600 (40 steps)
2026-09-19 11:24:16,679 INFO:   ---------------------------------------------------------------------------
2026-09-19 11:24:25,522 INFO:   Compiling the model. This may take a few minutes.
2026-09-19 11:24:25,523 INFO:   Found existing cached compile.
2026-09-19 11:24:25,523 INFO:   Compile was successful!
2026-09-19 11:24:25,524 INFO:   Programming Cerebras Wafer Scale Cluster for execution. This may take a few minutes.
2026-09-19 11:24:25,524 INFO:   Preparing to execute using 1 CSX
2026-09-19 11:24:35,417 INFO:   About to send initial weights
2026-09-19 11:24:35,480 INFO:   Finished sending initial weights
2026-09-19 11:24:35,480 INFO:   Finalizing appliance staging for the run
2026-09-19 11:24:36,593 INFO:   Waiting for device programming to complete
2026-09-19 11:25:01,295 INFO:   Device programming is complete
2026-09-19 11:25:01,638 INFO:   Using network type: ROCE
2026-09-19 11:25:01,639 INFO:   Waiting for input workers to prime the data pipeline and begin streaming ...
2026-09-19 11:25:01,649 INFO:   Input workers have begun streaming input data
2026-09-19 11:25:01,761 INFO:   Appliance staging is complete
2026-09-19 11:25:01,762 INFO:   Beginning appliance run
2026-09-19 11:25:10,284 INFO:   | Train Device=CSX, Step=570, Loss=0.54842, Rate=3387.27 samples/sec, GlobalRate=875.03 samples/sec, LoopTimeRemaining=0:00:34, TimeRemaining=0:30:51
2026-09-19 11:25:31,249 INFO:   | Train Device=CSX, Step=580, Loss=0.53324, Rate=1808.12 samples/sec, GlobalRate=1208.72 samples/sec, LoopTimeRemaining=0:00:24, TimeRemaining=0:31:08
2026-09-19 11:25:54,919 INFO:   | Train Device=CSX, Step=590, Loss=0.50522, Rate=2893.75 samples/sec, GlobalRate=1343.77 samples/sec, LoopTimeRemaining=0:00:12, TimeRemaining=0:30:47
2026-09-19 11:26:15,036 INFO:   | Train Device=CSX, Step=600, Loss=0.51220, Rate=3497.12 samples/sec, GlobalRate=1468.61 samples/sec, LoopTimeRemaining=0:00:00, TimeRemaining=0:30:29
2026-09-19 11:26:15,124 INFO:   Training completed successfully!
2026-09-19 11:26:15,145 INFO:   Ordinal 0: Initializing GNNDataProcessor for dataset 'ogbn-products' (split=valid, mode=neighbor).
$REPO_ROOT/.venv/lib/python3.11/site-packages/ogb/nodeproppred/dataset_pyg.py:69: FutureWarning: You are using `torch.load` with `weights_only=False` (the current default value), which uses the default pickle module implicitly. It is possible to construct malicious pickle data which will execute arbitrary code during unpickling (See https://github.com/pytorch/pytorch/blob/main/SECURITY.md#untrusted-models for more details). In a future release, the default value for `weights_only` will be flipped to `True`. This limits the functions that could be executed during unpickling. Arbitrary objects will no longer be allowed to be loaded via this mode unless they are explicitly allowlisted by the user via `torch.serialization.add_safe_globals`. We recommend you start setting `weights_only=True` for any use case where you don't have full control of the loaded file. Please open an issue on GitHub for any issues related to this experimental feature.
  self.data, self.slices = torch.load(self.processed_paths[0])
2026-09-19 11:26:45,137 INFO:   ---------------------------------------------------------------------------
2026-09-19 11:26:45,137 INFO:   Starting val_dataloader_2 loop 15 of 25, with 10 steps
2026-09-19 11:26:45,137 INFO:   ---------------------------------------------------------------------------
2026-09-19 11:26:47,350 INFO:   Compiling the model. This may take a few minutes.
2026-09-19 11:26:47,351 INFO:   Found existing cached compile.
2026-09-19 11:26:47,351 INFO:   Compile was successful!
2026-09-19 11:26:47,352 INFO:   Programming Cerebras Wafer Scale Cluster for execution. This may take a few minutes.
2026-09-19 11:26:47,352 INFO:   Preparing to execute using 1 CSX
2026-09-19 11:27:14,149 INFO:   About to send initial weights
2026-09-19 11:27:14,161 INFO:   Finished sending initial weights
2026-09-19 11:27:14,161 INFO:   Finalizing appliance staging for the run
2026-09-19 11:27:14,946 INFO:   Waiting for device programming to complete
2026-09-19 11:27:20,352 INFO:   Device programming is complete
2026-09-19 11:27:20,646 INFO:   Using network type: ROCE
2026-09-19 11:27:20,647 INFO:   Waiting for input workers to prime the data pipeline and begin streaming ...
2026-09-19 11:27:24,810 INFO:   Input workers have begun streaming input data
2026-09-19 11:27:24,915 INFO:   Appliance staging is complete
2026-09-19 11:27:24,915 INFO:   Beginning appliance run
2026-09-19 11:27:44,600 INFO:   | Eval Device=CSX, GlobalStep=600, Batch=10, Loss=0.47519, Rate=2792.64 samples/sec, GlobalRate=688.84 samples/sec, LoopTimeRemaining=0:00:00, TimeRemaining=0:29:13
2026-09-19 11:27:44,638 INFO:   Avg Eval Loss: 0.47519232630729674
2026-09-19 11:27:44,640 INFO:   Evaluation metrics:
2026-09-19 11:27:44,640 INFO:     - eval/masked_accuracy = 0.8880807757377625
2026-09-19 11:27:44,640 INFO:   Evaluation completed successfully!
2026-09-19 11:27:44,645 INFO:   ---------------------------------------------------------------------------
2026-09-19 11:27:44,645 INFO:   Starting train loop 16 of 25, from global step 601 to 640 (40 steps)
2026-09-19 11:27:44,645 INFO:   ---------------------------------------------------------------------------
2026-09-19 11:27:53,700 INFO:   Compiling the model. This may take a few minutes.
2026-09-19 11:27:53,700 INFO:   Found existing cached compile.
2026-09-19 11:27:53,700 INFO:   Compile was successful!
2026-09-19 11:27:53,701 INFO:   Programming Cerebras Wafer Scale Cluster for execution. This may take a few minutes.
2026-09-19 11:27:53,701 INFO:   Preparing to execute using 1 CSX
2026-09-19 11:28:20,611 INFO:   About to send initial weights
2026-09-19 11:28:20,664 INFO:   Finished sending initial weights
2026-09-19 11:28:20,665 INFO:   Finalizing appliance staging for the run
2026-09-19 11:28:22,110 INFO:   Waiting for device programming to complete
2026-09-19 11:28:29,047 INFO:   Device programming is complete
2026-09-19 11:28:29,401 INFO:   Using network type: ROCE
2026-09-19 11:28:29,402 INFO:   Waiting for input workers to prime the data pipeline and begin streaming ...
2026-09-19 11:28:29,410 INFO:   Input workers have begun streaming input data
2026-09-19 11:28:29,482 INFO:   Appliance staging is complete
2026-09-19 11:28:29,482 INFO:   Beginning appliance run
2026-09-19 11:28:37,863 INFO:   | Train Device=CSX, Step=610, Loss=0.54894, Rate=3566.25 samples/sec, GlobalRate=881.43 samples/sec, LoopTimeRemaining=0:00:33, TimeRemaining=0:27:58
2026-09-19 11:28:59,231 INFO:   | Train Device=CSX, Step=620, Loss=0.52103, Rate=1805.22 samples/sec, GlobalRate=1207.58 samples/sec, LoopTimeRemaining=0:00:23, TimeRemaining=0:28:08
2026-09-19 11:29:18,972 INFO:   | Train Device=CSX, Step=630, Loss=0.48491, Rate=3086.78 samples/sec, GlobalRate=1403.08 samples/sec, LoopTimeRemaining=0:00:12, TimeRemaining=0:28:05
2026-09-19 11:29:46,655 INFO:   | Train Device=CSX, Step=640, Loss=0.54694, Rate=3133.93 samples/sec, GlobalRate=1421.45 samples/sec, LoopTimeRemaining=0:00:00, TimeRemaining=0:27:56
2026-09-19 11:29:46,746 INFO:   Training completed successfully!
2026-09-19 11:29:46,773 INFO:   Ordinal 0: Initializing GNNDataProcessor for dataset 'ogbn-products' (split=valid, mode=neighbor).
$REPO_ROOT/.venv/lib/python3.11/site-packages/ogb/nodeproppred/dataset_pyg.py:69: FutureWarning: You are using `torch.load` with `weights_only=False` (the current default value), which uses the default pickle module implicitly. It is possible to construct malicious pickle data which will execute arbitrary code during unpickling (See https://github.com/pytorch/pytorch/blob/main/SECURITY.md#untrusted-models for more details). In a future release, the default value for `weights_only` will be flipped to `True`. This limits the functions that could be executed during unpickling. Arbitrary objects will no longer be allowed to be loaded via this mode unless they are explicitly allowlisted by the user via `torch.serialization.add_safe_globals`. We recommend you start setting `weights_only=True` for any use case where you don't have full control of the loaded file. Please open an issue on GitHub for any issues related to this experimental feature.
  self.data, self.slices = torch.load(self.processed_paths[0])
2026-09-19 11:30:16,677 INFO:   ---------------------------------------------------------------------------
2026-09-19 11:30:16,677 INFO:   Starting val_dataloader_2 loop 16 of 25, with 10 steps
2026-09-19 11:30:16,677 INFO:   ---------------------------------------------------------------------------
2026-09-19 11:30:19,085 INFO:   Compiling the model. This may take a few minutes.
2026-09-19 11:30:19,086 INFO:   Found existing cached compile.
2026-09-19 11:30:19,086 INFO:   Compile was successful!
2026-09-19 11:30:19,093 INFO:   Programming Cerebras Wafer Scale Cluster for execution. This may take a few minutes.
2026-09-19 11:30:19,093 INFO:   Preparing to execute using 1 CSX
2026-09-19 11:30:36,261 INFO:   About to send initial weights
2026-09-19 11:30:36,277 INFO:   Finished sending initial weights
2026-09-19 11:30:36,277 INFO:   Finalizing appliance staging for the run
2026-09-19 11:30:36,665 INFO:   Waiting for device programming to complete
2026-09-19 11:30:51,837 INFO:   Device programming is complete
2026-09-19 11:30:52,162 INFO:   Using network type: ROCE
2026-09-19 11:30:52,163 INFO:   Waiting for input workers to prime the data pipeline and begin streaming ...
2026-09-19 11:30:52,171 INFO:   Input workers have begun streaming input data
2026-09-19 11:30:52,244 INFO:   Appliance staging is complete
2026-09-19 11:30:52,245 INFO:   Beginning appliance run
2026-09-19 11:31:06,533 INFO:   | Eval Device=CSX, GlobalStep=640, Batch=10, Loss=0.49584, Rate=2917.55 samples/sec, GlobalRate=821.57 samples/sec, LoopTimeRemaining=0:00:00, TimeRemaining=0:25:53
2026-09-19 11:31:06,572 INFO:   Avg Eval Loss: 0.4958381116390228
2026-09-19 11:31:06,574 INFO:   Evaluation metrics:
2026-09-19 11:31:06,574 INFO:     - eval/masked_accuracy = 0.8864786624908447
2026-09-19 11:31:06,574 INFO:   Evaluation completed successfully!
2026-09-19 11:31:06,579 INFO:   ---------------------------------------------------------------------------
2026-09-19 11:31:06,579 INFO:   Starting train loop 17 of 25, from global step 641 to 680 (40 steps)
2026-09-19 11:31:06,579 INFO:   ---------------------------------------------------------------------------
2026-09-19 11:31:15,598 INFO:   Compiling the model. This may take a few minutes.
2026-09-19 11:31:15,599 INFO:   Found existing cached compile.
2026-09-19 11:31:15,599 INFO:   Compile was successful!
2026-09-19 11:31:15,600 INFO:   Programming Cerebras Wafer Scale Cluster for execution. This may take a few minutes.
2026-09-19 11:31:15,600 INFO:   Preparing to execute using 1 CSX
2026-09-19 11:31:33,265 INFO:   About to send initial weights
2026-09-19 11:31:33,308 INFO:   Finished sending initial weights
2026-09-19 11:31:33,308 INFO:   Finalizing appliance staging for the run
2026-09-19 11:31:34,437 INFO:   Waiting for device programming to complete
2026-09-19 11:31:50,909 INFO:   Device programming is complete
2026-09-19 11:31:51,229 INFO:   Using network type: ROCE
2026-09-19 11:31:51,229 INFO:   Waiting for input workers to prime the data pipeline and begin streaming ...
2026-09-19 11:31:51,238 INFO:   Input workers have begun streaming input data
2026-09-19 11:31:51,310 INFO:   Appliance staging is complete
2026-09-19 11:31:51,310 INFO:   Beginning appliance run
2026-09-19 11:31:59,735 INFO:   | Train Device=CSX, Step=650, Loss=0.54445, Rate=3480.18 samples/sec, GlobalRate=883.45 samples/sec, LoopTimeRemaining=0:00:33, TimeRemaining=0:24:25
2026-09-19 11:32:20,653 INFO:   | Train Device=CSX, Step=660, Loss=0.55223, Rate=1762.03 samples/sec, GlobalRate=1217.56 samples/sec, LoopTimeRemaining=0:00:24, TimeRemaining=0:24:39
2026-09-19 11:32:40,907 INFO:   | Train Device=CSX, Step=670, Loss=0.49424, Rate=3194.00 samples/sec, GlobalRate=1403.76 samples/sec, LoopTimeRemaining=0:00:12, TimeRemaining=0:24:35
2026-09-19 11:33:05,081 INFO:   | Train Device=CSX, Step=680, Loss=0.50997, Rate=1833.25 samples/sec, GlobalRate=1466.65 samples/sec, LoopTimeRemaining=0:00:00, TimeRemaining=0:24:23
2026-09-19 11:33:05,174 INFO:   Training completed successfully!
2026-09-19 11:33:05,196 INFO:   Ordinal 0: Initializing GNNDataProcessor for dataset 'ogbn-products' (split=valid, mode=neighbor).
$REPO_ROOT/.venv/lib/python3.11/site-packages/ogb/nodeproppred/dataset_pyg.py:69: FutureWarning: You are using `torch.load` with `weights_only=False` (the current default value), which uses the default pickle module implicitly. It is possible to construct malicious pickle data which will execute arbitrary code during unpickling (See https://github.com/pytorch/pytorch/blob/main/SECURITY.md#untrusted-models for more details). In a future release, the default value for `weights_only` will be flipped to `True`. This limits the functions that could be executed during unpickling. Arbitrary objects will no longer be allowed to be loaded via this mode unless they are explicitly allowlisted by the user via `torch.serialization.add_safe_globals`. We recommend you start setting `weights_only=True` for any use case where you don't have full control of the loaded file. Please open an issue on GitHub for any issues related to this experimental feature.
  self.data, self.slices = torch.load(self.processed_paths[0])
2026-09-19 11:33:35,016 INFO:   ---------------------------------------------------------------------------
2026-09-19 11:33:35,016 INFO:   Starting val_dataloader_2 loop 17 of 25, with 10 steps
2026-09-19 11:33:35,016 INFO:   ---------------------------------------------------------------------------
2026-09-19 11:33:37,507 INFO:   Compiling the model. This may take a few minutes.
2026-09-19 11:33:37,508 INFO:   Found existing cached compile.
2026-09-19 11:33:37,508 INFO:   Compile was successful!
2026-09-19 11:33:37,509 INFO:   Programming Cerebras Wafer Scale Cluster for execution. This may take a few minutes.
2026-09-19 11:33:37,509 INFO:   Preparing to execute using 1 CSX
2026-09-19 11:33:47,089 INFO:   About to send initial weights
2026-09-19 11:33:47,100 INFO:   Finished sending initial weights
2026-09-19 11:33:47,100 INFO:   Finalizing appliance staging for the run
2026-09-19 11:33:48,496 INFO:   Waiting for device programming to complete
2026-09-19 11:34:10,370 INFO:   Device programming is complete
2026-09-19 11:34:10,678 INFO:   Using network type: ROCE
2026-09-19 11:34:10,679 INFO:   Waiting for input workers to prime the data pipeline and begin streaming ...
2026-09-19 11:34:10,687 INFO:   Input workers have begun streaming input data
2026-09-19 11:34:10,766 INFO:   Appliance staging is complete
2026-09-19 11:34:10,766 INFO:   Beginning appliance run
2026-09-19 11:34:17,808 INFO:   | Eval Device=CSX, GlobalStep=680, Batch=10, Loss=0.45818, Rate=3641.86 samples/sec, GlobalRate=957.20 samples/sec, LoopTimeRemaining=0:00:00, TimeRemaining=0:22:19
2026-09-19 11:34:17,848 INFO:   Avg Eval Loss: 0.45817739367485044
2026-09-19 11:34:17,850 INFO:   Evaluation metrics:
2026-09-19 11:34:17,851 INFO:     - eval/masked_accuracy = 0.8911069631576538
2026-09-19 11:34:17,851 INFO:   Evaluation completed successfully!
2026-09-19 11:34:17,857 INFO:   ---------------------------------------------------------------------------
2026-09-19 11:34:17,857 INFO:   Starting train loop 18 of 25, from global step 681 to 720 (40 steps)
2026-09-19 11:34:17,857 INFO:   ---------------------------------------------------------------------------
2026-09-19 11:34:26,940 INFO:   Compiling the model. This may take a few minutes.
2026-09-19 11:34:26,940 INFO:   Found existing cached compile.
2026-09-19 11:34:26,940 INFO:   Compile was successful!
2026-09-19 11:34:26,942 INFO:   Programming Cerebras Wafer Scale Cluster for execution. This may take a few minutes.
2026-09-19 11:34:26,942 INFO:   Preparing to execute using 1 CSX
2026-09-19 11:34:54,179 INFO:   About to send initial weights
2026-09-19 11:34:54,220 INFO:   Finished sending initial weights
2026-09-19 11:34:54,220 INFO:   Finalizing appliance staging for the run
2026-09-19 11:34:54,956 INFO:   Waiting for device programming to complete
2026-09-19 11:35:02,635 INFO:   Device programming is complete
2026-09-19 11:35:02,972 INFO:   Using network type: ROCE
2026-09-19 11:35:02,972 INFO:   Waiting for input workers to prime the data pipeline and begin streaming ...
2026-09-19 11:35:02,981 INFO:   Input workers have begun streaming input data
2026-09-19 11:35:03,115 INFO:   Appliance staging is complete
2026-09-19 11:35:03,116 INFO:   Beginning appliance run
2026-09-19 11:35:19,755 INFO:   | Train Device=CSX, Step=690, Loss=0.65326, Rate=3450.78 samples/sec, GlobalRate=742.61 samples/sec, LoopTimeRemaining=0:00:32, TimeRemaining=0:20:44
2026-09-19 11:35:43,936 INFO:   | Train Device=CSX, Step=700, Loss=0.61541, Rate=2758.94 samples/sec, GlobalRate=1032.54 samples/sec, LoopTimeRemaining=0:00:23, TimeRemaining=0:20:59
2026-09-19 11:36:03,532 INFO:   | Train Device=CSX, Step=710, Loss=0.56165, Rate=3429.83 samples/sec, GlobalRate=1242.04 samples/sec, LoopTimeRemaining=0:00:12, TimeRemaining=0:20:45
2026-09-19 11:36:27,820 INFO:   | Train Device=CSX, Step=720, Loss=0.49789, Rate=2147.47 samples/sec, GlobalRate=1329.63 samples/sec, LoopTimeRemaining=0:00:00, TimeRemaining=0:20:34
2026-09-19 11:36:27,909 INFO:   Training completed successfully!
2026-09-19 11:36:27,933 INFO:   Ordinal 0: Initializing GNNDataProcessor for dataset 'ogbn-products' (split=valid, mode=neighbor).
$REPO_ROOT/.venv/lib/python3.11/site-packages/ogb/nodeproppred/dataset_pyg.py:69: FutureWarning: You are using `torch.load` with `weights_only=False` (the current default value), which uses the default pickle module implicitly. It is possible to construct malicious pickle data which will execute arbitrary code during unpickling (See https://github.com/pytorch/pytorch/blob/main/SECURITY.md#untrusted-models for more details). In a future release, the default value for `weights_only` will be flipped to `True`. This limits the functions that could be executed during unpickling. Arbitrary objects will no longer be allowed to be loaded via this mode unless they are explicitly allowlisted by the user via `torch.serialization.add_safe_globals`. We recommend you start setting `weights_only=True` for any use case where you don't have full control of the loaded file. Please open an issue on GitHub for any issues related to this experimental feature.
  self.data, self.slices = torch.load(self.processed_paths[0])
2026-09-19 11:36:58,000 INFO:   ---------------------------------------------------------------------------
2026-09-19 11:36:58,000 INFO:   Starting val_dataloader_2 loop 18 of 25, with 10 steps
2026-09-19 11:36:58,000 INFO:   ---------------------------------------------------------------------------
2026-09-19 11:37:00,445 INFO:   Compiling the model. This may take a few minutes.
2026-09-19 11:37:00,445 INFO:   Found existing cached compile.
2026-09-19 11:37:00,446 INFO:   Compile was successful!
2026-09-19 11:37:00,453 INFO:   Programming Cerebras Wafer Scale Cluster for execution. This may take a few minutes.
2026-09-19 11:37:00,453 INFO:   Preparing to execute using 1 CSX
2026-09-19 11:37:17,889 INFO:   About to send initial weights
2026-09-19 11:37:17,900 INFO:   Finished sending initial weights
2026-09-19 11:37:17,900 INFO:   Finalizing appliance staging for the run
2026-09-19 11:37:18,304 INFO:   Waiting for device programming to complete
2026-09-19 11:37:33,036 INFO:   Device programming is complete
2026-09-19 11:37:33,299 INFO:   Using network type: ROCE
2026-09-19 11:37:33,300 INFO:   Waiting for input workers to prime the data pipeline and begin streaming ...
2026-09-19 11:37:33,319 INFO:   Input workers have begun streaming input data
2026-09-19 11:37:33,444 INFO:   Appliance staging is complete
2026-09-19 11:37:33,444 INFO:   Beginning appliance run
2026-09-19 11:37:48,112 INFO:   | Eval Device=CSX, GlobalStep=720, Batch=10, Loss=0.47316, Rate=2918.63 samples/sec, GlobalRate=817.38 samples/sec, LoopTimeRemaining=0:00:00, TimeRemaining=0:20:05
2026-09-19 11:37:48,150 INFO:   Avg Eval Loss: 0.47315713167190554
2026-09-19 11:37:48,152 INFO:   Evaluation metrics:
2026-09-19 11:37:48,152 INFO:     - eval/masked_accuracy = 0.8868601322174072
2026-09-19 11:37:48,152 INFO:   Evaluation completed successfully!
2026-09-19 11:37:48,157 INFO:   ---------------------------------------------------------------------------
2026-09-19 11:37:48,157 INFO:   Starting train loop 19 of 25, from global step 721 to 760 (40 steps)
2026-09-19 11:37:48,157 INFO:   ---------------------------------------------------------------------------
2026-09-19 11:37:56,940 INFO:   Compiling the model. This may take a few minutes.
2026-09-19 11:37:56,941 INFO:   Found existing cached compile.
2026-09-19 11:37:56,941 INFO:   Compile was successful!
2026-09-19 11:37:56,942 INFO:   Programming Cerebras Wafer Scale Cluster for execution. This may take a few minutes.
2026-09-19 11:37:56,942 INFO:   Preparing to execute using 1 CSX
2026-09-19 11:38:15,895 INFO:   About to send initial weights
2026-09-19 11:38:15,949 INFO:   Finished sending initial weights
2026-09-19 11:38:15,949 INFO:   Finalizing appliance staging for the run
2026-09-19 11:38:16,618 INFO:   Waiting for device programming to complete
2026-09-19 11:38:32,380 INFO:   Device programming is complete
2026-09-19 11:38:32,693 INFO:   Using network type: ROCE
2026-09-19 11:38:32,694 INFO:   Waiting for input workers to prime the data pipeline and begin streaming ...
2026-09-19 11:38:32,701 INFO:   Input workers have begun streaming input data
2026-09-19 11:38:32,776 INFO:   Appliance staging is complete
2026-09-19 11:38:32,777 INFO:   Beginning appliance run
2026-09-19 11:38:41,102 INFO:   | Train Device=CSX, Step=730, Loss=0.47967, Rate=3473.08 samples/sec, GlobalRate=887.32 samples/sec, LoopTimeRemaining=0:00:33, TimeRemaining=0:18:48
2026-09-19 11:39:05,966 INFO:   | Train Device=CSX, Step=740, Loss=0.54749, Rate=1854.39 samples/sec, GlobalRate=1153.38 samples/sec, LoopTimeRemaining=0:00:23, TimeRemaining=0:18:47
2026-09-19 11:39:26,262 INFO:   | Train Device=CSX, Step=750, Loss=0.48983, Rate=3269.60 samples/sec, GlobalRate=1345.57 samples/sec, LoopTimeRemaining=0:00:12, TimeRemaining=0:18:38
2026-09-19 11:39:50,191 INFO:   | Train Device=CSX, Step=760, Loss=0.49899, Rate=1836.41 samples/sec, GlobalRate=1421.60 samples/sec, LoopTimeRemaining=0:00:00, TimeRemaining=0:18:27
2026-09-19 11:39:50,284 INFO:   Training completed successfully!
2026-09-19 11:39:50,310 INFO:   Ordinal 0: Initializing GNNDataProcessor for dataset 'ogbn-products' (split=valid, mode=neighbor).
$REPO_ROOT/.venv/lib/python3.11/site-packages/ogb/nodeproppred/dataset_pyg.py:69: FutureWarning: You are using `torch.load` with `weights_only=False` (the current default value), which uses the default pickle module implicitly. It is possible to construct malicious pickle data which will execute arbitrary code during unpickling (See https://github.com/pytorch/pytorch/blob/main/SECURITY.md#untrusted-models for more details). In a future release, the default value for `weights_only` will be flipped to `True`. This limits the functions that could be executed during unpickling. Arbitrary objects will no longer be allowed to be loaded via this mode unless they are explicitly allowlisted by the user via `torch.serialization.add_safe_globals`. We recommend you start setting `weights_only=True` for any use case where you don't have full control of the loaded file. Please open an issue on GitHub for any issues related to this experimental feature.
  self.data, self.slices = torch.load(self.processed_paths[0])
2026-09-19 11:40:20,492 INFO:   ---------------------------------------------------------------------------
2026-09-19 11:40:20,492 INFO:   Starting val_dataloader_2 loop 19 of 25, with 10 steps
2026-09-19 11:40:20,492 INFO:   ---------------------------------------------------------------------------
2026-09-19 11:40:22,555 INFO:   Compiling the model. This may take a few minutes.
2026-09-19 11:40:22,555 INFO:   Found existing cached compile.
2026-09-19 11:40:22,556 INFO:   Compile was successful!
2026-09-19 11:40:22,557 INFO:   Programming Cerebras Wafer Scale Cluster for execution. This may take a few minutes.
2026-09-19 11:40:22,557 INFO:   Preparing to execute using 1 CSX
2026-09-19 11:40:41,249 INFO:   About to send initial weights
2026-09-19 11:40:41,260 INFO:   Finished sending initial weights
2026-09-19 11:40:41,260 INFO:   Finalizing appliance staging for the run
2026-09-19 11:40:41,962 INFO:   Waiting for device programming to complete
2026-09-19 11:40:55,168 INFO:   Device programming is complete
2026-09-19 11:40:55,484 INFO:   Using network type: ROCE
2026-09-19 11:40:55,484 INFO:   Waiting for input workers to prime the data pipeline and begin streaming ...
2026-09-19 11:40:55,492 INFO:   Input workers have begun streaming input data
2026-09-19 11:40:55,580 INFO:   Appliance staging is complete
2026-09-19 11:40:55,580 INFO:   Beginning appliance run
2026-09-19 11:41:11,434 INFO:   | Eval Device=CSX, GlobalStep=760, Batch=10, Loss=0.46027, Rate=2807.06 samples/sec, GlobalRate=804.06 samples/sec, LoopTimeRemaining=0:00:00, TimeRemaining=0:17:30
2026-09-19 11:41:11,473 INFO:   Avg Eval Loss: 0.460268896818161
2026-09-19 11:41:11,475 INFO:   Evaluation metrics:
2026-09-19 11:41:11,475 INFO:     - eval/masked_accuracy = 0.8888945579528809
2026-09-19 11:41:11,476 INFO:   Evaluation completed successfully!
2026-09-19 11:41:11,480 INFO:   ---------------------------------------------------------------------------
2026-09-19 11:41:11,480 INFO:   Starting train loop 20 of 25, from global step 761 to 800 (40 steps)
2026-09-19 11:41:11,480 INFO:   ---------------------------------------------------------------------------
2026-09-19 11:41:20,313 INFO:   Compiling the model. This may take a few minutes.
2026-09-19 11:41:20,313 INFO:   Found existing cached compile.
2026-09-19 11:41:20,313 INFO:   Compile was successful!
2026-09-19 11:41:20,315 INFO:   Programming Cerebras Wafer Scale Cluster for execution. This may take a few minutes.
2026-09-19 11:41:20,315 INFO:   Preparing to execute using 1 CSX
2026-09-19 11:41:47,180 INFO:   About to send initial weights
2026-09-19 11:41:47,220 INFO:   Finished sending initial weights
2026-09-19 11:41:47,220 INFO:   Finalizing appliance staging for the run
2026-09-19 11:41:47,762 INFO:   Waiting for device programming to complete
2026-09-19 11:41:55,697 INFO:   Device programming is complete
2026-09-19 11:41:56,042 INFO:   Using network type: ROCE
2026-09-19 11:41:56,042 INFO:   Waiting for input workers to prime the data pipeline and begin streaming ...
2026-09-19 11:41:56,051 INFO:   Input workers have begun streaming input data
2026-09-19 11:41:56,134 INFO:   Appliance staging is complete
2026-09-19 11:41:56,134 INFO:   Beginning appliance run
2026-09-19 11:42:04,673 INFO:   | Train Device=CSX, Step=770, Loss=0.44842, Rate=3419.21 samples/sec, GlobalRate=883.02 samples/sec, LoopTimeRemaining=0:00:33, TimeRemaining=0:16:21
2026-09-19 11:42:25,707 INFO:   | Train Device=CSX, Step=780, Loss=0.52193, Rate=1769.56 samples/sec, GlobalRate=1215.06 samples/sec, LoopTimeRemaining=0:00:24, TimeRemaining=0:16:29
2026-09-19 11:42:49,662 INFO:   | Train Device=CSX, Step=790, Loss=0.52802, Rate=2884.91 samples/sec, GlobalRate=1344.77 samples/sec, LoopTimeRemaining=0:00:12, TimeRemaining=0:16:14
2026-09-19 11:43:09,907 INFO:   | Train Device=CSX, Step=800, Loss=0.50004, Rate=3473.26 samples/sec, GlobalRate=1467.83 samples/sec, LoopTimeRemaining=0:00:00, TimeRemaining=0:15:58
2026-09-19 11:43:09,997 INFO:   Training completed successfully!
2026-09-19 11:43:10,017 INFO:   Ordinal 0: Initializing GNNDataProcessor for dataset 'ogbn-products' (split=valid, mode=neighbor).
$REPO_ROOT/.venv/lib/python3.11/site-packages/ogb/nodeproppred/dataset_pyg.py:69: FutureWarning: You are using `torch.load` with `weights_only=False` (the current default value), which uses the default pickle module implicitly. It is possible to construct malicious pickle data which will execute arbitrary code during unpickling (See https://github.com/pytorch/pytorch/blob/main/SECURITY.md#untrusted-models for more details). In a future release, the default value for `weights_only` will be flipped to `True`. This limits the functions that could be executed during unpickling. Arbitrary objects will no longer be allowed to be loaded via this mode unless they are explicitly allowlisted by the user via `torch.serialization.add_safe_globals`. We recommend you start setting `weights_only=True` for any use case where you don't have full control of the loaded file. Please open an issue on GitHub for any issues related to this experimental feature.
  self.data, self.slices = torch.load(self.processed_paths[0])
2026-09-19 11:43:39,759 INFO:   ---------------------------------------------------------------------------
2026-09-19 11:43:39,759 INFO:   Starting val_dataloader_2 loop 20 of 25, with 10 steps
2026-09-19 11:43:39,759 INFO:   ---------------------------------------------------------------------------
2026-09-19 11:43:41,897 INFO:   Compiling the model. This may take a few minutes.
2026-09-19 11:43:41,898 INFO:   Found existing cached compile.
2026-09-19 11:43:41,898 INFO:   Compile was successful!
2026-09-19 11:43:41,899 INFO:   Programming Cerebras Wafer Scale Cluster for execution. This may take a few minutes.
2026-09-19 11:43:41,899 INFO:   Preparing to execute using 1 CSX
2026-09-19 11:44:08,689 INFO:   About to send initial weights
2026-09-19 11:44:08,701 INFO:   Finished sending initial weights
2026-09-19 11:44:08,701 INFO:   Finalizing appliance staging for the run
2026-09-19 11:44:09,320 INFO:   Waiting for device programming to complete
2026-09-19 11:44:14,674 INFO:   Device programming is complete
2026-09-19 11:44:14,973 INFO:   Using network type: ROCE
2026-09-19 11:44:14,974 INFO:   Waiting for input workers to prime the data pipeline and begin streaming ...
2026-09-19 11:44:19,555 INFO:   Input workers have begun streaming input data
2026-09-19 11:44:19,618 INFO:   Appliance staging is complete
2026-09-19 11:44:19,618 INFO:   Beginning appliance run
2026-09-19 11:44:39,281 INFO:   | Eval Device=CSX, GlobalStep=800, Batch=10, Loss=0.45442, Rate=2343.16 samples/sec, GlobalRate=688.15 samples/sec, LoopTimeRemaining=0:00:00, TimeRemaining=0:14:37
2026-09-19 11:44:39,318 INFO:   Avg Eval Loss: 0.45441781878471377
2026-09-19 11:44:39,320 INFO:   Evaluation metrics:
2026-09-19 11:44:39,320 INFO:     - eval/masked_accuracy = 0.8890979886054993
2026-09-19 11:44:39,320 INFO:   Evaluation completed successfully!
2026-09-19 11:44:39,325 INFO:   ---------------------------------------------------------------------------
2026-09-19 11:44:39,325 INFO:   Starting train loop 21 of 25, from global step 801 to 840 (40 steps)
2026-09-19 11:44:39,325 INFO:   ---------------------------------------------------------------------------
2026-09-19 11:44:48,414 INFO:   Compiling the model. This may take a few minutes.
2026-09-19 11:44:48,414 INFO:   Found existing cached compile.
2026-09-19 11:44:48,414 INFO:   Compile was successful!
2026-09-19 11:44:48,415 INFO:   Programming Cerebras Wafer Scale Cluster for execution. This may take a few minutes.
2026-09-19 11:44:48,415 INFO:   Preparing to execute using 1 CSX
2026-09-19 11:45:05,663 INFO:   About to send initial weights
2026-09-19 11:45:05,706 INFO:   Finished sending initial weights
2026-09-19 11:45:05,706 INFO:   Finalizing appliance staging for the run
2026-09-19 11:45:05,808 INFO:   Waiting for device programming to complete
2026-09-19 11:45:23,871 INFO:   Device programming is complete
2026-09-19 11:45:24,181 INFO:   Using network type: ROCE
2026-09-19 11:45:24,182 INFO:   Waiting for input workers to prime the data pipeline and begin streaming ...
2026-09-19 11:45:24,190 INFO:   Input workers have begun streaming input data
2026-09-19 11:45:24,308 INFO:   Appliance staging is complete
2026-09-19 11:45:24,308 INFO:   Beginning appliance run
2026-09-19 11:45:32,727 INFO:   | Train Device=CSX, Step=810, Loss=0.46267, Rate=3535.73 samples/sec, GlobalRate=878.88 samples/sec, LoopTimeRemaining=0:00:34, TimeRemaining=0:13:35
2026-09-19 11:45:54,099 INFO:   | Train Device=CSX, Step=820, Loss=0.52824, Rate=1825.52 samples/sec, GlobalRate=1205.12 samples/sec, LoopTimeRemaining=0:00:23, TimeRemaining=0:13:33
2026-09-19 11:46:13,982 INFO:   | Train Device=CSX, Step=830, Loss=0.48050, Rate=3322.63 samples/sec, GlobalRate=1398.58 samples/sec, LoopTimeRemaining=0:00:12, TimeRemaining=0:13:22
2026-09-19 11:46:41,995 INFO:   | Train Device=CSX, Step=840, Loss=0.52769, Rate=3255.49 samples/sec, GlobalRate=1413.96 samples/sec, LoopTimeRemaining=0:00:00, TimeRemaining=0:13:10
2026-09-19 11:46:42,084 INFO:   Training completed successfully!
2026-09-19 11:46:42,106 INFO:   Ordinal 0: Initializing GNNDataProcessor for dataset 'ogbn-products' (split=valid, mode=neighbor).
$REPO_ROOT/.venv/lib/python3.11/site-packages/ogb/nodeproppred/dataset_pyg.py:69: FutureWarning: You are using `torch.load` with `weights_only=False` (the current default value), which uses the default pickle module implicitly. It is possible to construct malicious pickle data which will execute arbitrary code during unpickling (See https://github.com/pytorch/pytorch/blob/main/SECURITY.md#untrusted-models for more details). In a future release, the default value for `weights_only` will be flipped to `True`. This limits the functions that could be executed during unpickling. Arbitrary objects will no longer be allowed to be loaded via this mode unless they are explicitly allowlisted by the user via `torch.serialization.add_safe_globals`. We recommend you start setting `weights_only=True` for any use case where you don't have full control of the loaded file. Please open an issue on GitHub for any issues related to this experimental feature.
  self.data, self.slices = torch.load(self.processed_paths[0])
2026-09-19 11:47:12,237 INFO:   ---------------------------------------------------------------------------
2026-09-19 11:47:12,237 INFO:   Starting val_dataloader_2 loop 21 of 25, with 10 steps
2026-09-19 11:47:12,237 INFO:   ---------------------------------------------------------------------------
2026-09-19 11:47:14,348 INFO:   Compiling the model. This may take a few minutes.
2026-09-19 11:47:14,349 INFO:   Found existing cached compile.
2026-09-19 11:47:14,349 INFO:   Compile was successful!
2026-09-19 11:47:14,350 INFO:   Programming Cerebras Wafer Scale Cluster for execution. This may take a few minutes.
2026-09-19 11:47:14,350 INFO:   Preparing to execute using 1 CSX
2026-09-19 11:47:24,084 INFO:   About to send initial weights
2026-09-19 11:47:24,095 INFO:   Finished sending initial weights
2026-09-19 11:47:24,095 INFO:   Finalizing appliance staging for the run
2026-09-19 11:47:25,492 INFO:   Waiting for device programming to complete
2026-09-19 11:47:47,254 INFO:   Device programming is complete
2026-09-19 11:47:47,551 INFO:   Using network type: ROCE
2026-09-19 11:47:47,551 INFO:   Waiting for input workers to prime the data pipeline and begin streaming ...
2026-09-19 11:47:47,559 INFO:   Input workers have begun streaming input data
2026-09-19 11:47:47,632 INFO:   Appliance staging is complete
2026-09-19 11:47:47,633 INFO:   Beginning appliance run
2026-09-19 11:47:54,523 INFO:   | Eval Device=CSX, GlobalStep=840, Batch=10, Loss=0.45536, Rate=3715.44 samples/sec, GlobalRate=968.65 samples/sec, LoopTimeRemaining=0:00:00, TimeRemaining=0:10:48
2026-09-19 11:47:54,563 INFO:   Avg Eval Loss: 0.4553614020347595
2026-09-19 11:47:54,565 INFO:   Evaluation metrics:
2026-09-19 11:47:54,565 INFO:     - eval/masked_accuracy = 0.8895048499107361
2026-09-19 11:47:54,565 INFO:   Evaluation completed successfully!
2026-09-19 11:47:54,570 INFO:   ---------------------------------------------------------------------------
2026-09-19 11:47:54,570 INFO:   Starting train loop 22 of 25, from global step 841 to 880 (40 steps)
2026-09-19 11:47:54,570 INFO:   ---------------------------------------------------------------------------
2026-09-19 11:48:03,423 INFO:   Compiling the model. This may take a few minutes.
2026-09-19 11:48:03,424 INFO:   Found existing cached compile.
2026-09-19 11:48:03,424 INFO:   Compile was successful!
2026-09-19 11:48:03,425 INFO:   Programming Cerebras Wafer Scale Cluster for execution. This may take a few minutes.
2026-09-19 11:48:03,425 INFO:   Preparing to execute using 1 CSX
2026-09-19 11:48:21,652 INFO:   About to send initial weights
2026-09-19 11:48:21,693 INFO:   Finished sending initial weights
2026-09-19 11:48:21,693 INFO:   Finalizing appliance staging for the run
2026-09-19 11:48:21,819 INFO:   Waiting for device programming to complete
2026-09-19 11:48:39,064 INFO:   Device programming is complete
2026-09-19 11:48:39,380 INFO:   Using network type: ROCE
2026-09-19 11:48:39,381 INFO:   Waiting for input workers to prime the data pipeline and begin streaming ...
2026-09-19 11:48:39,389 INFO:   Input workers have begun streaming input data
2026-09-19 11:48:39,483 INFO:   Appliance staging is complete
2026-09-19 11:48:39,483 INFO:   Beginning appliance run
2026-09-19 11:48:47,824 INFO:   | Train Device=CSX, Step=850, Loss=0.45973, Rate=3524.22 samples/sec, GlobalRate=881.24 samples/sec, LoopTimeRemaining=0:00:33, TimeRemaining=0:09:40
2026-09-19 11:49:09,254 INFO:   | Train Device=CSX, Step=860, Loss=0.49963, Rate=1766.67 samples/sec, GlobalRate=1206.29 samples/sec, LoopTimeRemaining=0:00:24, TimeRemaining=0:09:40
2026-09-19 11:49:29,666 INFO:   | Train Device=CSX, Step=870, Loss=0.47504, Rate=3236.75 samples/sec, GlobalRate=1391.27 samples/sec, LoopTimeRemaining=0:00:12, TimeRemaining=0:09:31
2026-09-19 11:49:53,212 INFO:   | Train Device=CSX, Step=880, Loss=0.47894, Rate=1952.55 samples/sec, GlobalRate=1464.58 samples/sec, LoopTimeRemaining=0:00:00, TimeRemaining=0:09:18
2026-09-19 11:49:53,303 INFO:   Training completed successfully!
2026-09-19 11:49:53,329 INFO:   Ordinal 0: Initializing GNNDataProcessor for dataset 'ogbn-products' (split=valid, mode=neighbor).
$REPO_ROOT/.venv/lib/python3.11/site-packages/ogb/nodeproppred/dataset_pyg.py:69: FutureWarning: You are using `torch.load` with `weights_only=False` (the current default value), which uses the default pickle module implicitly. It is possible to construct malicious pickle data which will execute arbitrary code during unpickling (See https://github.com/pytorch/pytorch/blob/main/SECURITY.md#untrusted-models for more details). In a future release, the default value for `weights_only` will be flipped to `True`. This limits the functions that could be executed during unpickling. Arbitrary objects will no longer be allowed to be loaded via this mode unless they are explicitly allowlisted by the user via `torch.serialization.add_safe_globals`. We recommend you start setting `weights_only=True` for any use case where you don't have full control of the loaded file. Please open an issue on GitHub for any issues related to this experimental feature.
  self.data, self.slices = torch.load(self.processed_paths[0])
2026-09-19 11:50:23,525 INFO:   ---------------------------------------------------------------------------
2026-09-19 11:50:23,525 INFO:   Starting val_dataloader_2 loop 22 of 25, with 10 steps
2026-09-19 11:50:23,525 INFO:   ---------------------------------------------------------------------------
2026-09-19 11:50:25,727 INFO:   Compiling the model. This may take a few minutes.
2026-09-19 11:50:25,727 INFO:   Found existing cached compile.
2026-09-19 11:50:25,727 INFO:   Compile was successful!
2026-09-19 11:50:25,729 INFO:   Programming Cerebras Wafer Scale Cluster for execution. This may take a few minutes.
2026-09-19 11:50:25,729 INFO:   Preparing to execute using 1 CSX
2026-09-19 11:50:35,261 INFO:   About to send initial weights
2026-09-19 11:50:35,272 INFO:   Finished sending initial weights
2026-09-19 11:50:35,272 INFO:   Finalizing appliance staging for the run
2026-09-19 11:50:36,647 INFO:   Waiting for device programming to complete
2026-09-19 11:50:58,546 INFO:   Device programming is complete
2026-09-19 11:50:58,821 INFO:   Using network type: ROCE
2026-09-19 11:50:58,822 INFO:   Waiting for input workers to prime the data pipeline and begin streaming ...
2026-09-19 11:50:58,831 INFO:   Input workers have begun streaming input data
2026-09-19 11:50:58,916 INFO:   Appliance staging is complete
2026-09-19 11:50:58,916 INFO:   Beginning appliance run
2026-09-19 11:51:05,673 INFO:   | Eval Device=CSX, GlobalStep=880, Batch=10, Loss=0.44580, Rate=3639.54 samples/sec, GlobalRate=971.82 samples/sec, LoopTimeRemaining=0:00:00, TimeRemaining=0:08:20
2026-09-19 11:51:05,715 INFO:   Avg Eval Loss: 0.44579553306102754
2026-09-19 11:51:05,717 INFO:   Evaluation metrics:
2026-09-19 11:51:05,717 INFO:     - eval/masked_accuracy = 0.8913612961769104
2026-09-19 11:51:05,717 INFO:   Evaluation completed successfully!
2026-09-19 11:51:05,722 INFO:   ---------------------------------------------------------------------------
2026-09-19 11:51:05,722 INFO:   Starting train loop 23 of 25, from global step 881 to 920 (40 steps)
2026-09-19 11:51:05,722 INFO:   ---------------------------------------------------------------------------
2026-09-19 11:51:14,556 INFO:   Compiling the model. This may take a few minutes.
2026-09-19 11:51:14,556 INFO:   Found existing cached compile.
2026-09-19 11:51:14,556 INFO:   Compile was successful!
2026-09-19 11:51:14,558 INFO:   Programming Cerebras Wafer Scale Cluster for execution. This may take a few minutes.
2026-09-19 11:51:14,558 INFO:   Preparing to execute using 1 CSX
2026-09-19 11:51:32,940 INFO:   About to send initial weights
2026-09-19 11:51:32,982 INFO:   Finished sending initial weights
2026-09-19 11:51:32,982 INFO:   Finalizing appliance staging for the run
2026-09-19 11:51:33,098 INFO:   Waiting for device programming to complete
2026-09-19 11:51:50,341 INFO:   Device programming is complete
2026-09-19 11:51:50,643 INFO:   Using network type: ROCE
2026-09-19 11:51:50,644 INFO:   Waiting for input workers to prime the data pipeline and begin streaming ...
2026-09-19 11:51:50,653 INFO:   Input workers have begun streaming input data
2026-09-19 11:51:50,752 INFO:   Appliance staging is complete
2026-09-19 11:51:50,752 INFO:   Beginning appliance run
2026-09-19 11:51:59,283 INFO:   | Train Device=CSX, Step=890, Loss=0.44165, Rate=3599.72 samples/sec, GlobalRate=875.76 samples/sec, LoopTimeRemaining=0:00:34, TimeRemaining=0:07:14
2026-09-19 11:52:21,362 INFO:   | Train Device=CSX, Step=900, Loss=0.47667, Rate=2846.26 samples/sec, GlobalRate=1189.82 samples/sec, LoopTimeRemaining=0:00:23, TimeRemaining=0:07:06
2026-09-19 11:52:41,930 INFO:   | Train Device=CSX, Step=910, Loss=0.49759, Rate=3248.15 samples/sec, GlobalRate=1374.22 samples/sec, LoopTimeRemaining=0:00:12, TimeRemaining=0:06:55
2026-09-19 11:53:05,726 INFO:   | Train Device=CSX, Step=920, Loss=0.50278, Rate=2810.45 samples/sec, GlobalRate=1447.16 samples/sec, LoopTimeRemaining=0:00:00, TimeRemaining=0:06:48
2026-09-19 11:53:05,820 INFO:   Training completed successfully!
2026-09-19 11:53:05,841 INFO:   Ordinal 0: Initializing GNNDataProcessor for dataset 'ogbn-products' (split=valid, mode=neighbor).
$REPO_ROOT/.venv/lib/python3.11/site-packages/ogb/nodeproppred/dataset_pyg.py:69: FutureWarning: You are using `torch.load` with `weights_only=False` (the current default value), which uses the default pickle module implicitly. It is possible to construct malicious pickle data which will execute arbitrary code during unpickling (See https://github.com/pytorch/pytorch/blob/main/SECURITY.md#untrusted-models for more details). In a future release, the default value for `weights_only` will be flipped to `True`. This limits the functions that could be executed during unpickling. Arbitrary objects will no longer be allowed to be loaded via this mode unless they are explicitly allowlisted by the user via `torch.serialization.add_safe_globals`. We recommend you start setting `weights_only=True` for any use case where you don't have full control of the loaded file. Please open an issue on GitHub for any issues related to this experimental feature.
  self.data, self.slices = torch.load(self.processed_paths[0])
2026-09-19 11:53:36,004 INFO:   ---------------------------------------------------------------------------
2026-09-19 11:53:36,005 INFO:   Starting val_dataloader_2 loop 23 of 25, with 10 steps
2026-09-19 11:53:36,005 INFO:   ---------------------------------------------------------------------------
2026-09-19 11:53:38,208 INFO:   Compiling the model. This may take a few minutes.
2026-09-19 11:53:38,209 INFO:   Found existing cached compile.
2026-09-19 11:53:38,209 INFO:   Compile was successful!
2026-09-19 11:53:38,216 INFO:   Programming Cerebras Wafer Scale Cluster for execution. This may take a few minutes.
2026-09-19 11:53:38,216 INFO:   Preparing to execute using 1 CSX
2026-09-19 11:53:47,513 INFO:   About to send initial weights
2026-09-19 11:53:47,524 INFO:   Finished sending initial weights
2026-09-19 11:53:47,524 INFO:   Finalizing appliance staging for the run
2026-09-19 11:53:48,911 INFO:   Waiting for device programming to complete
2026-09-19 11:54:11,051 INFO:   Device programming is complete
2026-09-19 11:54:11,370 INFO:   Using network type: ROCE
2026-09-19 11:54:11,371 INFO:   Waiting for input workers to prime the data pipeline and begin streaming ...
2026-09-19 11:54:11,382 INFO:   Input workers have begun streaming input data
2026-09-19 11:54:11,457 INFO:   Appliance staging is complete
2026-09-19 11:54:11,457 INFO:   Beginning appliance run
2026-09-19 11:54:17,814 INFO:   | Eval Device=CSX, GlobalStep=920, Batch=10, Loss=0.43215, Rate=3875.79 samples/sec, GlobalRate=979.70 samples/sec, LoopTimeRemaining=0:00:00, TimeRemaining=0:05:28
2026-09-19 11:54:17,854 INFO:   Avg Eval Loss: 0.4321469634771347
2026-09-19 11:54:17,856 INFO:   Evaluation metrics:
2026-09-19 11:54:17,856 INFO:     - eval/masked_accuracy = 0.8932176828384399
2026-09-19 11:54:17,856 INFO:   Evaluation completed successfully!
2026-09-19 11:54:17,862 INFO:   ---------------------------------------------------------------------------
2026-09-19 11:54:17,862 INFO:   Starting train loop 24 of 25, from global step 921 to 960 (40 steps)
2026-09-19 11:54:17,862 INFO:   ---------------------------------------------------------------------------
2026-09-19 11:54:26,692 INFO:   Compiling the model. This may take a few minutes.
2026-09-19 11:54:26,693 INFO:   Found existing cached compile.
2026-09-19 11:54:26,693 INFO:   Compile was successful!
2026-09-19 11:54:26,694 INFO:   Programming Cerebras Wafer Scale Cluster for execution. This may take a few minutes.
2026-09-19 11:54:26,694 INFO:   Preparing to execute using 1 CSX
2026-09-19 11:54:44,465 INFO:   About to send initial weights
2026-09-19 11:54:44,504 INFO:   Finished sending initial weights
2026-09-19 11:54:44,504 INFO:   Finalizing appliance staging for the run
2026-09-19 11:54:45,633 INFO:   Waiting for device programming to complete
2026-09-19 11:55:02,792 INFO:   Device programming is complete
2026-09-19 11:55:03,100 INFO:   Using network type: ROCE
2026-09-19 11:55:03,101 INFO:   Waiting for input workers to prime the data pipeline and begin streaming ...
2026-09-19 11:55:03,109 INFO:   Input workers have begun streaming input data
2026-09-19 11:55:03,271 INFO:   Appliance staging is complete
2026-09-19 11:55:03,271 INFO:   Beginning appliance run
2026-09-19 11:55:11,057 INFO:   | Train Device=CSX, Step=930, Loss=0.50568, Rate=3839.92 samples/sec, GlobalRate=882.34 samples/sec, LoopTimeRemaining=0:00:32, TimeRemaining=0:04:19
2026-09-19 11:55:39,327 INFO:   | Train Device=CSX, Step=940, Loss=0.49489, Rate=1813.56 samples/sec, GlobalRate=1096.77 samples/sec, LoopTimeRemaining=0:00:22, TimeRemaining=0:04:10
2026-09-19 11:55:59,220 INFO:   | Train Device=CSX, Step=950, Loss=0.50581, Rate=3327.66 samples/sec, GlobalRate=1299.15 samples/sec, LoopTimeRemaining=0:00:11, TimeRemaining=0:04:02
2026-09-19 11:56:23,532 INFO:   | Train Device=CSX, Step=960, Loss=0.47211, Rate=1832.78 samples/sec, GlobalRate=1378.00 samples/sec, LoopTimeRemaining=0:00:00, TimeRemaining=0:03:51
2026-09-19 11:56:23,621 INFO:   Training completed successfully!
2026-09-19 11:56:23,644 INFO:   Ordinal 0: Initializing GNNDataProcessor for dataset 'ogbn-products' (split=valid, mode=neighbor).
$REPO_ROOT/.venv/lib/python3.11/site-packages/ogb/nodeproppred/dataset_pyg.py:69: FutureWarning: You are using `torch.load` with `weights_only=False` (the current default value), which uses the default pickle module implicitly. It is possible to construct malicious pickle data which will execute arbitrary code during unpickling (See https://github.com/pytorch/pytorch/blob/main/SECURITY.md#untrusted-models for more details). In a future release, the default value for `weights_only` will be flipped to `True`. This limits the functions that could be executed during unpickling. Arbitrary objects will no longer be allowed to be loaded via this mode unless they are explicitly allowlisted by the user via `torch.serialization.add_safe_globals`. We recommend you start setting `weights_only=True` for any use case where you don't have full control of the loaded file. Please open an issue on GitHub for any issues related to this experimental feature.
  self.data, self.slices = torch.load(self.processed_paths[0])
2026-09-19 11:56:53,810 INFO:   ---------------------------------------------------------------------------
2026-09-19 11:56:53,810 INFO:   Starting val_dataloader_2 loop 24 of 25, with 10 steps
2026-09-19 11:56:53,810 INFO:   ---------------------------------------------------------------------------
2026-09-19 11:56:55,861 INFO:   Compiling the model. This may take a few minutes.
2026-09-19 11:56:55,861 INFO:   Found existing cached compile.
2026-09-19 11:56:55,861 INFO:   Compile was successful!
2026-09-19 11:56:55,863 INFO:   Programming Cerebras Wafer Scale Cluster for execution. This may take a few minutes.
2026-09-19 11:56:55,863 INFO:   Preparing to execute using 1 CSX
2026-09-19 11:57:13,041 INFO:   About to send initial weights
2026-09-19 11:57:13,053 INFO:   Finished sending initial weights
2026-09-19 11:57:13,053 INFO:   Finalizing appliance staging for the run
2026-09-19 11:57:14,412 INFO:   Waiting for device programming to complete
2026-09-19 11:57:28,731 INFO:   Device programming is complete
2026-09-19 11:57:29,014 INFO:   Using network type: ROCE
2026-09-19 11:57:29,015 INFO:   Waiting for input workers to prime the data pipeline and begin streaming ...
2026-09-19 11:57:29,022 INFO:   Input workers have begun streaming input data
2026-09-19 11:57:29,142 INFO:   Appliance staging is complete
2026-09-19 11:57:29,142 INFO:   Beginning appliance run
2026-09-19 11:57:43,403 INFO:   | Eval Device=CSX, GlobalStep=960, Batch=10, Loss=0.43458, Rate=2884.24 samples/sec, GlobalRate=825.94 samples/sec, LoopTimeRemaining=0:00:00, TimeRemaining=0:02:56
2026-09-19 11:57:43,440 INFO:   Avg Eval Loss: 0.4345767378807068
2026-09-19 11:57:43,442 INFO:   Evaluation metrics:
2026-09-19 11:57:43,442 INFO:     - eval/masked_accuracy = 0.8931668400764465
2026-09-19 11:57:43,442 INFO:   Evaluation completed successfully!
2026-09-19 11:57:43,448 INFO:   ---------------------------------------------------------------------------
2026-09-19 11:57:43,448 INFO:   Starting train loop 25 of 25, from global step 961 to 1000 (40 steps)
2026-09-19 11:57:43,448 INFO:   ---------------------------------------------------------------------------
2026-09-19 11:57:52,327 INFO:   Compiling the model. This may take a few minutes.
2026-09-19 11:57:52,328 INFO:   Found existing cached compile.
2026-09-19 11:57:52,328 INFO:   Compile was successful!
2026-09-19 11:57:52,329 INFO:   Programming Cerebras Wafer Scale Cluster for execution. This may take a few minutes.
2026-09-19 11:57:52,329 INFO:   Preparing to execute using 1 CSX
2026-09-19 11:58:10,156 INFO:   About to send initial weights
2026-09-19 11:58:10,204 INFO:   Finished sending initial weights
2026-09-19 11:58:10,204 INFO:   Finalizing appliance staging for the run
2026-09-19 11:58:11,320 INFO:   Waiting for device programming to complete
2026-09-19 11:58:27,924 INFO:   Device programming is complete
2026-09-19 11:58:28,256 INFO:   Using network type: ROCE
2026-09-19 11:58:28,257 INFO:   Waiting for input workers to prime the data pipeline and begin streaming ...
2026-09-19 11:58:28,266 INFO:   Input workers have begun streaming input data
2026-09-19 11:58:28,352 INFO:   Appliance staging is complete
2026-09-19 11:58:28,352 INFO:   Beginning appliance run
2026-09-19 11:58:36,571 INFO:   | Train Device=CSX, Step=970, Loss=0.47018, Rate=3525.02 samples/sec, GlobalRate=884.01 samples/sec, LoopTimeRemaining=0:00:33, TimeRemaining=0:01:57
2026-09-19 11:58:53,459 INFO:   | Train Device=CSX, Step=980, Loss=0.04939, Rate=3702.86 samples/sec, GlobalRate=1295.76 samples/sec, LoopTimeRemaining=0:00:23, TimeRemaining=0:01:47
2026-09-19 11:59:21,907 INFO:   | Train Device=CSX, Step=990, Loss=0.44912, Rate=2854.10 samples/sec, GlobalRate=1340.46 samples/sec, LoopTimeRemaining=0:00:11, TimeRemaining=0:01:35
2026-09-19 11:59:41,630 INFO:   | Train Device=CSX, Step=1000, Loss=0.49032, Rate=3455.86 samples/sec, GlobalRate=1470.82 samples/sec, LoopTimeRemaining=0:00:00, TimeRemaining=0:01:24
2026-09-19 11:59:41,718 INFO:   Training completed successfully!
2026-09-19 11:59:41,745 INFO:   Ordinal 0: Initializing GNNDataProcessor for dataset 'ogbn-products' (split=valid, mode=neighbor).
$REPO_ROOT/.venv/lib/python3.11/site-packages/ogb/nodeproppred/dataset_pyg.py:69: FutureWarning: You are using `torch.load` with `weights_only=False` (the current default value), which uses the default pickle module implicitly. It is possible to construct malicious pickle data which will execute arbitrary code during unpickling (See https://github.com/pytorch/pytorch/blob/main/SECURITY.md#untrusted-models for more details). In a future release, the default value for `weights_only` will be flipped to `True`. This limits the functions that could be executed during unpickling. Arbitrary objects will no longer be allowed to be loaded via this mode unless they are explicitly allowlisted by the user via `torch.serialization.add_safe_globals`. We recommend you start setting `weights_only=True` for any use case where you don't have full control of the loaded file. Please open an issue on GitHub for any issues related to this experimental feature.
  self.data, self.slices = torch.load(self.processed_paths[0])
2026-09-19 12:00:11,595 INFO:   ---------------------------------------------------------------------------
2026-09-19 12:00:11,595 INFO:   Starting val_dataloader_2 loop 25 of 25, with 10 steps
2026-09-19 12:00:11,595 INFO:   ---------------------------------------------------------------------------
2026-09-19 12:00:13,882 INFO:   Compiling the model. This may take a few minutes.
2026-09-19 12:00:13,883 INFO:   Found existing cached compile.
2026-09-19 12:00:13,883 INFO:   Compile was successful!
2026-09-19 12:00:13,884 INFO:   Programming Cerebras Wafer Scale Cluster for execution. This may take a few minutes.
2026-09-19 12:00:13,884 INFO:   Preparing to execute using 1 CSX
2026-09-19 12:00:40,675 INFO:   About to send initial weights
2026-09-19 12:00:40,688 INFO:   Finished sending initial weights
2026-09-19 12:00:40,689 INFO:   Finalizing appliance staging for the run
2026-09-19 12:00:42,617 INFO:   Waiting for device programming to complete
2026-09-19 12:00:46,681 INFO:   Device programming is complete
2026-09-19 12:00:46,986 INFO:   Using network type: ROCE
2026-09-19 12:00:46,987 INFO:   Waiting for input workers to prime the data pipeline and begin streaming ...
2026-09-19 12:00:51,338 INFO:   Input workers have begun streaming input data
2026-09-19 12:00:51,399 INFO:   Appliance staging is complete
2026-09-19 12:00:51,399 INFO:   Beginning appliance run
2026-09-19 12:01:10,833 INFO:   | Eval Device=CSX, GlobalStep=1000, Batch=10, Loss=0.43212, Rate=2733.43 samples/sec, GlobalRate=691.45 samples/sec, LoopTimeRemaining=0:00:00, TimeRemaining=0:00:01
2026-09-19 12:01:10,874 INFO:   Avg Eval Loss: 0.43211646378040314
2026-09-19 12:01:10,877 INFO:   Evaluation metrics:
2026-09-19 12:01:10,877 INFO:     - eval/masked_accuracy = 0.8936246037483215
2026-09-19 12:01:10,877 INFO:   Evaluation completed successfully!
2026-09-19 12:01:10,882 INFO:   Processed 4096000 training sample(s) in 6307.489564558 seconds.
